index,source,target
0,Nothing Equipped,
1,Leather Belt,
2,Skin Light Belt,
3,Chainmail Belt,
4,Iron Belt,
5,Hunter's Faulds,
6,Hunter's Coat,
7,Bone Faulds,
8,Bone Coat,
9,Veloci Faulds,
10,Veloci Coat,
11,Battle Faulds,
12,Battle Coat,
13,Hide Belt,
14,Vespoid Faulds,
15,Vespoid Coat,
16,Hornetaur Faulds,
17,Hornetaur Coat,
18,High Metal Faulds,
19,High Metal Coat,
20,Gen Faulds,
21,Gen Coat,
22,Chrome Metal Coil,
23,Kut-Ku Faulds,
24,Kut-Ku Coat,
25,Io Faulds,
26,Io Coat,
27,Gypceros Faulds,
28,Gypceros Coat,
29,Cepha Faulds,
30,Cepha Coat,
31,Steel Belt,
32,Rathian Faulds,
33,Rathian Coat,
34,Khezu Faulds,
35,Khezu Coat,
36,Rathalos Faulds,
37,Rathalos Coat,
38,Basarios Faulds,
39,Basarios Coat,
40,Diablos Coil,
41,Diablos Coat,
42,Monoblos Coil,
43,Monoblos Coat,
44,Gravios Faulds,
45,Gravios Coat,
46,Black Belt Faulds,
47,Mosswine Hip,
48,Melahoa Folia,
49,Bistro Apron,
50,忍の Obi・陽,Shinobi's Obi Yang
51,忍の Obi・陰,Shinobi Obi Yin
52,Guardian Coil,
53,Guardian Coat,
54,Helper Skirt,
55,Healer Frill,
56,Garuga Faulds,
57,Garuga Coat,
58,暁丸 [Waist て】,Dawn [Waist]
59,曙丸 [Waist て】,Daybreak [Waist]
60,凛 [Waist て】,Dignified [Waist]
61,艶 [Waist て】,Luster [Waist]
62,Crimson 凛【腰当て】,Crimson Rin [Waist]
63,Crimson 艶【腰当て】,Crimson Luster [Waist]
64,Dragon Wing,
65,Dragon テイル,Dragon Tail
66,Leather U Belt,
67,Chainmail U Belt,
68,Hunter's U Faulds,
69,Hunter's U Coat,
70,Bone U Faulds,
71,Bone U Coat,
72,Gia Faulds,
73,Gia Coat,
74,Battle U Faulds,
75,Battle U Coat,
76,Vespoid U Faulds,
77,Vespoid U Coat,
78,Hornetaur U Faulds,
79,Hornetaur U Coat,
80,High Metal U Faulds,
81,High Metal U Coat,
82,Gen U Faulds,
83,Gen U Coat,
84,Kut-Ku U Faulds,
85,Kut-Ku U Coat,
86,Io U Faulds,
87,Io U Coat,
88,Gypceros U Faulds,
89,Gypceros U Coat,
90,Cepha U Faulds,
91,Cepha U Coat,
92,Steel U Belt,
93,Rath Heart Faulds,
94,Rath Heart Coat,
95,Khezu U Faulds,
96,Khezu U Coat,
97,Rath Soul Faulds,
98,Rath Soul Coat,
99,Basarios U Faulds,
100,Basarios U Coat,
101,Diablos U Coil,
102,Diablos U Coat,
103,Monodevil Coil,
104,Monodevil Coat,
105,Gravios U Faulds,
106,Gravios U Coat,
107,忍の Obi・空,Shinobi Obi Sky
108,忍の Obi・海,Shinobi Waist Sea
109,Guardian U Coil,
110,Guardian U Coat,
111,Helper U Skirt,
112,Healer U Frill,
113,暁丸・皇 [Waist て】,Dawn Emperor [Waist]
114,曙丸・皇 [Waist て】,Dawn Emperor [Waist]
115,凛・皇 [Waist て】,Grace Emperor [Waist]
116,艶・皇 [Waist て】,Lustrous Emperor [Waist]
117,ミラ Vulcan Wing,Mira Vulcan Wing
118,ミラ Vulcan テイル,Mira Vulcan Tail
119,ゴールド Lune Coil,Gold Lune Coil
120,ゴールド Lune Coat,Gold Lune Coat
121,Silver Sol Coil,
122,Silver Sol Coat,
123,Leather S Belt,
124,C・ライトS Belt,C Light S Belt
125,Hunter's S Faulds,
126,Hunter's S Coat,
127,Bone S Faulds,
128,Bone S Coat,
129,Veloci S Faulds,
130,Veloci S Coat,
131,Battle S Faulds,
132,Battle S Coat,
133,Vespoid S Faulds,
134,Vespoid S Coat,
135,Hornetaur S Faulds,
136,Hornetaur S Coat,
137,High Metal S Faulds,
138,High Metal S Coat,
139,Gen S Faulds,
140,Gen S Coat,
141,Kut-Ku S Faulds,
142,Kut-Ku S Coat,
143,Io S Faulds,
144,Io S Coat,
145,Gypceros S Faulds,
146,Gypceros S Coat,
147,Cepha S Faulds,
148,Cepha S Coat,
149,Steel S Belt,
150,Rathian S Faulds,
151,Rathian S Coat,
152,Khezu S Faulds,
153,Khezu S Coat,
154,Rathalos S Faulds,
155,Rathalos S Coat,
156,Basarios S Faulds,
157,Basarios S Coat,
158,Diablos S Coil,
159,Diablos S Coat,
160,Monoblos S Coil,
161,Monoblos S Coat,
162,Gravios S Faulds,
163,Gravios S Coat,
164,忍の Obi・Heaven,Shinobi Waist Heaven
165,忍の Obi・Earth,Shinobi Waist Earth
166,Guild Guard Coil Crimson,
167,Guild Guard Coat Crimson,
168,Guild Guard Coil Crimson,
169,Guild Guard Coat Crimson,
170,暁丸・覇 [Waist て】,Akatsuki Supremacy [Waist]
171,曙丸・覇 [Waist て】,Dawn Conqueror [Waist]
172,凛・覇 [Waist て】,Grace Supremacy [Waist]
173,艶・覇 [Waist て】,Lustrous Champion [Waist]
174,Dragon S Wing,
175,Dragon Sテイル,Dragon S Tail
176,Hermitaur Faulds,
177,Hermitaur Coat,
178,Hermitaur U Faulds,
179,Hermitaur U Coat,
180,Hermitaur S Faulds,
181,Hermitaur S Coat,
182,Conga Faulds,
183,Conga Coat,
184,Conga U Faulds,
185,Conga U Coat,
186,Conga S Faulds,
187,Conga S Coat,
188,Blango Faulds,
189,Blango Coat,
190,Blango U Faulds,
191,Blango U Coat,
192,Blango S Faulds,
193,Blango S Coat,
194,Ceanataur Faulds,
195,Ceanataur Coat,
196,Ceanataur U Faulds,
197,Ceanataur U Coat,
198,Ceanataur S Faulds,
199,Ceanataur S Coat,
200,Kirin フープ,Kirin Hoop
201,Kirin ショルト,Kirin Shoulders
202,Kirin Sフープ,Kirin S Hoop
203,Kirin Sショルト,Kirin S Shoulders
204,Kushala アンダ,Kushala Anda
205,Kushala アドミ,Kushala Adomi
206,Mizuha 【丸 Obi 】,Mizuha [Waist]
207,Toyotama 【丸 Obi 】,Toyotama [Maru Obi]
208,Empress Faulds,
209,Empress Coat,
210,Gold 剛【腰当て】,Gold Mighty[Waist]
211,不動 [Waist て】,Immovable [Waist Guard]
212,Kaiser Faulds,
213,Kaiser Coat,
214,夜叉 [Cloth 】,Demon [Cloth]
215,修羅 [Cloth 】,Shura [Cloth]
216,Golden Obi,
217,Puppeteer ノ Obi,Puppeteer's Waist
218,White Fatalis Wing,
219,White Fatalis テイル,White Fatalis Tail
220,Plesioth S Faulds,
221,Plesioth S Coat,
222,Black Belt S Faulds,
223,Remobra ーツ Belt,Remobra Parts Belt
224,Guild Knight Coil,
225,Guild Knight Skirt,
226,Maid Skirt,
227,Private Frill,
228,Guild Guard Coil Green,
229,Guild Guard Coat Green,
230,Guild Guard Coil Green,
231,Guild Guard Coat Green,
232,K・ロブスタ Coil,K Robusta Coil
233,K・ロブスタ Coat,K Robusta Coat
234,F Waist 00,
235,F Waist 01,
236,マスター Belt,Master Belt
237,Hypnoc Faulds,
238,Hypnoc Coat,
239,Hypnoc U Faulds,
240,Hypnoc U Coat,
241,Lavasioth Faulds,
242,Lavasioth Coat,
243,Lavasioth S Faulds,
244,Lavasioth S Coat,
245,Gia U Faulds,
246,Gia U Coat,
247,White Cat テイル,White Cat Tail
248,Black Cat テイル,Black Cat Tail
249,Gold Cat テイル,Gold Cat Tail
250,Gothic Faulds,
251,Gothic F Faulds,
252,Beil Reflector,
253,Comrade Belt 【猩】,Comrade Belt [Red]
254,Jisutoreru Waist,
255,Duo Faulds,
256,Smart Waist,
257,Red Cat Fテイル,Red Cat F Tail
258,Boot Up Waist,
259,Yuenesu Waist,
260,Missing No.,
261,Missing No.,
262,Aerial Waist,
263,ジスト Waist,Jist Waist
264,Missing No.,
265,Extra Waist,
266,ウナペルト Waist,Unaperto Waist
267,Kyuura Waist,
268,Missing No.,
269,Missing No.,
270,Rough Cat テイル,Rough Cat Tail
271,Tigrex Faulds,
272,Tigrex Coat,
273,Tigrex S Faulds,
274,Tigrex S Coat,
275,Butterfly Elytra,
276,Butterfly コクサ,Butterfly Waist
277,Butterfly S Elytra,
278,Butterfly Sコクサ,Butterfly S Waist
279,Akantor イッケク,Akantor Great Sword
280,Akantor イッケタリ,Akantor Ikketari
281,ウナペルトF Waist,UnapertoF Waist
282,Melahoa U Folia,
283,Makluva Coil,
284,Makluva U Coil,
285,Bistro U Apron,
286,King Beetle Elytra,
287,King Beetle コクサ,King Beetle Coxa
288,King Beetle S Elytra,
289,King Beetle Sコクサ,King Beetle S Coxa
290,Death Stench Navel,
291,Death Stench Belly,
292,Death Stench S Navel,
293,Death Stench S Belly,
294,Mafumofu Coat,
295,Mafumofu S Coat,
296,Kushala Fアンダ,Kushala F Anda
297,Kushala Fアドミ,Kushala F Admi
298,Kaiser F Faulds,
299,Kaiser F Coat,
300,Mizuha 魁【丸 Obi 】,Mizuha Vanguard[Obi]
301,Toyotama 魁【丸 Obi 】,Toyotama Pioneer [Round Waist]
302,Gold 剛・魁【腰当て】,Gold Mighty Vanguard [Waistguard]
303,不動・魁 [Waist て】,Immovable Vanguard [Waist Guard]
304,夜叉・魁 [Cloth 】,Demon Chief [Cloth]
305,修羅・魁 [Cloth 】,Shura Kai [Cloth]
306,Empress F Coil,
307,Empress F Coat,
308,Golden ノ Obi・魁,Golden Obi Vanguard
309,Puppeteer ノ Obi・魁,Puppeteer's Waist Vanguard
310,Garuga F Faulds,
311,Garuga F Coat,
312,Kushala Fアンダ,Kushala F Anda
313,Kushala Fアドミ,Kushala F Admi
314,Kaiser F Faulds,
315,Kaiser F Coat,
316,Mizuha 魁【丸 Obi 】,Mizuha Vanguard[Obi]
317,Toyotama 魁【丸 Obi 】,Toyotama Pioneer [Round Waist]
318,Gold 剛・魁【腰当て】,Gold Mighty Vanguard [Waistguard]
319,不動・魁 [Waist て】,Immovable Vanguard [Waist Guard]
320,夜叉・魁 [Cloth 】,Demon Chief [Cloth]
321,修羅・魁 [Cloth 】,Shura Kai [Cloth]
322,Empress F Coil,
323,Empress F Coat,
324,Golden ノ Obi・魁,Golden Obi Vanguard
325,Puppeteer ノ Obi・魁,Puppeteer's Waist Vanguard
326,Garuga F Faulds,
327,Garuga F Coat,
328,Lavasioth U Faulds,
329,Lavasioth U Coat,
330,White Metal Coat,
331,Celeste Faulds,
332,Ciel Reflector,
333,Comrada Belt 【 Red 】,
334,Comrada Belt 【 Blue 】,
335,Comrada Belt 【 Green 】,
336,Comrada Belt 【 Orange 】,
337,ダミー,Dummy
338,ダミー,Dummy
339,Espinas Navel,
340,Espinas Belly,
341,Espinas F Navel,
342,Espinas F Belly,
343,Azul Faulds,
344,Azul Coat,
345,Amezari Faulds,
346,Amezari Coat,
347,Promise Coat 【 White 】,
348,Promise Coat 【 Blue 】,
349,Promise Coat 【 Purple 】,
350,Promise Coat 【 Yellow 】,
351,Bliss Coat 【 White 】,
352,Bliss Coat 【 Blue 】,
353,Bliss Coat 【 Purple 】,
354,Bliss Coat 【 Yellow 】,
355,Bliss F Coat 【 White 】,
356,Bliss F Coat 【 Blue 】,
357,Bliss F Coat 【 Purple 】,
358,Bliss F Coat 【 Yellow 】,
359,Lodge Wear Waist,
360,Battle Coat SP Blue,
361,Battle Coat SP Yellow,
362,Battle Coat SP Purple,
363,Rathian Coil SP Blue,
364,Rathian Coil SP Red,
365,Rathian Coil SP Black,
366,Khezu Coil SP Blue,
367,Khezu Coil SP Green,
368,Khezu Coil SP Black,
369,Espinas Coil SP Red,
370,Espinas Coil SP Blue,
371,Espinas Coil SP Yellow,
372,Espinas Coat SP Red,
373,Espinas Coat SP Blue,
374,Espinas Coat SP Yellow,
375,Noir Faulds,
376,Guardi Coil SP White,
377,Guardi Coil SP Black,
378,Guardi Coil SP Purple,
379,Healer Frill SP Blue,
380,Healer Frill SP White,
381,Healer Frill SP Yellow,
382,Mafumofu Coat SP Red,
383,Mafumofu Coat SP Yellow,
384,Mafumofu Coat SP Purple,
385,Basarios Coat SP Red,
386,Basarios Coat SP Black,
387,Basarios Coat SP Yellow,
388,Apkallu Faulds,
389,Apkallu Coat,
390,Gospel Faulds,
391,Gospel Coat,
392,Espinas U Navel,
393,Espinas U Belly,
394,Blango Coil SP Yellow,
395,Blango Coil SP Blue,
396,Blango Coil SP Black,
397,Golden Obi SP White,
398,Golden Obi SP Purple,
399,Golden Obi SP Green,
400,Gravios Coat SP Green,
401,Gravios Coat SP Purple,
402,Gravios Coat SP Red,
403,ダミー,Dummy
404,祭のあとに【負け犬】,After the Festival [Loser]
405,祭のあとに【負け犬】,After the Festival [Loser]
406,祭のあとに【負け犬】,After the Festival [Loser]
407,祭のあとに【負け犬】,After the Festival [Loser]
408,祭のあとに【負け犬】,After the Festival [Loser]
409,祭のあとに【負け犬】,After the Festival [Loser]
410,Vashimu Faulds,
411,Vashimu Faulds Yellow,
412,Vashimu Faulds Green,
413,Vashimu Faulds Crimson,
414,Vashimu Coat,
415,Vashimu Coat Yellow,
416,Vashimu Coat Green,
417,Vashimu Coat Crimson,
418,Vashimu F Faulds,
419,Vashimu F Faulds Yellow,
420,Vashimu F Faulds Green,
421,Vashimu F Faulds Crimson,
422,Vashimu F Coat,
423,Vashimu F Coat Yellow,
424,Vashimu F Coat Green,
425,Vashimu F Coat Crimson,
426,Eques Faulds,
427,Eques Coat,
428,Eques Faulds 改,Eques Faulds+
429,Eques Coat 改,Eques Coat+
430,Eques F Faulds,
431,Eques F Coat,
432,Star Festival Obi・Summer 【 Red 】,Star Festival Obi Summer [Red]
433,Star Festival Obi・Summer 【 Blue 】,Star Festival Obi Summer [Blue]
434,Star Festival Obi・Summer 【 Black 】,Star Festival Obi Summer [Black]
435,Star Festival Obi・Summer 【 White 】,Star Festival Obi Summer [White]
436,Tanabata Obi・Summer 【 Red 】,Tanabata Sash Summer [Red]
437,Tanabata Obi・Summer 【 Blue 】,Tanabata Sash Summer [Blue]
438,Tanabata Obi・Summer 【 Black 】,Tanabata Sash Summer [Black]
439,Tanabata Obi・Summer 【 White 】,Tanabata Obi Summer [White]
440,Star Festival Obi・織【 Red 】,Star Festival Obi Woven [Red]
441,Star Festival Obi・織【 Blue 】,Star Festival Obi Woven [Blue]
442,Star Festival Obi・織【 Black 】,Star Festival Obi Woven [Black]
443,Star Festival Obi・織【 White 】,Star Festival Obi Woven [White]
444,Tanabata Obi・織【 Red 】,Tanabata Obi Woven [Red]
445,Tanabata Obi・織【 Blue 】,Tanabata Obi Woven [Blue]
446,Tanabata Obi・織【 Black 】,Tanabata Obi Woven [Black]
447,Tanabata Obi・織【 White 】,Tanabata Obi Woven [White]
448,Star Festival Obi・Heaven 【 Red 】,Star Festival Obi Heaven [Red]
449,Star Festival Obi・Heaven 【 Blue 】,Star Festival Obi Heaven [Blue]
450,Star Festival Obi・Heaven 【 Black 】,Star Festival Obi Heaven [Black]
451,Star Festival Obi・Heaven 【 White 】,Star Festival Obi Heaven [White]
452,Tanabata Obi・Heaven 【 Red 】,Tanabata Sash Heaven [Red]
453,Tanabata Obi・Heaven 【 Blue 】,Tanabata Sash Heaven [Blue]
454,Tanabata Obi・Heaven 【 Black 】,Tanabata Sash Heaven [Black]
455,Tanabata Obi・Heaven 【 White 】,Tanabata Sash Heaven [White]
456,High Metal Coil SP Black,
457,High Metal Coil SP Blue,
458,High Metal Coil SP Yellow,
459,S・Sol Coil SP Red,S Sol Coil SP Red
460,S・Sol Coil SP Purple,S Sol Coil SP Purple
461,S・Sol Coil SP Black,S Sol Coil SP Black
462,Garuga Coat SP White,
463,Garuga Coat SP Green,
464,Garuga Coat SP Red,
465,Rookie Belt 【 White 】,
466,Rookie Belt 【 Red 】,
467,Rookie Belt 【 Green 】,
468,Hypnoc S Faulds,
469,Hypnoc S Coat,
470,祭のあとに【負け犬】,After the Festival [Loser]
471,祭のあとに【負け犬】,After the Festival [Loser]
472,祭のあとに【負け犬】,After the Festival [Loser]
473,祭のあとに【負け犬】,After the Festival [Loser]
474,祭のあとに【負け犬】,After the Festival [Loser]
475,祭のあとに【負け犬】,After the Festival [Loser]
476,祭のあとに【負け犬】,After the Festival [Loser]
477,祭のあとに【負け犬】,After the Festival [Loser]
478,祭のあとに【負け犬】,After the Festival [Loser]
479,祭のあとに【負け犬】,After the Festival [Loser]
480,祭のあとに【負け犬】,After the Festival [Loser]
481,祭のあとに【負け犬】,After the Festival [Loser]
482,祭のあとに【負け犬】,After the Festival [Loser]
483,祭のあとに【負け犬】,After the Festival [Loser]
484,祭のあとに【負け犬】,After the Festival [Loser]
485,祭のあとに【負け犬】,After the Festival [Loser]
486,祭のあとに【負け犬】,After the Festival [Loser]
487,祭のあとに【負け犬】,After the Festival [Loser]
488,祭のあとに【負け犬】,After the Festival [Loser]
489,祭のあとに【負け犬】,After the Festival [Loser]
490,祭のあとに【負け犬】,After the Festival [Loser]
491,祭のあとに【負け犬】,After the Festival [Loser]
492,祭のあとに【負け犬】,After the Festival [Loser]
493,祭のあとに【負け犬】,After the Festival [Loser]
494,Purogia Coat,
495,Oracion Coat,
496,Requiem Coat,
497,Vashimu U Faulds,
498,Vashimu U Faulds Yellow,
499,Vashimu U Faulds Green,
500,Vashimu U Faulds Crimson,
501,Vashimu U Coat,
502,Vashimu U Coat Yellow,
503,Vashimu U Coat Green,
504,Vashimu U Coat Crimson,
505,Melan Faulds,
506,Melan Coat,
507,Rouge Faulds,
508,Magisa Coil・Red,Magisa Coil Red
509,Magisa Coil・Black,Magisa Coil Black
510,Magisa Coil・Green,Magisa Coil Green
511,Magisa Coil・White,Magisa Coil White
512,Magisa Coil・Blue,Magisa Coil Blue
513,Wizard Coat・Red,Wizard Coat Red
514,Wizard Coat・Black,Wizard Coat Black
515,Wizard Coat・Green,Wizard Coat Green
516,Wizard Coat・White,Wizard Coat White
517,Wizard Coat・Blue,Wizard Coat Blue
518,Magisa F Coil・Red,Magisa F Coil Red
519,Magisa F Coil・Black,Magisa F Coil Black
520,Magisa F Coil・Green,Magisa F Coil Green
521,Magisa F Coil・White,Magisa F Coil White
522,Magisa F Coil・Blue,Magisa F Coil Blue
523,Wizard F Coat・Red,Wizard F Coat Red
524,Wizard F Coat・Black,Wizard F Coat Black
525,Wizard F Coat・Green,Wizard F Coat Green
526,Wizard F Coat・White,Wizard F Coat White
527,Wizard F Coat・Blue,Wizard F Coat Blue
528,Crowley Coil・Red,Crowley Coil Red
529,Crowley Coil・Black,Crowley Coil Black
530,Crowley Coil・Green,Crowley Coil Green
531,Crowley Coil・White,Crowley Coil White
532,Crowley Coil・Blue,Crowley Coil Blue
533,Faust Coat・Red,Faust Coat Red
534,Faust Coat・Black,Faust Coat Black
535,Faust Coat・Green,Faust Coat Green
536,Faust Coat・White,Faust Coat White
537,Faust Coat・Blue,Faust Coat Blue
538,Kushala アンダ SP Red,Kushala Anda SP Red
539,Kushala アンダ SP Yellow,Kushala Anda SP Yellow
540,Kushala アンダ SP Green,Kushala Anda SP Green
541,Kushala アドミ SP Red,Kushala Adomi SP Red
542,Kushala アドミ SP Yellow,Kushala Adomi SP Yellow
543,Kushala アドミ SP Green,Kushala Adomi SP Green
544,Kirin フープ SP Red,Kirin Hoop SP Red
545,Kirin フープ SP Purple,Kirin Hoop SP Purple
546,Kirin フープ SP Black,Kirin Hoop SP Black
547,Kirin ショルト SP Red,Kirin Shoulders SP Red
548,Kirin ショルト SP Purple,Kirin Shoulders SP Purple
549,Kirin ショルト SP Black,Kirin Shoulders SP Black
550,Strega Faulds,
551,Strega Coat,
552,Strega Faulds 改,Strega Faulds+
553,Strega Coat 改,Strega Coat+
554,Strega F Faulds,
555,Strega F Coat,
556,Khezu L Faulds,
557,Cepha L Faulds,
558,Ceanataur L Faulds,
559,Rathalos L Faulds,
560,Mafumofu L Coat,
561,Red Cat テイル,Red Cat Tail
562,Amitie Coil,
563,Amitie Coat,
564,Basarios L Coat,
565,Gypceros L Coat,
566,Guardian R Coil,
567,Healer R Frill,
568,Hunter's R Faulds,
569,Rath Heart R Coil,
570,Hermitaur R Faulds,
571,Amitie F Coil,
572,Amitie F Coat,
573,Kyuura F Waist,
574,Guardian R Elytra,
575,Healer R Skirt,
576,祭のあとに【負け犬】,After the Festival [Loser]
577,祭のあとに【負け犬】,After the Festival [Loser]
578,祭のあとに【負け犬】,After the Festival [Loser]
579,祭のあとに【負け犬】,After the Festival [Loser]
580,祭のあとに【負け犬】,After the Festival [Loser]
581,祭のあとに【負け犬】,After the Festival [Loser]
582,祭のあとに【負け犬】,After the Festival [Loser]
583,祭のあとに【負け犬】,After the Festival [Loser]
584,祭のあとに【負け犬】,After the Festival [Loser]
585,祭のあとに【負け犬】,After the Festival [Loser]
586,祭のあとに【負け犬】,After the Festival [Loser]
587,祭のあとに【負け犬】,After the Festival [Loser]
588,祭のあとに【負け犬】,After the Festival [Loser]
589,祭のあとに【負け犬】,After the Festival [Loser]
590,祭のあとに【負け犬】,After the Festival [Loser]
591,祭のあとに【負け犬】,After the Festival [Loser]
592,祭のあとに【負け犬】,After the Festival [Loser]
593,祭のあとに【負け犬】,After the Festival [Loser]
594,祭のあとに【負け犬】,After the Festival [Loser]
595,祭のあとに【負け犬】,After the Festival [Loser]
596,祭のあとに【負け犬】,After the Festival [Loser]
597,祭のあとに【負け犬】,After the Festival [Loser]
598,祭のあとに【負け犬】,After the Festival [Loser]
599,祭のあとに【負け犬】,After the Festival [Loser]
600,祭のあとに【負け犬】,After the Festival [Loser]
601,祭のあとに【負け犬】,After the Festival [Loser]
602,祭のあとに【負け犬】,After the Festival [Loser]
603,祭のあとに【負け犬】,After the Festival [Loser]
604,祭のあとに【負け犬】,After the Festival [Loser]
605,祭のあとに【負け犬】,After the Festival [Loser]
606,祭のあとに【負け犬】,After the Festival [Loser]
607,祭のあとに【負け犬】,After the Festival [Loser]
608,祭のあとに【負け犬】,After the Festival [Loser]
609,祭のあとに【負け犬】,After the Festival [Loser]
610,祭のあとに【負け犬】,After the Festival [Loser]
611,祭のあとに【負け犬】,After the Festival [Loser]
612,祭のあとに【負け犬】,After the Festival [Loser]
613,祭のあとに【負け犬】,After the Festival [Loser]
614,祭のあとに【負け犬】,After the Festival [Loser]
615,祭のあとに【負け犬】,After the Festival [Loser]
616,祭のあとに【負け犬】,After the Festival [Loser]
617,祭のあとに【負け犬】,After the Festival [Loser]
618,祭のあとに【負け犬】,After the Festival [Loser]
619,祭のあとに【負け犬】,After the Festival [Loser]
620,祭のあとに【負け犬】,After the Festival [Loser]
621,祭のあとに【負け犬】,After the Festival [Loser]
622,祭のあとに【負け犬】,After the Festival [Loser]
623,祭のあとに【負け犬】,After the Festival [Loser]
624,祭のあとに【負け犬】,After the Festival [Loser]
625,祭のあとに【負け犬】,After the Festival [Loser]
626,祭のあとに【負け犬】,After the Festival [Loser]
627,祭のあとに【負け犬】,After the Festival [Loser]
628,祭のあとに【負け犬】,After the Festival [Loser]
629,祭のあとに【負け犬】,After the Festival [Loser]
630,祭のあとに【負け犬】,After the Festival [Loser]
631,祭のあとに【負け犬】,After the Festival [Loser]
632,祭のあとに【負け犬】,After the Festival [Loser]
633,祭のあとに【負け犬】,After the Festival [Loser]
634,祭のあとに【負け犬】,After the Festival [Loser]
635,祭のあとに【負け犬】,After the Festival [Loser]
636,Quad Faulds C,
637,Quad Faulds,
638,Beru Faulds,
639,Beru Coat,
640,Beru F Faulds,
641,Beru F Coat,
642,Lien Coil・Blue,Lien Coil Blue
643,Lien Coat・Blue,Lien Coat Blue
644,Lien Coil・Red,Lien Coil Red
645,Lien Coat・Red,Lien Coat Red
646,Lien Coil・Black,Lien Coil Black
647,Lien Coat・Black,Lien Coat Black
648,Lien Coil・White,Lien Coil White
649,Lien Coat・White,Lien Coat White
650,Lien F Coil・Blue,Lien F Coil Blue
651,Lien F Coat・Blue,Lien F Coat Blue
652,Lien F Coil・Red,Lien F Coil Red
653,Lien F Coat・Red,Lien F Coat Red
654,Lien F Coil・Black,Lien F Coil Black
655,Lien F Coat・Black,Lien F Coat Black
656,Lien F Coil・White,Lien F Coil White
657,Lien F Coat・White,Lien F Coat White
658,Kaiser Coil SP White,
659,Kaiser Coil SP Black,
660,Kaiser Coil SP Green,
661,Kaiser Coat SP White,
662,Kaiser Coat SP Black,
663,Kaiser Coat SP Green,
664,Hermitaur Faulds SP Blue,
665,Hermitaur Faulds SP White,
666,Hermitaur Faulds SP Purple,
667,Kut-Ku L Faulds,
668,Gypceros L Faulds,
669,Io L Faulds,
670,Rathian L Faulds,
671,Basarios L Faulds,
672,Rathalos L Coat,
673,Monoblos L Coat,
674,Melahoa R Folia,
675,High Metal R Faulds,
676,Diablos R Coil,
677,Blango R Faulds,
678,Lavasioth R Faulds,
679,Gia R Coat,
680,Battle R Coat,
681,Hypno ルータウエスト,Hypno Luta Waist
682,Hypno ルータ Belt,Hypno Luta Belt
683,Garuda Waist,
684,Garuda Belt,
685,Extra F Waist,
686,Butterfly L Elytra,
687,Hypnoc R Faulds,
688,ディジ Gear Coat,Diji Gear Coat
689,Priere Coat,
690,Salvacion Coat,
691,Shikari の腰当て,Shikari Waist Armor
692,Shikari の腰当て・魁,Shikari Waist Armor Vanguard
693,G・Guard R Coil Green,G Guard R Coil Green
694,Arma Coil・Black,Arma Coil Black
695,Arma Coat・Black,Arma Coat Black
696,Arma Coil・White,Arma Coil White
697,Arma Coat・White,Arma Coat White
698,Arma Coil・Blue,Arma Coil Blue
699,Arma Coat・Blue,Arma Coat Blue
700,Arma Coil・Tea,Arma Coil Tea
701,Arma Coat・Tea,Arma Coat Tea
702,Orden Coil,
703,Orden Coat,
704,Arma F Coil・Black,Arma F Coil Black
705,Arma F Coat・Black,Arma F Coat Black
706,Arma F Coil・White,Arma F Coil White
707,Arma F Coat・White,Arma F Coat White
708,Arma F Coil・Blue,Arma F Coil Blue
709,Arma F Coat・Blue,Arma F Coat Blue
710,Arma F Coil・Tea,Arma F Coil Tea
711,Arma F Coat・Tea,Arma F Coat Tea
712,Orden F Coil,
713,Orden F Coat,
714,Es Quera Waist,
715,Es Quera Belt,
716,Pandeum Waist,
717,Pandeum Belt,
718,White Cat Fテイル,White Cat F Tail
719,Death Stench L Navel,
720,Black Belt L Faulds,
721,Battle L Faulds,
722,Tigrex L Faulds,
723,Khezu R Faulds,
724,Rath Soul R Coil,
725,Gia R Faulds,
726,G・Guard R Coil Green,G Guard R Coil Green
727,Khezu L Coat,
728,Io R Coat,
729,Iris Belt SP,
730,Hypnoc S Mask,
731,True・Hypnoc S Mask,True Hypnoc S Mask
732,Purokusu Coil,
733,Purokusu F Coil,
734,Kurenesu Coil,
735,Kurenesu F Coil,
736,Suini Coil,
737,Suini F Coil,
738,Guraasu Coat,
739,Guraasu F Coat,
740,Forutu Coil,
741,Forutu F Coil,
742,Fakiru Coil,
743,Fakiru F Coil,
744,Baraban Coil,
745,Baraban F Coil,
746,Sufera Coat,
747,Sufera F Coat,
748,Pariapuria Faulds,
749,Pariapuria F Faulds,
750,Pariapuria Coat,
751,Pariapuria F Coat,
752,Hypnolia Waist,
753,Hypnolia Belt,
754,Feral Waist,
755,Feral Belt,
756,Demon Lord ノ虎布,Demon Lord Tiger Cloth
757,Rasta 教官腰,Rasta Instructor Waist
758,童子ノ虎布,Youth Tiger Cloth
759,ダミー,Dummy
760,Ex Coil・White,Ex Coil White
761,Ex F Coil・White,Ex F Coil White
762,Ex Coat・White,Ex Coat White
763,Ex F Coat・White,Ex F Coat White
764,Ex Coil・Red,Ex Coil Red
765,Ex F Coil・Red,Ex F Coil Red
766,Ex Coat・Red,Ex Coat Red
767,Ex F Coat・Red,Ex F Coat Red
768,Ex Coil・Blue,Ex Coil Blue
769,Ex F Coil・Blue,Ex F Coil Blue
770,Ex Coat・Blue,Ex Coat Blue
771,Ex F Coat・Blue,Ex F Coat Blue
772,Ex Coil・Black,Ex Coil Black
773,Ex F Coil・Black,Ex F Coil Black
774,Ex Coat・Black,Ex Coat Black
775,Ex F Coat・Black,Ex F Coat Black
776,Trance Coil,
777,Trance F Coil,
778,Trance Coat,
779,Trance F Coat,
780,Mizuha 【丸 Obi 】 SP Blue,Mizuha [Waist] SP Blue
781,Mizuha 【丸 Obi 】 SP Red,Mizuha [Waist] SP Red
782,Mizuha 【丸 Obi 】 SP Yellow,Mizuha [Waist] SP Yellow
783,Toyotama 【丸 Obi 】 SP Blue,Toyotama [Maru Obi] SP Blue
784,Toyotama 【丸 Obi 】 SP Red,Toyotama [Maru Obi] SP Red
785,Toyotama 【丸 Obi 】 SP Yellow,Toyotama [Maru Obi] SP Yellow
786,暁丸【腰当て】 SP Red,Akatsuki [Waist] SP Red
787,暁丸【腰当て】 SP Purple,Akatsuki [Waist] SP Purple
788,暁丸【腰当て】 SP White,Akatsuki [Waist] SP White
789,凛【腰当て】 SP Black,Rin [Waist] SP Black
790,凛【腰当て】 SP Purple,Rin [Waist] SP Purple
791,凛【腰当て】 SP White,Rin [Waist] SP White
792,Hunter's L Faulds,
793,Kirin Lフープ,Kirin L Hoop
794,Monoblos L Coil,
795,Diablos L Coil,
796,Gravios L Faulds,
797,Vespoid L Faulds,
798,Basarios R Faulds,
799,G・Guard R Coat Green,G Guard R Coat Green
800,G・Guard R Coat Green,G Guard R Coat Green
801,Monodevil R Coil,
802,Hornetaur R Faulds,
803,Ceanataur R Faulds,
804,Blango L Coat,
805,Plesioth L Coat,
806,Khezu R Coat,
807,Gravios R Coat,
808,Weiss Navel,
809,Weiss Belly,
810,Espinas R Navel,
811,Tigrex L Coat,
812,Guns Waist,
813,Wild Waist,
814,Guns Belt,
815,Wild Belt,
816,Ecole Waist,
817,Dian Waist,
818,Ecole Belt,
819,Dian Belt,
820,Core Faulds C,
821,Core Coat C,
822,Core Faulds,
823,Core Coat,
824,Aneshisu Faulds,
825,Aneshisu Coat,
826,Kuraaji Faulds,
827,Kuraaji Faulds 改,Kuraaji Faulds Modified
828,Kuraaji F Faulds,
829,Kuraaji Coat,
830,Kuraaji Coat 改,Kuraaji Coat Modified
831,Kuraaji F Coat,
832,Kinosu Faulds,
833,Himeros Faulds,
834,Bureshisu Faulds,
835,Charien Coat,
836,Arietta Waist,
837,Tempest Waist,
838,Vento Belt,
839,Mistral Belt,
840,Arc Faulds,
841,Arc Coat,
842,Rath Duo Coil,
843,Rath Duo Coat,
844,Shaln Belt・Blue,Shaln Belt Blue
845,Shaln F Belt・Blue,Shaln F Belt Blue
846,Shaln Pouch・Blue,Shaln Pouch Blue
847,Shaln F Pouch・Blue,Shaln F Pouch Blue
848,Shaln Belt・Green,Shaln Belt Green
849,Shaln F Belt・Green,Shaln F Belt Green
850,Shaln Pouch・Green,Shaln Pouch Green
851,Shaln F Pouch・Green,Shaln F Pouch Green
852,Shaln Belt・Purple,Shaln Belt Purple
853,Shaln F Belt・Purple,Shaln F Belt Purple
854,Shaln Pouch・Purple,Shaln Pouch Purple
855,Shaln F Pouch・Purple,Shaln F Pouch Purple
856,Shaln Belt・White,Shaln Belt White
857,Shaln F Belt・White,Shaln F Belt White
858,Shaln Pouch・White,Shaln Pouch White
859,Shaln F Pouch・White,Shaln F Pouch White
860,ルクス Belt,Lux Belt
861,ルクスF Belt,LuxF Belt
862,ルクス Pouch,Lux Pouch
863,ルクスF Pouch,Lux F Pouch
864,Real Coil・White,Real Coil White
865,Real F Coil・White,Real F Coil White
866,Real Coat・White,Real Coat White
867,Real F Coat・White,Real F Coat White
868,Real Coil・Gold,Real Coil Gold
869,Real F Coil・Gold,Real F Coil Gold
870,Real Coat・Gold,Real Coat Gold
871,Real F Coat・Gold,Real F Coat Gold
872,Real Coil・Blue,Real Coil Blue
873,Real F Coil・Blue,Real F Coil Blue
874,Real Coat・Blue,Real Coat Blue
875,Real F Coat・Blue,Real F Coat Blue
876,Real Coil・Red,Real Coil Red
877,Real F Coil・Red,Real F Coil Red
878,Real Coat・Red,Real Coat Red
879,Real F Coat・Red,Real F Coat Red
880,Regis Coil,
881,Regis F Coil,
882,Regis Coat,
883,Regis F Coat,
884,Comrade Belt 【葉】,Comrade Belt [Green]
885,Comrade Belt 【柑】,Comrade Belt [Orange]
886,Comrade Belt 【冷】,Comrade Belt [Blue]
887,Ceanataur Coat SP Red,
888,Ceanataur Coat SP Black,
889,Ceanataur Coat SP Yellow,
890,Remobra Belt SP White,
891,Remobra Belt SP Yellow,
892,Remobra Belt SP Black,
893,G・Knight Coat SP Red,G Knight Coat SP Red
894,G・Knight Coat SP Blue,G Knight Coat SP Blue
895,G・Knight Coat SP Purple,G Knight Coat SP Purple
896,PV Frill SP Red,
897,PV Frill SP Blue,
898,PV Frill SP Purple,
899,Hermitaur L Faulds,
900,High Metal L Faulds,
901,Steel L Belt,
902,Lavasioth L Faulds,
903,Bone L Faulds,
904,Hornetaur L Faulds,
905,G・Guard R Coil Crimson,G Guard R Coil Crimson
906,G・Guard R Coil Crimson,G Guard R Coil Crimson
907,Helper R Skirt,
908,Battle R Faulds,
909,Cepha R Faulds,
910,Bone R Faulds,
911,Io L Coat,
912,Ceanataur L Coat,
913,Rath Heart R Coat,
914,Bone R Coat,
915,Buran Faulds,
916,White Belt Faulds,
917,Kagura 【腰当て】,Kagura [Waist]
918,Kagura・覇【腰当て】,Kagura Supreme[Waist]
919,Kamiza 【腰当て】,Kamiza[Waist]
920,Kamiza・覇【腰当て】,Kamiza Supreme[Waist]
921,アスハルテ Coil,Asuharute Coil
922,アスハルテ Coat,Asuharute Coat
923,ローク Faulds,Rook Faulds
924,ローク Coat,Rook Coat
925,Soldato Coil,
926,Gable Coil,
927,Soldato Coat,
928,Gable Coat,
929,Uida Coil,
930,スティーダ Coil,Steeda Coil
931,Uida Coat,
932,スティーダ Coat,Stiede Coat
933,Agria Waist,
934,Flower Waist,
935,Agria Belt,
936,Flower Belt,
937,Fauve Waist,
938,Fias Waist,
939,Fauve Belt,
940,Fias Belt,
941,フィデル Coil,Fidel Coil
942,フィデルF Coil,Fidel F Coil
943,ファクト Coil,Fact Coil
944,ファクトF Coil,Fact F Coil
945,シュロス Coil,Schloss Coil
946,シュロスF Coil,SchlossF Coil
947,アエトス Coat,Aetos Coat
948,アエトスF Coat,Aetos F Coat
949,ヴェルス Coil,Velus Coil
950,ヴェルスF Coil,Vels F Coil
951,フラント Coil,Frant Coil
952,フラントF Coil,FrantF Coil
953,Serieux Coil,
954,Serieux F Coil,
955,ウェネス Coat,Weness Coat
956,ウェネスF Coat,WenessF Coat
957,Ferme Coil・Black,Ferme Coil Black
958,Ferme F Coil・Black,Ferme F Coil Black
959,Ferme Coat・Black,Ferme Coat Black
960,Ferme F Coat・Black,Ferme F Coat Black
961,Ferme Coil・Red,Ferme Coil Red
962,Ferme F Coil・Red,Ferme F Coil Red
963,Ferme Coat・Red,Ferme Coat Red
964,Ferme F Coat・Red,Ferme F Coat Red
965,Ferme Coil・White,Ferme Coil White
966,Ferme F Coil・White,Ferme F Coil White
967,Ferme Coat・White,Ferme Coat White
968,Ferme F Coat・White,Ferme F Coat White
969,Ferme Coil・Blue,Ferme Coil Blue
970,Ferme F Coil・Blue,Ferme F Coil Blue
971,Ferme Coat・Blue,Ferme Coat Blue
972,Ferme F Coat・Blue,Ferme F Coat Blue
973,リエーザ Coil,Rieza Coil
974,リエーザF Coil,RiezaF Coil
975,リエーザ Coat,Rieza Coat
976,リエーザF Coat,RiezaF Coat
977,Claire Coil・Purple,Claire Coil Purple
978,Claire F Coil・Purple,Claire F Coil Purple
979,Claire Coat・Purple,Claire Coat Purple
980,Claire F Coat・Purple,Claire F Coat Purple
981,Claire Coil・Water,Claire Coil Water
982,Claire F Coil・Water,Claire F Coil Water
983,Claire Coat・Water,Claire Coat Water
984,Claire F Coat・Water,Claire F Coat Water
985,Claire Coil・Red,Claire Coil Red
986,Claire F Coil・Red,Claire F Coil Red
987,Claire Coat・Red,Claire Coat Red
988,Claire F Coat・Red,Claire F Coat Red
989,Claire Coil・Black,Claire Coil Black
990,Claire F Coil・Black,Claire F Coil Black
991,Claire Coat・Black,Claire Coat Black
992,Claire F Coat・Black,Claire F Coat Black
993,Desert Coil,
994,Desert F Coil,
995,Desert Coat,
996,Desert F Coat,
997,Empress Coil SP Red,
998,Empress Coil SP Yellow,
999,Empress Coil SP Purple,
1000,Empress Coat SP Red,
1001,Empress Coat SP Yellow,
1002,Empress Coat SP Purple,
1003,Vespoid Faulds SP Yellow,
1004,Vespoid Faulds SP Black,
1005,Vespoid Faulds SP Blue,
1006,Comrade L Belt・Red,Comrade L Belt Red
1007,Comrade L Belt・Blue,Comrade L Belt Blue
1008,Comrade L Belt・Green,Comrade L Belt Green
1009,Comrade L Belt・Orange,Comrade L Belt Orange
1010,Comrade R Belt・Red,Comrade R Belt Red
1011,Comrade R Belt・Blue,Comrade R Belt Blue
1012,Comrade R Belt・Green,Comrade R Belt Green
1013,Comrade R Belt・Orange,Comrade R Belt Orange
1014,Battle L Coat,
1015,Gravios L Coat,
1016,Hunter's R Coat,
1017,Vespoid R Coat,
1018,チャチャブウーダ,Chachabu Uuda
1019,チャチャブワンダ,Chachabu Wanda
1020,チャチャブダム,Chachabu Dam
1021,チャチャブラバ,Chachabu Raba
1022,ヴィリヴラ Coil,Virivra Coil
1023,Angriff Coil,
1024,ヴィリヴラ Coat,Virivra Coat
1025,Angriff Coat,
1026,Schutz Coil,
1027,Hilfe Coil,
1028,Schutz Coat,
1029,Hilfe Coat,
1030,Makluva R Coil,
1031,Raviente Faulds,
1032,Raviente F Faulds,
1033,Raviente FX Faulds,
1034,Raviente Coat,
1035,Raviente F Coat,
1036,Raviente FX Coat,
1037,アナキ Waist,Anaki Waist
1038,アナキ Belt,Anaki Belt
1039,Harvest Coil,
1040,Harvest Coat,
1041,Craft Coil,
1042,Craft F Coil,
1043,Craft Coat,
1044,Craft F Coat,
1045,Ledia Coil,
1046,Ledia F Coil,
1047,Ledia Coat,
1048,Ledia F Coat,
1049,ティーア Waist,Tear Waist
1050,Viruto Waist,
1051,ティーア Belt,Tear Belt
1052,Viruto Belt,
1053,Muse Waist,
1054,Tune Waist,
1055,ゼーレ Belt,Zehre Belt
1056,Schnite Belt,
1057,アセルス Belt,Aselus Belt
1058,アセルスF Belt,Aselus F Belt
1059,スクラ Belt,Scura Belt
1060,スクラF Belt,Scura F Belt
1061,ファルム Belt,Falum Belt
1062,ファルムF Belt,Falum F Belt
1063,Diesel Pouch,
1064,Diesel F Pouch,
1065,スディブ Belt,Sdib Belt
1066,スディブF Belt,SdibF Belt
1067,フィブラ Belt,Fibra Belt
1068,フィブラF Belt,Fibra F Belt
1069,リガス Belt,Rigas Belt
1070,リガスF Belt,Rigas F Belt
1071,ミーツェ Pouch,Miece Pouch
1072,ミーツェF Pouch,MieceF Pouch
1073,Melety Coil・White,Melety Coil White
1074,Melety F Coil・White,Melety F Coil White
1075,Melety Coat・White,Melety Coat White
1076,Melety F Coat・White,Melety F Coat White
1077,Melety Coil・Red,Melety Coil Red
1078,Melety F Coil・Red,Melety F Coil Red
1079,Melety Coat・Red,Melety Coat Red
1080,Melety F Coat・Red,Melety F Coat Red
1081,Melety Coil・Blue,Melety Coil Blue
1082,Melety F Coil・Blue,Melety F Coil Blue
1083,Melety Coat・Blue,Melety Coat Blue
1084,Melety F Coat・Blue,Melety F Coat Blue
1085,Melety Coil・Black,Melety Coil Black
1086,Melety F Coil・Black,Melety F Coil Black
1087,Melety Coat・Black,Melety Coat Black
1088,Melety F Coat・Black,Melety F Coat Black
1089,ゲレール Coil,Gerel Coil
1090,ゲレールF Coil,Gereel F Coil
1091,レーラー Coil,Relar Coil
1092,レーラーF Coil,Relar F Coil
1093,フェサー Coil,Feather Coil
1094,フェサーF Coil,Feser F Coil
1095,シアンス Coat,Siance Coat
1096,シアンスF Coat,Siance F Coat
1097,Gold Coil・Red,Gold Coil Red
1098,Gold F Coil・Red,Gold F Coil Red
1099,Gold Coat・Red,Gold Coat Red
1100,Gold F Coat・Red,Gold F Coat Red
1101,Gold Coil・Blue,Gold Coil Blue
1102,Gold F Coil・Blue,Gold F Coil Blue
1103,Gold Coat・Blue,Gold Coat Blue
1104,Gold F Coat・Blue,Gold F Coat Blue
1105,Gold Coil・Yellow,Gold Coil Yellow
1106,Gold F Coil・Yellow,Gold F Coil Yellow
1107,Gold Coat・Yellow,Gold Coat Yellow
1108,Gold F Coat・Yellow,Gold F Coat Yellow
1109,Gold Coil・Purple,Gold Coil Purple
1110,Gold F Coil・Purple,Gold F Coil Purple
1111,Gold Coat・Purple,Gold Coat Purple
1112,Gold F Coat・Purple,Gold F Coat Purple
1113,シデロ Coil,Sidero Coil
1114,シデロF Coil,Sidero F Coil
1115,オール Coil,Oar Coil
1116,オールF Coil,All F Coil
1117,メタロ Coil,Metalo Coil
1118,メタロF Coil,Metaro F Coil
1119,アルジャ Coat,Arja Coat
1120,アルジャF Coat,ArjaF Coat
1121,Espinas FX Navel,
1122,Espinas FX Belly,
1123,,
1124,エクスト Waist,Ext Waist
1125,エクスト Waist C,Ext Waist C
1126,エクスト Coat,Ext Coat
1127,エクスト Coat C,Ext Coat C
1128,Death Stench Navel SP White,
1129,Death Stench Navel SP Red,
1130,Death Stench Navel SP Blue,
1131,Diablos Coil SP Purple,
1132,Diablos Coil SP Blue,
1133,Diablos Coil SP Yellow,
1134,Makluva Coil SP Green,
1135,Makluva Coil SP Blue,
1136,Makluva Coil SP Black,
1137,Dragon Lテイル,Dragon L Tail
1138,Kirin Lショルト,Kirin L Schult
1139,Hermitaur L Coat,
1140,Bone L Coat,
1141,Vespoid L Coat,
1142,Diablos L Coat,
1143,G・Guard R Coat Crimson,G Guard R Coat Crimson
1144,G・Guard R Coat Crimson,G Guard R Coat Crimson
1145,Hornetaur R Coat,
1146,High Metal R Coat,
1147,Rath Soul R Coat,
1148,Blango L Faulds,
1149,Plesioth L Faulds,
1150,Gravios R Faulds,
1151,Io R Faulds,
1152,Inari【腰当て】,Inari [Waist]
1153,Inari 覇【腰当て】,Inari Supreme [Waist]
1154,Tamamo【腰当て】,Tamamo[Waist]
1155,Tamamo 覇【腰当て】,Tamamo Supremacy [Waist]
1156,コカロ Faulds,Kokaro Faulds
1157,コカロ Coat,Kokaro Coat
1158,Shieri Faulds,
1159,Shieri F Faulds,
1160,Shieri Coat,
1161,Shieri F Coat,
1162,Harubadaa Coil,
1163,Harubadaa F Coil,
1164,Tracker Belt,
1165,Tracker F Belt,
1166,Zaakaa Coil,
1167,Zaakaa F Coil,
1168,Chaser Belt,
1169,Chaser F Belt,
1170,Royal Coil,
1171,Royal F Coil,
1172,Lord Belt,
1173,Lord F Belt,
1174,Dicto Waist,
1175,Dicto F Waist,
1176,Diletto Belt,
1177,Diletto F Belt,
1178,Kruss Waist,
1179,Kruss F Waist,
1180,Quote Belt,
1181,Quote F Belt,
1182,ウルバヌ Coil,Ulbanu Coil
1183,ウルバヌF Coil,UlbanuF Coil
1184,マグヌス Coil,Magnus Coil
1185,マグヌスF Coil,Magnus F Coil
1186,ソレルス Coil,Sorelus Coil
1187,ソレルスF Coil,SorelusF Coil
1188,パルフェ Coat,Parfait Coat
1189,パルフェF Coat,Parfait F Coat
1190,アスティ Coil,Asti Coil
1191,アスティF Coil,AstiF Coil
1192,アガトン Coil,Agaton Coil
1193,アガトンF Coil,Agaton F Coil
1194,ランプロ Coil,Velociprey Pro Coil
1195,ランプロF Coil,Velociprey Pro F Coil
1196,ソフィス Coat,Sophis Coat
1197,ソフィスF Coat,SofisF Coat
1198,Aristo Coil・Blue,Aristo Coil Blue
1199,Aristo F Coil・Blue,Aristo F Coil Blue
1200,Aristo Coat・Blue,Aristo Coat Blue
1201,Aristo F Coat・Blue,Aristo F Coat Blue
1202,Aristo Coil・White,Aristo Coil White
1203,Aristo F Coil・White,Aristo F Coil White
1204,Aristo Coat・White,Aristo Coat White
1205,Aristo F Coat・White,Aristo F Coat White
1206,Aristo Coil・Purple,Aristo Coil Purple
1207,Aristo F Coil・Purple,Aristo F Coil Purple
1208,Aristo Coat・Purple,Aristo Coat Purple
1209,Aristo F Coat・Purple,Aristo F Coat Purple
1210,Aristo Coil・Red,Aristo Coil Red
1211,Aristo F Coil・Red,Aristo F Coil Red
1212,Aristo Coat・Red,Aristo Coat Red
1213,Aristo F Coat・Red,Aristo F Coat Red
1214,ビリス Coil,Biris Coil
1215,ビリスF Coil,Biris F Coil
1216,ギエール Coil,Gierre Coil
1217,ギエールF Coil,Gierre F Coil
1218,カウント Coil,Count Coil
1219,カウントF Coil,CountF Coil
1220,フュルス Coat,Fyuls Coat
1221,フュルスF Coat,Fyuls F Coat
1222,Text Coil・Purple,Text Coil Purple
1223,Text F Coil・Purple,Text F Coil Purple
1224,Text Coat・Purple,Text Coat Purple
1225,Text F Coat・Purple,Text F Coat Purple
1226,Text Coil・Green,Text Coil Green
1227,Text F Coil・Green,Text F Coil Green
1228,Text Coat・Green,Text Coat Green
1229,Text F Coat・Green,Text F Coat Green
1230,Text Coil・Blue,Text Coil Blue
1231,Text F Coil・Blue,Text F Coil Blue
1232,Text Coat・Blue,Text Coat Blue
1233,Text F Coat・Blue,Text F Coat Blue
1234,Text Coil・Black,Text Coil Black
1235,Text F Coil・Black,Text F Coil Black
1236,Text Coat・Black,Text Coat Black
1237,Text F Coat・Black,Text F Coat Black
1238,Pasu マ Coil,Pasu M Coil
1239,Pasu マF Coil,Pasu MF Coil
1240,フィーブル Coil,Feeble Coil
1241,フィーブルF Coil,Feeble F Coil
1242,ヴァラク Coil,Varak Coil
1243,ヴァラクF Coil,Varak F Coil
1244,ネウロン Coat,Neuron Coat
1245,ネウロンF Coat,Neuron F Coat
1246,Arge Coil,
1247,Arge F Coil,
1248,Arge Coat,
1249,Arge F Coat,
1250,Akantor イッケク SP Black,Akantor Great Sword SP Black
1251,Akantor イッケク SP Red,Akantor Great Sword SP Red
1252,Akantor イッケク SP White,Akantor Great Sword SP White
1253,Akantor クッコレ SP Black,Akantor Kukkore SP Black
1254,Akantor クッコレ SP Red,Akantor Kukkore SP Red
1255,Akantor クッコレ SP White,Akantor Kukkore SP White
1256,Gravios Coil SP Black,
1257,Gravios Coil SP Blue,
1258,Gravios Coil SP Red,
1259,Conga L Coat,
1260,Hunter's L Coat,
1261,Veloci L Coat,
1262,Hornetaur L Coat,
1263,High Metal L Coat,
1264,Gen L Coat,
1265,Gen R Coat,
1266,Kut-Ku R Coat,
1267,Basarios R Coat,
1268,Cepha R Coat,
1269,Gypceros R Coat,
1270,Dragon L Wing,
1271,Veloci L Faulds,
1272,Vespoid R Faulds,
1273,Kut-Ku R Faulds,
1274,Vashimu FX Faulds,
1275,Vashimu FX Coat,
1276,Vashimu FX Faulds Yellow,
1277,Vashimu FX Coat Yellow,
1278,Vashimu FX Faulds Green,
1279,Vashimu FX Coat Green,
1280,Vashimu FX Faulds Crimson,
1281,Vashimu FX Coat Crimson,
1282,Azul F Faulds,
1283,Azul F Coat,
1284,ダミー,Dummy
1285,ダミー,Dummy
1286,ダミー,Dummy
1287,ダミー,Dummy
1288,ダミー,Dummy
1289,ダミー,Dummy
1290,ダミー,Dummy
1291,ダミー,Dummy
1292,ダミー,Dummy
1293,ダミー,Dummy
1294,ダミー,Dummy
1295,ダミー,Dummy
1296,ダミー,Dummy
1297,ダミー,Dummy
1298,ダミー,Dummy
1299,ダミー,Dummy
1300,ダミー,Dummy
1301,ダミー,Dummy
1302,ダミー,Dummy
1303,ダミー,Dummy
1304,ダミー,Dummy
1305,ダミー,Dummy
1306,ダミー,Dummy
1307,ダミー,Dummy
1308,ダミー,Dummy
1309,ダミー,Dummy
1310,ダミー,Dummy
1311,ダミー,Dummy
1312,ダミー,Dummy
1313,ダミー,Dummy
1314,Beru ドラ Faulds,Beru Dora Faulds
1315,Beru ドラ Coat,Beru Dora Coat
1316,Diru Faulds,
1317,Diru F Faulds,
1318,Diru Coat,
1319,Diru F Coat,
1320,Sufia Coil,
1321,Sufia F Coil,
1322,Sufia Coat,
1323,Sufia F Coat,
1324,Starina Waist,
1325,Starina F Waist,
1326,Starina Belt,
1327,Starina F Belt,
1328,Loose Waist,
1329,Loose F Waist,
1330,Loose Belt,
1331,Loose F Belt,
1332,Rage Coil,
1333,Rage F Coil,
1334,Rage Coat,
1335,Rage F Coat,
1336,Rampage Coil,
1337,Rampage F Coil,
1338,Rampage Coat,
1339,Rampage F Coat,
1340,Blaze Coil,
1341,Blaze F Coil,
1342,Blaze Coat,
1343,Blaze F Coat,
1344,Pharan Coil・White,Pharan Coil White
1345,Pharan F Coil・White,Pharan F Coil White
1346,Pharan Coat・White,Pharan Coat White
1347,Pharan F Coat・White,Pharan F Coat White
1348,Pharan Coil・Black,Pharan Coil Black
1349,Pharan F Coil・Black,Pharan F Coil Black
1350,Pharan Coat・Black,Pharan Coat Black
1351,Pharan F Coat・Black,Pharan F Coat Black
1352,Pharan Coil・Red,Pharan Coil Red
1353,Pharan F Coil・Red,Pharan F Coil Red
1354,Pharan Coat・Red,Pharan Coat Red
1355,Pharan F Coat・Red,Pharan F Coat Red
1356,Pharan Coil・Blue,Pharan Coil Blue
1357,Pharan F Coil・Blue,Pharan F Coil Blue
1358,Pharan Coat・Blue,Pharan Coat Blue
1359,Pharan F Coat・Blue,Pharan F Coat Blue
1360,Gold Cat F Coil,
1361,Gold Cat F Coat,
1362,Silver Cat テイル,Silver Cat Tail
1363,Silver Cat F Coil,
1364,Silver Cat F Coat,
1365,ヴィン Waist,Vin Waist
1366,ヴィンF Waist,VinF Waist
1367,ヴァンデ Waist,Vande Waist
1368,ヴァンデF Waist,VandeF Waist
1369,デスモ Waist,Desmo Waist
1370,デスモF Waist,DesmoF Waist
1371,ミスク Belt,Misq Belt
1372,ミスクF Belt,MisqF Belt
1373,ウーズィ Waist,Woozy Waist
1374,ウーズィF Waist,Woozy F Waist
1375,レガーメ Waist,Regame Waist
1376,レガーメF Waist,Legame F Waist
1377,ノット Waist,Knot Waist
1378,ノットF Waist,Knot F Waist
1379,ラソス Belt,Rasos Belt
1380,ラソスF Belt,RasosF Belt
1381,Tigrex Coil SP Black,
1382,Tigrex Coil SP White,
1383,Tigrex Coil SP Purple,
1384,Monoblos Coil SP Yellow,
1385,Monoblos Coil SP Green,
1386,Monoblos Coil SP White,
1387,Khezu Coat SP Black,
1388,Khezu Coat SP Green,
1389,Khezu Coat SP Blue,
1390,Hypnoc L Coat,
1391,Lavasioth L Coat,
1392,Butterfly Lコクサ,Butterfly L Waist
1393,Cepha L Coat,
1394,Rathian L Coat,
1395,Kut-Ku L Coat,
1396,忍の Obi・R,Shinobi Waist R
1397,Leather R Belt,
1398,Espinas R Belly,
1399,Bistro R Apron,
1400,Vashimu R Coat,
1401,Vashimu R Coat Yellow,
1402,Vashimu R Coat Green,
1403,Vashimu R Coat Crimson,
1404,Lavasioth R Coat,
1405,King Beetle L Elytra,
1406,Gen L Faulds,
1407,Steel R Belt,
1408,Vashimu R Faulds,
1409,Vashimu R Faulds Yellow,
1410,Vashimu R Faulds Green,
1411,Vashimu R Faulds Crimson,
1412,Inari FX【腰当て】,Inari FX [Waist]
1413,Tamamo FX【腰当て】,Tamamo FX [Waist]
1414,Eques FX Faulds,
1415,Eques FX Coat,
1416,Noir F Faulds,
1417,Himeros F Faulds,
1418,Bureshisu F Faulds,
1419,Charien F Coat,
1420,ハンショク Mask,Hanshoku Mask
1421,ハンショクU Mask,Hanshoku U Mask
1422,Guren Faulds,
1423,Guren F Faulds,
1424,Guren Coat,
1425,Guren F Coat,
1426,Garnet Coil,
1427,Garnet F Coil,
1428,Garnet FX Coil,
1429,Amethyst Coil,
1430,Amethyst F Coil,
1431,Amethyst FX Coil,
1432,Coral Coil,
1433,Coral F Coil,
1434,Coral FX Coil,
1435,Quartz Coil,
1436,Quartz F Coil,
1437,Quartz FX Coil,
1438,Ruby Coil,
1439,Ruby F Coil,
1440,Ruby FX Coil,
1441,Sapphire Coil,
1442,Sapphire F Coil,
1443,Sapphire FX Coil,
1444,Emerald Coil,
1445,Emerald F Coil,
1446,Emerald FX Coil,
1447,Pearl Coil,
1448,Pearl F Coil,
1449,Pearl FX Coil,
1450,Topaz Coat,
1451,Topaz F Coat,
1452,Topaz FX Coat,
1453,Tourmaline Coat,
1454,Tourmaline F Coat,
1455,Tourmaline FX Coat,
1456,Lapis Coat,
1457,Lapis F Coat,
1458,Lapis FX Coat,
1459,Beru FX Faulds,
1460,Beru FX Coat,
1461,Apkallu F Faulds,
1462,Apkallu F Coat,
1463,Mixes Faulds,
1464,Mixes F Faulds,
1465,Mixes Coat,
1466,Mixes F Coat,
1467,Atra Coil,
1468,Atra F Coil,
1469,Atra Coat,
1470,Atra F Coat,
1471,Mirado Waist,
1472,Mirado F Waist,
1473,Mirado Belt,
1474,Mirado F Belt,
1475,Deyuru Faulds,
1476,Deyuru F Faulds,
1477,Deyuru Coat,
1478,Deyuru F Coat,
1479,クルシッド Coil,Crusid Coil
1480,クルシッドF Coil,Crusid F Coil
1481,ヴェロシ Coil,Veloci Coil
1482,ヴェロシF Coil,VelociF Coil
1483,ケプト Coil,Keputo Coil
1484,ケプトF Coil,Keputo F Coil
1485,ハウット Coat,Haut Coat
1486,ハウットF Coat,Haut F Coat
1487,ヴェンガ Coil,Venga Coil
1488,ヴェンガF Coil,Venga F Coil
1489,スプリン Coil,Spring Coil
1490,スプリンF Coil,Spring F Coil
1491,マシャル Coil,Masharu Coil
1492,マシャルF Coil,MasharuF Coil
1493,ペンブル Coat,Penburu Coat
1494,ペンブルF Coat,PenburuF Coat
1495,Regelia Coil・White,Regelia Coil White
1496,Regelia F Coil・White,Regelia F Coil White
1497,Regelia Coat・White,Regelia Coat White
1498,Regelia F Coat・White,Regelia F Coat White
1499,Regelia Coil・Red,Regelia Coil Red
1500,Regelia F Coil・Red,Regelia F Coil Red
1501,Regelia Coat・Red,Regelia Coat Red
1502,Regelia F Coat・Red,Regelia F Coat Red
1503,Regelia Coil・Green,Regelia Coil Green
1504,Regelia F Coil・Green,Regelia F Coil Green
1505,Regelia Coat・Green,Regelia Coat Green
1506,Regelia F Coat・Green,Regelia F Coat Green
1507,Regelia Coil・Blue,Regelia Coil Blue
1508,Regelia F Coil・Blue,Regelia F Coil Blue
1509,Regelia Coat・Blue,Regelia Coat Blue
1510,Regelia F Coat・Blue,Regelia F Coat Blue
1511,ゴラエス Coil,Gorae Coil
1512,ゴラエスF Coil,Gorae F Coil
1513,バシリス Coil,Basiris Coil
1514,バシリスF Coil,Basiris F Coil
1515,インジン Coil,Injin Coil
1516,インジンF Coil,InjinF Coil
1517,Dexter Coat,
1518,Dexter F Coat,
1519,ジャッグ Coil,Jagg Coil
1520,ジャッグF Coil,Jagg F Coil
1521,コンシラ Coil,Conshira Coil
1522,コンシラF Coil,Conshira F Coil
1523,Predator Coil,
1524,Predator F Coil,
1525,プリジド Coat,Prijid Coat
1526,プリジドF Coat,Prijido F Coat
1527,Suriito Coil・Yellow,Suriito Coil Yellow
1528,Suriito F Coil・Yellow,Suriito F Coil Yellow
1529,Suriito Coat・Yellow,Suriito Coat Yellow
1530,Suriito F Coat・Yellow,Suriito F Coat Yellow
1531,Suriito Coil・Silver,Suriito Coil Silver
1532,Suriito F Coil・Silver,Suriito F Coil Silver
1533,Suriito Coat・Silver,Suriito Coat Silver
1534,Suriito F Coat・Silver,Suriito F Coat Silver
1535,Suriito Coil・Red,Suriito Coil Red
1536,Suriito F Coil・Red,Suriito F Coil Red
1537,Suriito Coat・Red,Suriito Coat Red
1538,Suriito F Coat・Red,Suriito F Coat Red
1539,Suriito Coil・Blue,Suriito Coil Blue
1540,Suriito F Coil・Blue,Suriito F Coil Blue
1541,Suriito Coat・Blue,Suriito Coat Blue
1542,Suriito F Coat・Blue,Suriito F Coat Blue
1543,Camarera Coil,
1544,Camarera F Coil,
1545,Camarera Coat,
1546,Camarera F Coat,
1547,Plesioth Faulds SP Black,
1548,Plesioth Faulds SP Yellow,
1549,Plesioth Faulds SP Purple,
1550,Plesioth Coat SP Black,
1551,Plesioth Coat SP Yellow,
1552,Plesioth Coat SP Purple,
1553,Gypceros Coat SP Red,
1554,Gypceros Coat SP Yellow,
1555,Gypceros Coat SP Green,
1556,祭のあとに【負け犬】,After the Festival [Loser]
1557,祭のあとに【負け犬】,After the Festival [Loser]
1558,祭のあとに【負け犬】,After the Festival [Loser]
1559,祭のあとに【負け犬】,After the Festival [Loser]
1560,祭のあとに【負け犬】,After the Festival [Loser]
1561,祭のあとに【負け犬】,After the Festival [Loser]
1562,祭のあとに【負け犬】,After the Festival [Loser]
1563,祭のあとに【負け犬】,After the Festival [Loser]
1564,祭のあとに【負け犬】,After the Festival [Loser]
1565,祭のあとに【負け犬】,After the Festival [Loser]
1566,祭のあとに【負け犬】,After the Festival [Loser]
1567,祭のあとに【負け犬】,After the Festival [Loser]
1568,祭のあとに【負け犬】,After the Festival [Loser]
1569,祭のあとに【負け犬】,After the Festival [Loser]
1570,祭のあとに【負け犬】,After the Festival [Loser]
1571,祭のあとに【負け犬】,After the Festival [Loser]
1572,祭のあとに【負け犬】,After the Festival [Loser]
1573,祭のあとに【負け犬】,After the Festival [Loser]
1574,祭のあとに【負け犬】,After the Festival [Loser]
1575,祭のあとに【負け犬】,After the Festival [Loser]
1576,祭のあとに【負け犬】,After the Festival [Loser]
1577,祭のあとに【負け犬】,After the Festival [Loser]
1578,祭のあとに【負け犬】,After the Festival [Loser]
1579,祭のあとに【負け犬】,After the Festival [Loser]
1580,祭のあとに【負け犬】,After the Festival [Loser]
1581,祭のあとに【負け犬】,After the Festival [Loser]
1582,祭のあとに【負け犬】,After the Festival [Loser]
1583,祭のあとに【負け犬】,After the Festival [Loser]
1584,祭のあとに【負け犬】,After the Festival [Loser]
1585,祭のあとに【負け犬】,After the Festival [Loser]
1586,祭のあとに【負け犬】,After the Festival [Loser]
1587,祭のあとに【負け犬】,After the Festival [Loser]
1588,祭のあとに【負け犬】,After the Festival [Loser]
1589,祭のあとに【負け犬】,After the Festival [Loser]
1590,祭のあとに【負け犬】,After the Festival [Loser]
1591,祭のあとに【負け犬】,After the Festival [Loser]
1592,祭のあとに【負け犬】,After the Festival [Loser]
1593,祭のあとに【負け犬】,After the Festival [Loser]
1594,祭のあとに【負け犬】,After the Festival [Loser]
1595,祭のあとに【負け犬】,After the Festival [Loser]
1596,祭のあとに【負け犬】,After the Festival [Loser]
1597,祭のあとに【負け犬】,After the Festival [Loser]
1598,祭のあとに【負け犬】,After the Festival [Loser]
1599,祭のあとに【負け犬】,After the Festival [Loser]
1600,祭のあとに【負け犬】,After the Festival [Loser]
1601,祭のあとに【負け犬】,After the Festival [Loser]
1602,祭のあとに【負け犬】,After the Festival [Loser]
1603,祭のあとに【負け犬】,After the Festival [Loser]
1604,祭のあとに【負け犬】,After the Festival [Loser]
1605,祭のあとに【負け犬】,After the Festival [Loser]
1606,祭のあとに【負け犬】,After the Festival [Loser]
1607,祭のあとに【負け犬】,After the Festival [Loser]
1608,祭のあとに【負け犬】,After the Festival [Loser]
1609,祭のあとに【負け犬】,After the Festival [Loser]
1610,祭のあとに【負け犬】,After the Festival [Loser]
1611,祭のあとに【負け犬】,After the Festival [Loser]
1612,祭のあとに【負け犬】,After the Festival [Loser]
1613,祭のあとに【負け犬】,After the Festival [Loser]
1614,祭のあとに【負け犬】,After the Festival [Loser]
1615,祭のあとに【負け犬】,After the Festival [Loser]
1616,祭のあとに【負け犬】,After the Festival [Loser]
1617,祭のあとに【負け犬】,After the Festival [Loser]
1618,祭のあとに【負け犬】,After the Festival [Loser]
1619,祭のあとに【負け犬】,After the Festival [Loser]
1620,祭のあとに【負け犬】,After the Festival [Loser]
1621,祭のあとに【負け犬】,After the Festival [Loser]
1622,祭のあとに【負け犬】,After the Festival [Loser]
1623,祭のあとに【負け犬】,After the Festival [Loser]
1624,祭のあとに【負け犬】,After the Festival [Loser]
1625,祭のあとに【負け犬】,After the Festival [Loser]
1626,祭のあとに【負け犬】,After the Festival [Loser]
1627,祭のあとに【負け犬】,After the Festival [Loser]
1628,祭のあとに【負け犬】,After the Festival [Loser]
1629,祭のあとに【負け犬】,After the Festival [Loser]
1630,祭のあとに【負け犬】,After the Festival [Loser]
1631,祭のあとに【負け犬】,After the Festival [Loser]
1632,祭のあとに【負け犬】,After the Festival [Loser]
1633,祭のあとに【負け犬】,After the Festival [Loser]
1634,祭のあとに【負け犬】,After the Festival [Loser]
1635,祭のあとに【負け犬】,After the Festival [Loser]
1636,ダミー,Dummy
1637,ダミー,Dummy
1638,White Fatalis R Wing,
1639,G・Lune R Coat,G Lune R Coat
1640,S・Sol R Coat,S Sol R Coat
1641,Death Stench L Belly,
1642,Leather L Belt,
1643,C・ライトL Belt,C Light L Belt
1644,Ceanataur R Coat,
1645,Diablos R Coat,
1646,Blango R Coat,
1647,Conga R Faulds,
1648,Conga R Coat,
1649,Hypnoc R Coat,
1650,Monodevil R Coat,
1651,フェリ Faulds,Feri Faulds
1652,フェリF Faulds,Feri F Faulds
1653,フェリ Coat,Feri Coat
1654,フェリF Coat,Feri F Coat
1655,テネール Waist,Tenale Waist
1656,テネールF Waist,Tenel F Waist
1657,テネール Belt,Tenale Belt
1658,テネールF Belt,Tenale F Belt
1659,Robust アンダ,Robust Under
1660,Robust Fアンダ,Robust F Under
1661,Robust テイル,Robust Tail
1662,Robust Fテイル,Robust F Tail
1663,Kukubo Coil,
1664,Kukubo F Coil,
1665,Kukubo Coat,
1666,Kukubo F Coat,
1667,Falco Faulds,
1668,Falco F Faulds,
1669,Falco Coat,
1670,Falco F Coat,
1671,ヴェスナ Coil,Vesna Coil
1672,ヴェスナF Coil,VesnaF Coil
1673,ベラノ Coil,Berano Coil
1674,ベラノF Coil,Vellano F Coil
1675,カリフ Coil,Caliph Coil
1676,カリフF Coil,Caliph F Coil
1677,シター Coat,Sita Coat
1678,シターF Coat,Sita F Coat
1679,コンセト Coil,Conseto Coil
1680,コンセトF Coil,Conseto F Coil
1681,バステル Coil,Bastel Coil
1682,バステルF Coil,Bastel F Coil
1683,カタフ Coil,Kataf Coil
1684,カタフF Coil,Kataf F Coil
1685,ハネツァ Coat,Hanetsa Coat
1686,ハネツァF Coat,Hanetsa F Coat
1687,Bunny Belt・Black,Bunny Belt Black
1688,Bunny F Belt・Black,Bunny F Belt Black
1689,Bunny Coat・Black,Bunny Coat Black
1690,Bunny F Coat・Black,Bunny F Coat Black
1691,Bunny Belt・White,Bunny Belt White
1692,Bunny F Belt・White,Bunny F Belt White
1693,Bunny Coat・White,Bunny Coat White
1694,Bunny F Coat・White,Bunny F Coat White
1695,Bunny Belt・Red,Bunny Belt Red
1696,Bunny F Belt・Red,Bunny F Belt Red
1697,Bunny Coat・Red,Bunny Coat Red
1698,Bunny F Coat・Red,Bunny F Coat Red
1699,Bunny Belt・Purple,Bunny Belt Purple
1700,Bunny F Belt・Purple,Bunny F Belt Purple
1701,Bunny Coat・Purple,Bunny Coat Purple
1702,Bunny F Coat・Purple,Bunny F Coat Purple
1703,昇龍 Black Obi・White,Rising Dragon Black Sash White
1704,昇龍F Black Obi・White,Rising Dragon F Black Sash White
1705,波動 Black Obi・White,Wave Black Sash White
1706,波動F Black Obi・White,WaveF Black Sash White
1707,百裂 Waistband・Blue,Hundred Rends Waistband Blue
1708,百裂F Waistband・Blue,Hundred Rends F Waistband Blue
1709,気功 Waistband・Blue,Chi Waistband Blue
1710,気功F Waistband・Blue,Qigong F Waistband Blue
1711,昇龍 Black Obi・紺,Rising Dragon Black Sash Navy
1712,昇龍F Black Obi・紺,Rising Dragon F Black Sash Navy
1713,波動 Black Obi・紺,Wave Black Sash Navy
1714,波動F Black Obi・紺,Wave F Black Sash Navy
1715,百裂 Waistband・Black,Hundred Rends Waistband Black
1716,百裂F Waistband・Black,Hundred Rends F Waistband Black
1717,気功 Waistband・Black,Chi Waistband Black
1718,気功F Waistband・Black,Qigong F Waistband Black
1719,昇龍 Black Obi・Yellow,Rising Dragon Black Sash Yellow
1720,昇龍F Black Obi・Yellow,Rising Dragon F Black Sash Yellow
1721,波動 Black Obi・Yellow,Wave Black Sash Yellow
1722,波動F Black Obi・Yellow,WaveF Black Sash Yellow
1723,百裂 Waistband・Yellow,Hundred Rends Waistband Yellow
1724,百裂F Waistband・Yellow,Hundred Rends F Waistband Yellow
1725,気功 Waistband・Yellow,Chi Waistband Yellow
1726,気功F Waistband・Yellow,Qigong F Waistband Yellow
1727,昇龍 Black Obi・Purple,Rising Dragon Black Sash Purple
1728,昇龍F Black Obi・Purple,Rising Dragon F Black Sash Purple
1729,波動 Black Obi・Purple,Wave Black Sash Purple
1730,波動F Black Obi・Purple,WaveF Black Sash Purple
1731,百裂 Waistband・Green,Hundred Rends Waistband Green
1732,百裂F Waistband・Green,Hundred Rends F Waistband Green
1733,気功 Waistband・Green,Chi Waistband Green
1734,気功F Waistband・Green,Qigong F Waistband Green
1735,Steno Elytra ー・Orange,Steno Elytra - Orange
1736,Steno F Elytra ー・Orange,Steno F Elytra Orange
1737,Steno Coat・Orange,Steno Coat Orange
1738,Steno F Coat・Orange,Steno F Coat Orange
1739,Steno Elytra ー・Peach,Steno Elytra - Peach
1740,Steno F Elytra ー・Peach,Steno F Elytra Peach
1741,Steno Coat・Peach,Steno Coat Peach
1742,Steno F Coat・Peach,Steno F Coat Peach
1743,Steno Elytra ー・Blue,Steno Elytra - Blue
1744,Steno F Elytra ー・Blue,Steno F Elytra Blue
1745,Steno Coat・Blue,Steno Coat Blue
1746,Steno F Coat・Blue,Steno F Coat Blue
1747,Steno Elytra ー・Red,Steno Elytra - Red
1748,Steno F Elytra ー・Red,Steno F Elytra Red
1749,Steno Coat・Red,Steno Coat Red
1750,Steno F Coat・Red,Steno F Coat Red
1751,Jumpin' Belt,
1752,Jumpin' F Belt,
1753,Jumpin' Coat,
1754,Jumpin' F Coat,
1755,アデュス Faulds,Adeus Faulds
1756,アデュスF Faulds,Adeus F Faulds
1757,アデュス Coat,Adeus Coat
1758,アデュスF Coat,Adeus F Coat
1759,Metenera Coil,
1760,Metenera F Coil,
1761,Metenera Coat,
1762,Metenera F Coat,
1763,Excelle Faulds,
1764,Excelle F Faulds,
1765,Excelle Coat,
1766,Excelle F Coat,
1767,Pupen Faulds,
1768,Pupen F Faulds,
1769,Pupen Coat,
1770,Pupen F Coat,
1771,Moss Covered Faulds,
1772,Moss Covered F Faulds,
1773,Moss Covered Coat,
1774,Moss Covered F Coat,
1775,Kagura 【腰当て】 SP Red,Kagura [Waist] SP Red
1776,Kagura 【腰当て】 SP Black,Kagura [Waist] SP Black
1777,Kagura 【腰当て】 SP Purple,Kagura [Waist] SP Purple
1778,Kamiza 【腰当て】 SP Red,Kamiza[Waist] SP Red
1779,Kamiza 【腰当て】 SP Black,Kamiza[Waist] SP Black
1780,Kamiza 【腰当て】 SP Purple,Kamiza[Waist] SP Purple
1781,Mosswine Hip SP White,
1782,Mosswine Hip SP Yellow,
1783,Mosswine Hip SP Blue,
1784,King Beetle Lコクサ,King Beetle L Coxa
1785,Hypnoc L Faulds,
1786,Conga L Faulds,
1787,Chainmail R Belt,
1788,Hermitaur R Coat,
1789,Gypceros R Faulds,
1790,Gen R Faulds,
1791,Shasse Faulds,
1792,Shasse Coat,
1793,Gospel F Faulds,
1794,Gospel F Coat,
1795,Rouge F Faulds,
1796,Freyja Coil,
1797,Freyja Coat,
1798,Paria FX Faulds,
1799,Paria FX Coat,
1800,Guren FX Faulds,
1801,Guren FX Coat,
1802,Ruko Wing,
1803,Ruko F Wing,
1804,Ruko テイル,Ruko Tail
1805,Ruko Fテイル,Ruko F Tail
1806,Blitz フープ,Blitz Hoop
1807,Blitz ショルト,Blitz Sholt
1808,Lils Faulds,
1809,ダミー,Dummy
1810,Lils Coat,
1811,ダミー,Dummy
1812,Kagura FX【腰当て】,Kagura FX[Waist]
1813,Kamiza FX【腰当て】,Kamiza FX[Waist]
1814,Blue Sky Obi,
1815,Blue Sky Obi・魁,Blue Sky Obi Prime
1816,Welkin Obi,
1817,Welkin Obi・魁,Welkin Obi Vanguard
1818,Breo Faulds,
1819,Breo F Faulds,
1820,Vinen Waist,
1821,Vinen F Waist,
1822,Vinen Belt,
1823,Vinen F Belt,
1824,アナトリ Faulds,Anatori Faulds
1825,アナトリ Coat,Anatori Coat
1826,Edio Coil・Blue,Edio Coil Blue
1827,Edio F Coil・Blue,Edio F Coil Blue
1828,Edio Coat・Blue,Edio Coat Blue
1829,Edio F Coat・Blue,Edio F Coat Blue
1830,Edio Coil・Red,Edio Coil Red
1831,Edio F Coil・Red,Edio F Coil Red
1832,Edio Coat・Red,Edio Coat Red
1833,Edio F Coat・Red,Edio F Coat Red
1834,Edio Coil・Yellow,Edio Coil Yellow
1835,Edio F Coil・Yellow,Edio F Coil Yellow
1836,Edio Coat・Yellow,Edio Coat Yellow
1837,Edio F Coat・Yellow,Edio F Coat Yellow
1838,Edio Coil・Black,Edio Coil Black
1839,Edio F Coil・Black,Edio F Coil Black
1840,Edio Coat・Black,Edio Coat Black
1841,Edio F Coat・Black,Edio F Coat Black
1842,Abitto Coil,
1843,Abitto F Coil,
1844,Abitto Coat,
1845,Abitto F Coat,
1846,Howx Faulds,
1847,Howx F Faulds,
1848,Howx Coat,
1849,Howx F Coat,
1850,Pirata Faulds,
1851,Pirata F Faulds,
1852,Pirata Coat,
1853,Pirata F Coat,
1854,アレス Coil,Ares Coil
1855,アレスF Coil,Ares F Coil
1856,カリノ Coil,Hunting Coil
1857,カリノF Coil,Hunting F Coil
1858,ルルス Coil,Lulus Coil
1859,ルルスF Coil,LulusF Coil
1860,Nada Coat,
1861,Nada F Coat,
1862,Rosa Coil,
1863,Rosa F Coil,
1864,Haosu Coil,
1865,Haosu F Coil,
1866,Miru Coil,
1867,Miru F Coil,
1868,Pasu Coat,
1869,Pasu F Coat,
1870,Randa Waist・Yellow,Randa Waist Yellow
1871,蘭蛮の Waist・Yellow,Ranban Waist Yellow
1872,Randa Obi・Yellow,Randa Obi Yellow
1873,蘭蛮の Obi・Yellow,Ranban Obi Yellow
1874,Randa Waist・Red,Randa Waist Red
1875,蘭蛮の Waist・Red,Ranban Waist Red
1876,Randa Obi・Red,Randa Obi Red
1877,蘭蛮の Obi・Red,Ranban Obi Red
1878,Randa Waist・Purple,Randa Waist Purple
1879,蘭蛮の Waist・Purple,Ranban Waist Purple
1880,Randa Obi・Purple,Randa Obi Purple
1881,蘭蛮の Obi・Purple,Ranban Obi Purple
1882,Randa Waist・Gold,Randa Waist Gold
1883,蘭蛮の Waist・Gold,Ranban Waist Gold
1884,Randa Obi・Gold,Randa Obi Gold
1885,蘭蛮の Obi・Gold,Ranban Obi Gold
1886,竜巻 Colour Belt・Black,Tornado Colour Belt Black
1887,竜巻F Colour Belt・Black,Tornado F Colour Belt Black
1888,True 空 Colour Belt・Black,True Sky Colour Belt Black
1889,True 空F Colour Belt・Black,True SkyF Colour Belt Black
1890,千裂 Waistband・Black,Thousand Rends Waistband Black
1891,千裂F Waistband・Black,Thousand Rends F Waistband Black
1892,覇山 Waistband・Black,Supreme Mountain Waistband Black
1893,覇山F Waistband・Black,Supreme Mountain F Waistband Black
1894,竜巻 Colour Belt・Tea,Tornado Colour Belt Tea
1895,竜巻F Colour Belt・Tea,Tornado F Colour Belt Tea
1896,True 空 Colour Belt・Tea,True Sky Colour Belt Tea
1897,True 空F Colour Belt・Tea,True SkyF Colour Belt Tea
1898,千裂 Waistband・Purple,Thousand Rends Waistband Purple
1899,千裂F Waistband・Purple,Thousand Rends F Waistband Purple
1900,覇山 Waistband・Purple,Supreme Mountain Waistband Purple
1901,覇山F Waistband・Purple,Supreme Mountain F Waistband Purple
1902,竜巻 Colour Belt・White,Tornado Colour Belt White
1903,竜巻F Colour Belt・White,Tornado F Colour Belt White
1904,True 空 Colour Belt・White,True Sky Colour Belt White
1905,True 空F Colour Belt・White,True SkyF Colour Belt White
1906,千裂 Waistband・White,Thousand Rends Waistband White
1907,千裂F Waistband・White,Thousand Rends F Waistband White
1908,覇山 Waistband・White,Supreme Mountain Waistband White
1909,覇山F Waistband・White,Supreme Mountain F Waistband White
1910,竜巻 Colour Belt・Blue,Tornado Colour Belt Blue
1911,竜巻F Colour Belt・Blue,Tornado F Colour Belt Blue
1912,True 空 Colour Belt・Blue,True Sky Colour Belt Blue
1913,True 空F Colour Belt・Blue,True SkyF Colour Belt Blue
1914,千裂 Waistband・Green,Thousand Rends Waistband Green
1915,千裂F Waistband・Green,Thousand Rends F Waistband Green
1916,覇山 Waistband・Green,Supreme Mountain Waistband Green
1917,覇山F Waistband・Green,Supreme Mountain F Waistband Green
1918,正拳 Black Obi,Fist Black Sash
1919,正拳F Black Obi,Fist F Black Sash
1920,灼熱 Black Obi,Scorching Black Obi
1921,灼熱F Black Obi,Scorching F Black Obi
1922,龍星 Waistband,Dragon Star Waistband
1923,龍星F Waistband,Dragon Star F Waistband
1924,虎襲 Waistband,Tiger Assault Waistband
1925,虎襲F Waistband,Tiger Assault F Waistband
1926,旋風 Black Obi,Whirlwind Black Sash
1927,旋風F Black Obi,Whirlwind F Black Sash
1928,巴 Black Obi,Swirl Black Sash
1929,巴F Black Obi,Swirl F Black Sash
1930,Heaven 空 Waistband,Heaven Sky Waistband
1931,Heaven 空F Waistband,Heaven Sky F Waistband
1932,Heaven 昇 Waistband,Heaven Ascend Waistband
1933,Heaven 昇F Waistband,Heaven AscendF Waistband
1934,Jeamu Coil,
1935,Jeamu F Coil,
1936,Amyusu Coil,
1937,Amyusu F Coil,
1938,Clevan Coil,
1939,Clevan F Coil,
1940,Meterosu Coat,
1941,Meterosu F Coat,
1942,Shipureru Coil,
1943,Shipureru F Coil,
1944,Toresupa Coil,
1945,Toresupa F Coil,
1946,Suteraru Coil,
1947,Suteraru F Coil,
1948,Hakyura Coat,
1949,Hakyura F Coat,
1950,Orutemo F Coil,
1951,Orutemo F Coat,
1952,忍の Obi・陰 SP Yellow,Shinobi Obi Yin SP Yellow
1953,忍の Obi・陰 SP Red,Shinobi Obi Yin SP Red
1954,忍の Obi・陰 SP Blue,Shinobi Obi Yin SP Blue
1955,K. Lobster Coil SP Black,
1956,K. Lobster Coil SP Green,
1957,K. Lobster Coil SP Blue,
1958,K. Lobster Coat SP Black,
1959,K. Lobster Coat SP Green,
1960,K. Lobster Coat SP Blue,
1961,Aneshisu F Faulds,
1962,Aneshisu F Coat,
1963,Buran F Faulds,
1964,Zwinger Coil,
1965,Zwinger Coat,
1966,Demon Lord ノ虎布・魁,Demon Lord Tiger Cloth Vanguard
1967,童子ノ虎布・魁,Youth Tiger Cloth Vanguard
1968,Melan F Faulds,
1969,Melan F Coat,
1970,Buto F Waist,
1971,Himeros FX Faulds,
1972,Charien FX Coat,
1973,Bureshisu FX Faulds,
1974,Rathalos LX Faulds,
1975,Rath Soul RX Coil,
1976,Khezu LX Faulds,
1977,Khezu RX Faulds,
1978,High Metal LX Faulds,
1979,High Metal RX Faulds,
1980,Hornetaur LX Coat,
1981,Hornetaur RX Coat,
1982,Beru ドラR Faulds,Beru Dora R Faulds
1983,Beru ドラR Coat,Beru Dora R Coat
1984,Flame Coil,
1985,Flame Coat,
1986,Noon Glow Obi,
1987,夕茜ノ Obi,Evening Crimson Sash
1988,Poogie Hip,
1989,Poogie F Hip,
1990,Poogie Nappy,
1991,Poogie F Nappy,
1992,Mandora Coil,
1993,Mandora F Coil,
1994,Mandora Coat,
1995,Mandora F Coat,
1996,Aonoko Coil,
1997,Aonoko F Coil,
1998,Aonoko Coat,
1999,Aonoko F Coat,
2000,Zeroi Faulds,
2001,Zeroi F Faulds,
2002,Zeroi Coat,
2003,Zeroi F Coat,
2004,Rail Coil,
2005,Rail F Coil,
2006,Rail Coat,
2007,Rail F Coat,
2008,Rudeos Faulds,
2009,Rudeos F Faulds,
2010,Rudeos Coat,
2011,Rudeos F Coat,
2012,Orchesis Coil,
2013,Orchesis F Coil,
2014,Orchesis Coat,
2015,Orchesis F Coat,
2016,フルイト Faulds,Fuluit Faulds
2017,フルイトF Faulds,Fuluit F Faulds
2018,ゲレオン Faulds,Gereon Faulds
2019,ゲレオンF Faulds,GereonF Faulds
2020,ケック Faulds,Kekk Faulds
2021,ケックF Faulds,KekkF Faulds
2022,ヘンフロ Coat,Henfro Coat
2023,ヘンフロF Coat,HenfloF Coat
2024,フリゲト Faulds,Friget Faulds
2025,フリゲトF Faulds,Friget F Faulds
2026,バーク Faulds,Bark Faulds
2027,バークF Faulds,Bark F Faulds
2028,ブリガン Faulds,Brigan Faulds
2029,ブリガンF Faulds,Brigan F Faulds
2030,プラム Coat,Plum Coat
2031,プラムF Coat,Plum F Coat
2032,Maisto Coil・Crimson,Maisto Coil Crimson
2033,Maisto F Coil・Crimson,Maisto F Coil Crimson
2034,Maisto Coat・Crimson,Maisto Coat Crimson
2035,Maisto F Coat・Crimson,Maisto F Coat Crimson
2036,Maisto Coil・Green,Maisto Coil Green
2037,Maisto F Coil・Green,Maisto F Coil Green
2038,Maisto Coat・Green,Maisto Coat Green
2039,Maisto F Coat・Green,Maisto F Coat Green
2040,Maisto Coil・Green,Maisto Coil Green
2041,Maisto F Coil・Green,Maisto F Coil Green
2042,Maisto Coat・Green,Maisto Coat Green
2043,Maisto F Coat・Green,Maisto F Coat Green
2044,Maisto Coil・Pink,Maisto Coil Pink
2045,Maisto F Coil・Pink,Maisto F Coil Pink
2046,Maisto Coat・Pink,Maisto Coat Pink
2047,Maisto F Coat・Pink,Maisto F Coat Pink
2048,Wagune Coil,
2049,Wagune F Coil,
2050,Wagune Coat,
2051,Wagune F Coat,
2052,Pistis F Coil,
2053,Pistis F Coat,
2054,Hypnoc Coil SP Green,
2055,Hypnoc Coil SP Red,
2056,Hypnoc Coil SP Yellow,
2057,Beru Faulds SP Black,
2058,Beru Faulds SP Red,
2059,Beru Faulds SP Purple,
2060,Beru Coat SP Black,
2061,Beru Coat SP Red,
2062,Beru Coat SP Purple,
2063,Rurudi Coil,
2064,Rurudi Coat,
2065,Arc F Faulds,
2066,Arc F Coat,
2067,Strega FX Faulds,
2068,Strega FX Coat,
2069,Rath Heart RX Coil,
2070,Rathian LX Faulds,
2071,Vespoid RX Coat,
2072,Vespoid LX Coat,
2073,Hermitaur RX Faulds,
2074,Hermitaur LX Faulds,
2075,Diablos RX Coil,
2076,Diablos LX Coil,
2077,リリオ Coil,Lilio Coil
2078,フレサ Coil,Fresa Coil
2079,クラ Beru Coil,Kura Beru Coil
2080,シルエラ Coil,Shirela Coil
2081,カメ Lea Coil,Turtle Lea Coil
2082,ハシント Coil,Hacinto Coil
2083,セレソ Coil,Serezo Coil
2084,オリバ Coil,Oriba Coil
2085,ラウレル Coat,Laurel Coat
2086,ココ Coat,Koko Coat
2087,グラナダ Coat,Granada Coat
2088,アトロ Waist,Atro Waist
2089,アトロF Waist,Atro F Waist
2090,アトロ Belt,Atro Belt
2091,アトロF Belt,Atro F Belt
2092,Gogomoa Faulds,
2093,Gogomoa F Faulds,
2094,Gogomoa Coat,
2095,Gogomoa F Coat,
2096,Wadatsumi 【丸 Obi 】,Wadatsumi [Maru Obi]
2097,Okami 【丸 Obi 】,Okami (Maru Obi)
2098,Diina Waist,
2099,Diina F Waist,
2100,True Shadow Obi,
2101,True Shadow Obi・魁,True Shadow Waist Pioneer
2102,翔影ノ Obi,Soaring Shadow Obi
2103,翔影ノ Obi・魁,Soaring Shadow Sash Vanguard
2104,Black Tiger Obi,
2105,Black 豹ノ Obi,Black Leopard Obi
2106,刹帝利ノ虎布,Kshatriya's Tiger Cloth
2107,婆羅門ノ虎布,Brahman Tiger Cloth
2108,Galitos Belt・Tea,Galitos Belt Tea
2109,Galitos F Belt・Tea,Galitos F Belt Tea
2110,Galitos Coat・Tea,Galitos Coat Tea
2111,Galitos F Coat・Tea,Galitos F Coat Tea
2112,Galitos Belt・Red,Galitos Belt Red
2113,Galitos F Belt・Red,Galitos F Belt Red
2114,Galitos Coat・Red,Galitos Coat Red
2115,Galitos F Coat・Red,Galitos F Coat Red
2116,Galitos Belt・Black,Galitos Belt Black
2117,Galitos F Belt・Black,Galitos F Belt Black
2118,Galitos Coat・Black,Galitos Coat Black
2119,Galitos F Coat・Black,Galitos F Coat Black
2120,Galitos Belt・Water,Galitos Belt Water
2121,Galitos F Belt・Water,Galitos F Belt Water
2122,Galitos Coat・Water,Galitos Coat Water
2123,Galitos F Coat・Water,Galitos F Coat Water
2124,Riburi Coil,
2125,Riburi F Coil,
2126,Riburi FZ Coil,
2127,Riburi Coat,
2128,Riburi F Coat,
2129,Riburi FZ Coat,
2130,Ridere Coil,
2131,Ridere F Coil,
2132,Ridere Coat,
2133,Ridere F Coat,
2134,Riot Faulds,
2135,Riot F Faulds,
2136,Riot Coat,
2137,Riot F Coat,
2138,スケ Ina Faulds,Suke Ina Faulds
2139,スケ Ina F Faulds,Suke Ina F Faulds
2140,ミッシナ Faulds,Misshina Faulds
2141,ミッシナF Faulds,Mischina F Faulds
2142,プリース Faulds,Pris Faulds
2143,プリースF Faulds,Pris F Faulds
2144,レキトリ Coat,Lekitri Coat
2145,レキトリF Coat,Lekitri F Coat
2146,マドニカ Faulds,Madonika Faulds
2147,マドニカF Faulds,Madonika F Faulds
2148,ヴィリヤ Faulds,Viria Faulds
2149,ヴィリヤF Faulds,Viria F Faulds
2150,ラプラル Faulds,Rapural Faulds
2151,ラプラルF Faulds,Lapral F Faulds
2152,サザール Coat,Sazal Coat
2153,サザールF Coat,Sazal F Coat
2154,Truss Belt Blue,
2155,Truss F Belt Blue,
2156,Truss サッシュ Blue,Truss Sash Blue
2157,Truss Fサッシュ Blue,Truss F Sash Blue
2158,Truss Belt Red,
2159,Truss F Belt Red,
2160,Truss サッシュ Red,Truss Sash Red
2161,Truss Fサッシュ Red,Truss F Sash Red
2162,Truss Belt White,
2163,Truss F Belt White,
2164,Truss サッシュ White,Truss Sash White
2165,Truss Fサッシュ White,Truss F Sash White
2166,Truss Belt Purple,
2167,Truss F Belt Purple,
2168,Truss サッシュ Purple,Truss Sash Purple
2169,Truss Fサッシュ Purple,Truss F Sash Purple
2170,Demon Coat Blue,
2171,Demon F Coat Blue,
2172,Chaos Coat Blue,
2173,Chaos F Coat Blue,
2174,Demon Coat Red,
2175,Demon F Coat Red,
2176,Chaos Coat Red,
2177,Chaos F Coat Red,
2178,Demon Coat Green,
2179,Demon F Coat Green,
2180,Chaos Coat Green,
2181,Chaos F Coat Green,
2182,Demon Coat White,
2183,Demon F Coat White,
2184,Chaos Coat White,
2185,Chaos F Coat White,
2186,Shadow Wing Purple,
2187,Shadow F Wing Purple,
2188,Soul Wing Purple,
2189,Soul F Wing Purple,
2190,Shadow Wing Red,
2191,Shadow F Wing Red,
2192,Soul Wing Red,
2193,Soul F Wing Red,
2194,Shadow Wing Green,
2195,Shadow F Wing Green,
2196,Soul Wing Green,
2197,Soul F Wing Green,
2198,Shadow Wing White,
2199,Shadow F Wing White,
2200,Soul Wing White,
2201,Soul F Wing White,
2202,フィディ Faulds,Fidi Faulds
2203,エピディ Faulds,Epidi Faulds
2204,ヴェルフィ Faulds,Velufi Faulds
2205,ヴェルフィ Coat,Velufi Coat
2206,テリオグ Faulds,Teriog Faulds
2207,テリオグ Coat,Teriog Coat
2208,Kurossu Coil,
2209,Kurossu F Coil,
2210,Kurossu Coat,
2211,Kurossu F Coat,
2212,Shieri FX Faulds,
2213,Shieri FX Coat,
2214,Craft FX Coil,
2215,Craft FX Coat,
2216,Moss Covered FX Faulds,
2217,Moss Covered FX Coat,
2218,Excelle FX Faulds,
2219,Excelle FX Coat,
2220,Blue Sky Obi・True,Blue Sky Obi True
2221,Welkin Obi・True,Welkin Obi True
2222,ビステマ Coat,Bistema Coat
2223,Rath Duo F Coil,
2224,Rath Duo F Coat,
2225,ロークF Faulds,Rook F Faulds
2226,ロークF Coat,Rook F Coat
2227,Buruho F Coil・Blue,Buruho F Coil Blue
2228,マー Gear F Coat・Blue,Marr Gear F Coat Blue
2229,Gogomoa FX Faulds,
2230,Gogomoa FX Coat,
2231,Kuraaji FX Faulds,
2232,Kuraaji FX Coat,
2233,Zaakaa FX Coil,
2234,Chaser FX Belt,
2235,Abitto FZ Coil,
2236,Abitto FZ Coat,
2237,Arge FZ Coil,
2238,Arge FZ Coat,
2239,Camarera FZ Coil,
2240,Camarera FZ Coat,
2241,Metenera FZ Coil,
2242,Metenera FZ Coat,
2243,Ruko FX Wing,
2244,Ruko FXテイル,Ruko FX Tail
2245,Zamuza Faulds,
2246,Zamuza F Faulds,
2247,Zamuza FX Faulds,
2248,Zamuza Coat,
2249,Zamuza F Coat,
2250,Zamuza FX Coat,
2251,Abiorugu Faulds,
2252,Abiorugu F Faulds,
2253,Abiorugu FX Faulds,
2254,Abiorugu Coat,
2255,Abiorugu F Coat,
2256,Abiorugu FX Coat,
2257,Black Belt Coil SP White,
2258,Black Belt Coil SP Black,
2259,Black Belt Coil SP Blue,
2260,Apkallu Coil SP White,
2261,Apkallu Coil SP Green,
2262,Apkallu Coil SP Yellow,
2263,Cepha LX Faulds,
2264,Blango LX Faulds,
2265,Gravios LX Faulds,
2266,Bone LX Coat,
2267,Cepha RX Faulds,
2268,Blango RX Faulds,
2269,Gravios RX Faulds,
2270,Bone RX Coat,
2271,White Snake Obi,
2272,White Snake Obi・魁,White Snake Sash Pioneer
2273,White 鳥ノ Obi,White Bird Sash
2274,White 鳥ノ Obi・魁,White Bird Sash Vanguard
2275,Kakabu Coil,
2276,Kakabu Coat,
2277,Onero Faulds,
2278,Onero Coat,
2279,Jyaga Faulds,
2280,Jyaga Coat,
2281,Omet Coil・Black,Omet Coil Black
2282,Omet F Coil・Black,Omet F Coil Black
2283,Omet Coat・Black,Omet Coat Black
2284,Omet F Coat・Black,Omet F Coat Black
2285,Omet Coil・Red,Omet Coil Red
2286,Omet F Coil・Red,Omet F Coil Red
2287,Omet Coat・Red,Omet Coat Red
2288,Omet F Coat・Red,Omet F Coat Red
2289,Omet Coil・White,Omet Coil White
2290,Omet F Coil・White,Omet F Coil White
2291,Omet Coat・White,Omet Coat White
2292,Omet F Coat・White,Omet F Coat White
2293,Omet Coil・Blue,Omet Coil Blue
2294,Omet F Coil・Blue,Omet F Coil Blue
2295,Omet Coat・Blue,Omet Coat Blue
2296,Omet F Coat・Blue,Omet F Coat Blue
2297,Rutare Faulds,
2298,Rutare F Faulds,
2299,Rutare Coat,
2300,Rutare F Coat,
2301,Rolling Flow の腰当て,Rolling Flow Waist
2302,Rolling Flow の腰当て・魁,Rolling Flow Waist Vanguard
2303,旋転の Waist て,Spinning Waistguard
2304,旋転の Waist て・魁,Spinning Waistguard Vanguard
2305,厳岩の Waist て,Sternrock Waist
2306,厳岩の Waist て・魁,Sternrock Waist Vanguard
2307,不破の Waist て,Fuwa Waistguard
2308,不破の Waist て・魁,Fuwa Waistguard Kai
2309,無想の Waist て,No-Mind Waistguard
2310,無想の Waist て・魁,No-Mind Waistguard Vanguard
2311,俊激の Obi,Swift and Fierce Waist
2312,俊激の Obi・魁,Swift and Fierce Waist Pioneer
2313,Suifudo Coil,
2314,Suifudo F Coil,
2315,Merodesu Coil,
2316,Merodesu F Coil,
2317,Sumatosu Coil,
2318,Sumatosu F Coil,
2319,Passhio Coat,
2320,Passhio F Coat,
2321,Cultu Coil・Ash,Cultu Coil Ash
2322,Cultu F Coil・Ash,Cultu F Coil Ash
2323,Cultu Coat・Ash,Cultu Coat Ash
2324,Cultu F Coat・Ash,Cultu F Coat Ash
2325,Cultu Coil・Blue,Cultu Coil Blue
2326,Cultu F Coil・Blue,Cultu F Coil Blue
2327,Cultu Coat・Blue,Cultu Coat Blue
2328,Cultu F Coat・Blue,Cultu F Coat Blue
2329,Cultu Coil・Orange,Cultu Coil Orange
2330,Cultu F Coil・Orange,Cultu F Coil Orange
2331,Cultu Coat・Orange,Cultu Coat Orange
2332,Cultu F Coat・Orange,Cultu F Coat Orange
2333,Cultu Coil・Green,Cultu Coil Green
2334,Cultu F Coil・Green,Cultu F Coil Green
2335,Cultu Coat・Green,Cultu Coat Green
2336,Cultu F Coat・Green,Cultu F Coat Green
2337,Jisutoreru F Waist,
2338,Risaaza F Coil,
2339,Risaaza F Coat,
2340,Text FZ Coil・Purple,Text FZ Coil Purple
2341,Text FZ Coil・Green,Text FZ Coil Green
2342,Text FZ Coil・Blue,Text FZ Coil Blue
2343,Text FZ Coil・Black,Text FZ Coil Black
2344,Text FZ Coat・Purple,Text FZ Coat Purple
2345,Text FZ Coat・Green,Text FZ Coat Green
2346,Text FZ Coat・Blue,Text FZ Coat Blue
2347,Text FZ Coat・Black,Text FZ Coat Black
2348,Suriito FZ Coil・Yellow,Sleet FZ Coil Yellow
2349,Suriito FZ Coil・Silver,Sleet FZ Coil Silver
2350,Suriito FZ Coil・Red,Sleet FZ Coil Red
2351,Suriito FZ Coil・Blue,Sleet FZ Coil Blue
2352,Suriito FZ Coat・Yellow,Sleet FZ Coat Yellow
2353,Suriito FZ Coat・Silver,Sleet FZ Coat Silver
2354,Suriito FZ Coat・Red,Sleet FZ Coat Red
2355,Suriito FZ Coat・Blue,Sleet FZ Coat Blue
2356,Steno FZ Elytra ー・Orange,Steno FZ Elytra - Orange
2357,Steno FZ Elytra ー・Peach,Steno FZ Elytra - Peach
2358,Steno FZ Elytra ー・Blue,Steno FZ Elytra - Blue
2359,Steno FZ Elytra ー・Red,Steno FZ Elytra - Red
2360,Steno FZ Coat・Orange,Steno FZ Coat Orange
2361,Steno FZ Coat・Peach,Steno FZ Coat Peach
2362,Steno FZ Coat・Blue,Steno FZ Coat Blue
2363,Steno FZ Coat・Red,Steno FZ Coat Red
2364,Edio FZ Coil・Blue,Edio FZ Coil Blue
2365,Edio FZ Coil・Red,Edio FZ Coil Red
2366,Edio FZ Coil・Yellow,Edio FZ Coil Yellow
2367,Edio FZ Coil・Black,Edio FZ Coil Black
2368,Edio FZ Coat・Blue,Edio FZ Coat Blue
2369,Edio FZ Coat・Red,Edio FZ Coat Red
2370,Edio FZ Coat・Yellow,Edio FZ Coat Yellow
2371,Edio FZ Coat・Black,Edio FZ Coat Black
2372,Galitos FZ Belt・Tea,Galitos FZ Belt Tea
2373,Galitos FZ Belt・Red,Galitos FZ Belt Red
2374,Galitos FZ Belt・Black,Galitos FZ Belt Black
2375,Galitos FZ Belt・Water,Galitos FZ Belt Water
2376,Galitos FZ Coat・Tea,Galitos FZ Coat Tea
2377,Galitos FZ Coat・Red,Galitos FZ Coat Red
2378,Galitos FZ Coat・Black,Galitos FZ Coat Black
2379,Galitos FZ Coat・Water,Galitos FZ Coat Water
2380,Beil F Reflector,
2381,ダミー,Dummy
2382,Jess Faulds,
2383,Jess F Faulds,
2384,Jess FY Faulds,
2385,Jess HC Faulds,
2386,Jess Coat,
2387,Jess F Coat,
2388,Jess FY Coat,
2389,Jess HC Coat,
2390,Eques HC Faulds,
2391,Eques HC Coat,
2392,Kuraaji HC Faulds,
2393,Kuraaji HC Coat,
2394,Melan FY Faulds,
2395,Melan HC Faulds,
2396,Melan FY Coat,
2397,Melan HC Coat,
2398,Harubadaa FY Coil,
2399,Harubadaa HC Coil,
2400,Tracker FY Belt,
2401,Tracker HC Belt,
2402,Omet FZ Coil・Black,Omet FZ Coil Black
2403,Omet FZ Coat・Black,Omet FZ Coat Black
2404,Omet FZ Coil・Red,Omet FZ Coil Red
2405,Omet FZ Coat・Red,Omet FZ Coat Red
2406,Omet FZ Coil・White,Omet FZ Coil White
2407,Omet FZ Coat・White,Omet FZ Coat White
2408,Omet FZ Coil・Blue,Omet FZ Coil Blue
2409,Omet FZ Coat・Blue,Omet FZ Coat Blue
2410,Cultu FZ Coil・Ash,Cultu FZ Coil Ash
2411,Cultu FZ Coat・Ash,Cultu FZ Coat Ash
2412,Cultu FZ Coil・Blue,Cultu FZ Coil Blue
2413,Cultu FZ Coat・Blue,Cultu FZ Coat Blue
2414,Cultu FZ Coil・Orange,Cultu FZ Coil Orange
2415,Cultu FZ Coat・Orange,Cultu FZ Coat Orange
2416,Cultu FZ Coil・Green,Cultu FZ Coil Green
2417,Cultu FZ Coat・Green,Cultu FZ Coat Green
2418,Cultu HC Coil・Ash,Cultu HC Coil Ash
2419,Cultu HC Coat・Ash,Cultu HC Coat Ash
2420,Cultu HC Coil・Blue,Cultu HC Coil Blue
2421,Cultu HC Coat・Blue,Cultu HC Coat Blue
2422,Cultu HC Coil・Orange,Cultu HC Coil Orange
2423,Cultu HC Coat・Orange,Cultu HC Coat Orange
2424,Cultu HC Coil・Green,Cultu HC Coil Green
2425,Cultu HC Coat・Green,Cultu HC Coat Green
2426,Gauss FZ Coil,
2427,Weber FZ Coil,
2428,Gilbert FZ Coil,
2429,Gauss FZ Coat,
2430,Weber FZ Coat,
2431,Gilbert FZ Coat,
2432,Gauss HC Coil,
2433,Weber HC Coil,
2434,Gilbert HC Coil,
2435,Gauss HC Coat,
2436,Weber HC Coat,
2437,Gilbert HC Coat,
2438,Shaln FZ Belt・Blue,Shaln FZ Belt Blue
2439,Shaln HC Belt・Blue,Shaln HC Belt Blue
2440,Shaln FZ Pouch・Blue,Shaln FZ Pouch Blue
2441,Shaln HC Pouch・Blue,Shaln HC Pouch Blue
2442,Shaln FZ Belt・Green,Shaln FZ Belt Green
2443,Shaln HC Belt・Green,Shaln HC Belt Green
2444,Shaln FZ Pouch・Green,Shaln FZ Pouch Green
2445,Shaln HC Pouch・Green,Shaln HC Pouch Green
2446,Shaln FZ Belt・Purple,Shaln FZ Belt Purple
2447,Shaln HC Belt・Purple,Shaln HC Belt Purple
2448,Shaln FZ Pouch・Purple,Shaln FZ Pouch Purple
2449,Shaln HC Pouch・Purple,Shaln HC Pouch Purple
2450,Shaln FZ Belt・White,Shaln FZ Belt White
2451,Shaln HC Belt・White,Shaln HC Belt White
2452,Shaln FZ Pouch・White,Shaln FZ Pouch White
2453,Shaln HC Pouch・White,Shaln HC Pouch White
2454,ダミー,Dummy
2455,ダミー,Dummy
2456,ダミー,Dummy
2457,ダミー,Dummy
2458,ダミー,Dummy
2459,ダミー,Dummy
2460,ダミー,Dummy
2461,ダミー,Dummy
2462,ダミー,Dummy
2463,ダミー,Dummy
2464,ダミー,Dummy
2465,ダミー,Dummy
2466,ダミー,Dummy
2467,ダミー,Dummy
2468,ダミー,Dummy
2469,ダミー,Dummy
2470,ダミー,Dummy
2471,ダミー,Dummy
2472,ダミー,Dummy
2473,ダミー,Dummy
2474,ダミー,Dummy
2475,Kuaru Faulds,
2476,Kuaru F Faulds,
2477,Kuaru FX Faulds,
2478,Kuaru Coat,
2479,Kuaru F Coat,
2480,Kuaru FX Coat,
2481,Wind アンダ,Wind Anda
2482,Wind アドミ,Wind Admi
2483,Ruko Wing SP White,
2484,Ruko Wing SP Blue,
2485,Ruko Wing SP Red,
2486,Ruko テイル SP White,Ruko Tail SP White
2487,Ruko テイル SP Blue,Ruko Tail SP Blue
2488,Ruko テイル SP Red,Ruko Tail SP Red
2489,Comrade Belt SP White Red,
2490,Comrade Belt SP White Blue,
2491,Comrade Belt SP White Yellow,
2492,Rubellite Coil,
2493,Rubellite F Coil,
2494,Rubellite FX Coil,
2495,ラズライト Coil,Lazulite Coil
2496,ラズライトF Coil,LazuliteF Coil
2497,ラズライトFX Coil,LazuriteFX Coil
2498,Zircon Coil,
2499,Zircon F Coil,
2500,Zircon FX Coil,
2501,Spinel Coil,
2502,Spinel F Coil,
2503,Spinel FX Coil,
2504,Pyrope Coil,
2505,Pyrope F Coil,
2506,Pyrope FX Coil,
2507,アイオラ Coil,Aiora Coil
2508,アイオラF Coil,Aiora F Coil
2509,アイオラFX Coil,Aiora FX Coil
2510,Jade Coil,
2511,Jade F Coil,
2512,Jade FX Coil,
2513,Agate Coil,
2514,Agate F Coil,
2515,Agate FX Coil,
2516,Citrine Coat,
2517,Citrine F Coat,
2518,Citrine FX Coat,
2519,Peridot Coat,
2520,Peridot F Coat,
2521,Peridot FX Coat,
2522,Turquoise Coat,
2523,Turquoise F Coat,
2524,Turquoise FX Coat,
2525,Valued Word Obi,
2526,Valued Word Obi・魁,Valued Word Obi Pioneer
2527,Valued Word Obi・Smart,Valued Word Obi Smart
2528,Valued Word Obi・Flower,Valued Word Obi Flower
2529,式部ノ Obi,Ceremonial Obi
2530,式部ノ Obi・魁,Ceremonial Obi Chief
2531,式部ノ Obi・Smart,Ceremonial Obi Smart
2532,式部ノ Obi・Flower,Ceremonial Obi Flower
2533,Aruru Coil,
2534,Aruru F Coil,
2535,Aruru FY Coil,
2536,Aruru HC Coil,
2537,Aruru Coat,
2538,Aruru F Coat,
2539,Aruru FY Coat,
2540,Aruru HC Coat,
2541,Oorowa Faulds,
2542,Oorowa F Faulds,
2543,Oorowa FY Faulds,
2544,Oorowa HC Faulds,
2545,Oorowa Coat,
2546,Oorowa F Coat,
2547,Oorowa FY Coat,
2548,Oorowa HC Coat,
2549,Onero F Faulds,
2550,Onero F Coat,
2551,Diru FY Faulds,
2552,Diru FY Coat,
2553,Strega HC Faulds,
2554,Strega HC Coat,
2555,Zaakaa HC Coil,
2556,Chaser HC Belt,
2557,Demon Lord ノ虎布・Extreme,Demon Lord Tiger Cloth Extreme
2558,Demon Lord ノ虎布・Heaven,Demon Lord Tiger Cloth Heaven
2559,童子ノ虎布・Extreme,Youth Tiger Cloth Extreme
2560,童子ノ虎布・Heaven,Youth Tiger Cloth Heaven
2561,アナキF Waist,Anaki F Waist
2562,アナキFY Waist,Anaki FY Waist
2563,アナキHC Waist,Anaki HC Waist
2564,アナキF Belt,Anaki F Belt
2565,アナキFY Belt,Anaki FY Belt
2566,アナキHC Belt,Anaki HC Belt
2567,Royal FY Coil,
2568,Royal HC Coil,
2569,Lord FY Belt,
2570,Lord HC Belt,
2571,フレイ Coil,Frey Coil
2572,クロノス Coil,Chronos Coil
2573,フレイ Coat,Frey Coat
2574,クロノス Coat,Chronos Coat
2575,Himeros HC Faulds,
2576,Bureshisu HC Faulds,
2577,Charien HC Coat,
2578,Buran FY Faulds,
2579,Buran HC Faulds,
2580,Gypceros LX Faulds,
2581,Ceanataur LX Faulds,
2582,Tigrex LX Faulds,
2583,Monoblos LX Coat,
2584,Gypceros RX Faulds,
2585,Ceanataur RX Faulds,
2586,Espinas RX Navel,
2587,Monodevil RX Coat,
2588,Cayssis Coil Water,
2589,Cayssis F Coil Water,
2590,Cayssis FZ Coil Water,
2591,Cayssis Coat Water,
2592,Cayssis F Coat Water,
2593,Cayssis FZ Coat Water,
2594,Cayssis Coil Red,
2595,Cayssis F Coil Red,
2596,Cayssis FZ Coil Red,
2597,Cayssis Coat Red,
2598,Cayssis F Coat Red,
2599,Cayssis FZ Coat Red,
2600,Cayssis Coil Blue,
2601,Cayssis F Coil Blue,
2602,Cayssis FZ Coil Blue,
2603,Cayssis Coat Blue,
2604,Cayssis F Coat Blue,
2605,Cayssis FZ Coat Blue,
2606,Cayssis Coil Orange,
2607,Cayssis F Coil Orange,
2608,Cayssis FZ Coil Orange,
2609,Cayssis Coat Orange,
2610,Cayssis F Coat Orange,
2611,Cayssis FZ Coat Orange,
2612,Rolling Sky の腰当て,Rolling Sky Waist Guard
2613,Rolling Sky の腰当て・魁,Rolling Sky Waist Guard Vanguard
2614,Rolling Earth の腰当て,Rolling Earth Waistguard
2615,Rolling Earth の腰当て・魁,Rolling Earth Waistguard Vanguard
2616,Cubie Coil,
2617,Cubie F Coil,
2618,Cubie FZ Coil,
2619,Cubie Coat,
2620,Cubie F Coat,
2621,Cubie FZ Coat,
2622,フラート Coil,Flirt Coil
2623,フラートF Coil,Flirt F Coil
2624,ナーレー Coil,Naree Coil
2625,ナーレーF Coil,Narley F Coil
2626,ヘイツ Coil,Heights Coil
2627,ヘイツF Coil,Heights F Coil
2628,レーング Coat,Rang Coat
2629,レーングF Coat,Rang F Coat
2630,シャッド Coil,Shad Coil
2631,シャッドF Coil,Shad F Coil
2632,フュージ Coil,Fuge Coil
2633,フュージF Coil,FugeF Coil
2634,タニイ Coil,Tanii Coil
2635,タニイF Coil,TaniiF Coil
2636,ミナム Coat,Minam Coat
2637,ミナムF Coat,Minam F Coat
2638,Siena Coil・Silver,Siena Coil Silver
2639,Siena F Coil・Silver,Siena F Coil Silver
2640,Siena FZ Coil・Silver,Siena FZ Coil Silver
2641,Siena HC Coil・Silver,Siena HC Coil Silver
2642,Siena Coat・Silver,Siena Coat Silver
2643,Siena F Coat・Silver,Siena F Coat Silver
2644,Siena FZ Coat・Silver,Siena FZ Coat Silver
2645,Siena HC Coat・Silver,Siena HC Coat Silver
2646,Siena Coil・Black,Siena Coil Black
2647,Siena F Coil・Black,Siena F Coil Black
2648,Siena FZ Coil・Black,Siena FZ Coil Black
2649,Siena HC Coil・Black,Siena HC Coil Black
2650,Siena Coat・Black,Siena Coat Black
2651,Siena F Coat・Black,Siena F Coat Black
2652,Siena FZ Coat・Black,Siena FZ Coat Black
2653,Siena HC Coat・Black,Siena HC Coat Black
2654,Siena Coil・Red,Siena Coil Red
2655,Siena F Coil・Red,Siena F Coil Red
2656,Siena FZ Coil・Red,Siena FZ Coil Red
2657,Siena HC Coil・Red,Siena HC Coil Red
2658,Siena Coat・Red,Siena Coat Red
2659,Siena F Coat・Red,Siena F Coat Red
2660,Siena FZ Coat・Red,Siena FZ Coat Red
2661,Siena HC Coat・Red,Siena HC Coat Red
2662,Siena Coil・Blue,Siena Coil Blue
2663,Siena F Coil・Blue,Siena F Coil Blue
2664,Siena FZ Coil・Blue,Siena FZ Coil Blue
2665,Siena HC Coil・Blue,Siena HC Coil Blue
2666,Siena Coat・Blue,Siena Coat Blue
2667,Siena F Coat・Blue,Siena F Coat Blue
2668,Siena FZ Coat・Blue,Siena FZ Coat Blue
2669,Siena HC Coat・Blue,Siena HC Coat Blue
2670,Gauss Coil,
2671,Gauss F Coil,
2672,Weber Coil,
2673,Weber F Coil,
2674,Gilbert Coil,
2675,Gilbert F Coil,
2676,Gauss Coat,
2677,Gauss F Coat,
2678,Weber Coat,
2679,Weber F Coat,
2680,Gilbert Coat,
2681,Gilbert F Coat,
2682,Regyukusu F Coil,
2683,Regyukusu F Coat,
2684,Garuda FZ Waist,
2685,Garuda FZ Belt,
2686,Feral FZ Waist,
2687,Feral FZ Belt,
2688,Pandeum FZ Waist,
2689,Pandeum FZ Belt,
2690,Dian FZ Waist,
2691,Dian FZ Belt,
2692,Wild FZ Waist,
2693,Wild FZ Belt,
2694,Flower FZ Waist,
2695,Flower FZ Belt,
2696,Fias FZ Waist,
2697,Fias FZ Belt,
2698,Viruto FZ Waist,
2699,Viruto FZ Belt,
2700,Tune FZ Waist,
2701,Schnite FZ Belt,
2702,Dicto FZ Waist,
2703,Diletto FZ Belt,
2704,Kruss FZ Waist,
2705,Quote FZ Belt,
2706,Starina FZ Waist,
2707,Starina FZ Belt,
2708,Loose FZ Waist,
2709,Loose FZ Belt,
2710,Mirado FZ Waist,
2711,Mirado FZ Belt,
2712,Deyuru FZ Faulds,
2713,Deyuru FZ Coat,
2714,Robust FZアンダ,Robust FZ Under
2715,Robust FZテイル,Robust FZ Tail
2716,Falco FZ Faulds,
2717,Falco FZ Coat,
2718,Howx FZ Faulds,
2719,Howx FZ Coat,
2720,Pirata FZ Faulds,
2721,Pirata FZ Coat,
2722,Zeroi FZ Faulds,
2723,Zeroi FZ Coat,
2724,Rail FZ Coil,
2725,Rail FZ Coat,
2726,Ridere FZ Coil,
2727,Ridere FZ Coat,
2728,Riot FZ Faulds,
2729,Riot FZ Coat,
2730,Rutare FZ Faulds,
2731,Rutare FZ Coat,
2732,Rolling Flow の腰当て・Elegant,Rolling Flow Waist Elegant
2733,旋転の腰当て・Elegant,Spinning Waistguard Elegant
2734,Rolling Sky の腰当て・Elegant,Rolling Sky Waist Guard Elegant
2735,Rolling Earth の腰当て・Elegant,Rolling Earth Waistguard Elegant
2736,Odiva Faulds,
2737,Odiva F Faulds,
2738,Odiva FX Faulds,
2739,Odiva Coat,
2740,Odiva F Coat,
2741,Odiva FX Coat,
2742,武者 [Waist て】,Warrior [Waist]
2743,日光 [Waist て】,Sunlight [Waist]
2744,Blitz Fフープ,Blitz F Hoop
2745,Blitz Fショルト,Blitz F Sholt
2746,Flame F Coil,
2747,Flame F Coat,
2748,Wind Fアンダ,Wind F Anda
2749,Wind Fアドミ,Wind F Admi
2750,武者F【腰当て】,Warrior F[Waist]
2751,日光F【腰当て】,Sunlight F [Waist]
2752,Wadatsumi F【丸 Obi 】,Wadatsumi F [Waist]
2753,Okami F【丸 Obi 】,Okami F (Maru Obi)
2754,Santa Faulds,
2755,Santa F Faulds,
2756,Santa Coat,
2757,Santa F Coat,
2758,トリート Waist,Treat Waist
2759,トリートF Waist,Treat F Waist
2760,トリートFY Waist,Treat FY Waist
2761,トリートHC Waist,Treat HC Waist
2762,トリート Belt,Treat Belt
2763,トリートF Belt,Treat F Belt
2764,トリートFY Belt,Treat FY Belt
2765,トリートHC Belt,Treat HC Belt
2766,Tangusu Coil,
2767,Tangusu F Coil,
2768,Tangusu FY Coil,
2769,Tangusu HC Coil,
2770,Kobaruta Belt,
2771,Kobaruta F Belt,
2772,Kobaruta FY Belt,
2773,Kobaruta HC Belt,
2774,Dogumea Faulds,
2775,Dogumea F Faulds,
2776,Dogumea FY Faulds,
2777,Dogumea HC Faulds,
2778,Dogumea Coat,
2779,Dogumea F Coat,
2780,Dogumea FY Coat,
2781,Dogumea HC Coat,
2782,Madaru Coil,
2783,Madaru F Coil,
2784,Madaru FY Coil,
2785,Madaru HC Coil,
2786,Madaru Coat,
2787,Madaru F Coat,
2788,Madaru FY Coat,
2789,Madaru HC Coat,
2790,Diru HC Faulds,
2791,Diru HC Coat,
2792,Vinen FY Waist,
2793,Vinen HC Waist,
2794,Vinen FY Belt,
2795,Vinen HC Belt,
2796,Breo FY Faulds,
2797,Breo HC Faulds,
2798,Kakabu F Coil,
2799,Kakabu FY Coil,
2800,Kakabu HC Coil,
2801,Kakabu F Coat,
2802,Kakabu FY Coat,
2803,Kakabu HC Coat,
2804,Gospel FY Faulds,
2805,Gospel HC Faulds,
2806,Gospel FY Coat,
2807,Gospel HC Coat,
2808,Zodic Coil・Blue,Zodic Coil Blue
2809,Zodic F Coil・Blue,Zodic F Coil Blue
2810,Zodic FZ Coil・Blue,Zodic FZ Coil Blue
2811,Zodic Coat・Blue,Zodic Coat Blue
2812,Zodic F Coat・Blue,Zodic F Coat Blue
2813,Zodic FZ Coat・Blue,Zodic FZ Coat Blue
2814,Zodic Coil・Tea,Zodic Coil Tea
2815,Zodic F Coil・Tea,Zodic F Coil Tea
2816,Zodic FZ Coil・Tea,Zodic FZ Coil Tea
2817,Zodic Coat・Tea,Zodic Coat Tea
2818,Zodic F Coat・Tea,Zodic F Coat Tea
2819,Zodic FZ Coat・Tea,Zodic FZ Coat Tea
2820,Zodic Coil・Green,Zodic Coil Green
2821,Zodic F Coil・Green,Zodic F Coil Green
2822,Zodic FZ Coil・Green,Zodic FZ Coil Green
2823,Zodic Coat・Green,Zodic Coat Green
2824,Zodic F Coat・Green,Zodic F Coat Green
2825,Zodic FZ Coat・Green,Zodic FZ Coat Green
2826,Zodic Coil・Pink,Zodic Coil Pink
2827,Zodic F Coil・Pink,Zodic F Coil Pink
2828,Zodic FZ Coil・Pink,Zodic FZ Coil Pink
2829,Zodic Coat・Pink,Zodic Coat Pink
2830,Zodic F Coat・Pink,Zodic F Coat Pink
2831,Zodic FZ Coat・Pink,Zodic FZ Coat Pink
2832,Rast Coil・Black,Rast Coil Black
2833,Rast F Coil・Black,Rast F Coil Black
2834,Rast FZ Coil・Black,Rast FZ Coil Black
2835,Rast HC Coil・Black,Rast HC Coil Black
2836,Rast Coat・Black,Rast Coat Black
2837,Rast F Coat・Black,Rast F Coat Black
2838,Rast FZ Coat・Black,Rast FZ Coat Black
2839,Rast HC Coat・Black,Rast HC Coat Black
2840,Rast Coil・Blue,Rast Coil Blue
2841,Rast F Coil・Blue,Rast F Coil Blue
2842,Rast FZ Coil・Blue,Rast FZ Coil Blue
2843,Rast HC Coil・Blue,Rast HC Coil Blue
2844,Rast Coat・Blue,Rast Coat Blue
2845,Rast F Coat・Blue,Rast F Coat Blue
2846,Rast FZ Coat・Blue,Rast FZ Coat Blue
2847,Rast HC Coat・Blue,Rast HC Coat Blue
2848,Rast Coil・Crimson,Rast Coil Crimson
2849,Rast F Coil・Crimson,Rast F Coil Crimson
2850,Rast FZ Coil・Crimson,Rast FZ Coil Crimson
2851,Rast HC Coil・Crimson,Rast HC Coil Crimson
2852,Rast Coat・Crimson,Rast Coat Crimson
2853,Rast F Coat・Crimson,Rast F Coat Crimson
2854,Rast FZ Coat・Crimson,Rast FZ Coat Crimson
2855,Rast HC Coat・Crimson,Rast HC Coat Crimson
2856,Rast Coil・White,Rast Coil White
2857,Rast F Coil・White,Rast F Coil White
2858,Rast FZ Coil・White,Rast FZ Coil White
2859,Rast HC Coil・White,Rast HC Coil White
2860,Rast Coat・White,Rast Coat White
2861,Rast F Coat・White,Rast F Coat White
2862,Rast FZ Coat・White,Rast FZ Coat White
2863,Rast HC Coat・White,Rast HC Coat White
2864,Latria Coil,
2865,Latria F Coil,
2866,Latria FZ Coil,
2867,Latria Coat,
2868,Latria F Coat,
2869,Latria FZ Coat,
2870,Kemor Coil,
2871,Kemor F Coil,
2872,Kemor FZ Coil,
2873,Kemor Coat,
2874,Kemor F Coat,
2875,Kemor FZ Coat,
2876,ダミー,Dummy
2877,ダミー,Dummy
2878,Blade 士ランク1,Blademaster Rank 1
2879, Blade 士ランク2,Blademaster Rank 2
2880, Blade 士ランク3,Blademaster Rank 3
2881, Blade 士ランク4,Blademaster Rank 4
2882, Blade 士ランク5,Blademaster Rank 5
2883, Blade 士ランク6,Blademaster Rank 6
2884, Blade 士ランク7,Blademaster Rank 7
2885,ガンランク1,Gun Rank 1
2886,ガンランク2,Gun Rank 2
2887,ガンランク3,Gun Rank 3
2888,ガンランク4,Gunlance Rank 4
2889,ガンランク5,Gunlance Rank 5
2890,ガンランク6,Gunlance Rank 6
2891,ガンランク7,Gunlance Rank 7
2892,デュスノF Faulds,DusnoF Faulds
2893,デュスノF Coat,DusnoF Coat
2894,Blitz FXフープ,Blitz FX Hoop
2895,Blitz FXショルト,Blitz FX Sholt
2896,Flame FX Coil,
2897,Flame FX Coat,
2898,Wind FXアンダ,Wind FX Anda
2899,Wind FXアドミ,Wind FX Admi
2900,武者FX [Waist て】,Warrior FX [Waist]
2901,日光FX [Waist て】,Sunlight FX [Waist]
2902,Wadatsumi FX【丸 Obi 】,Wadatsumi FX [Waist]
2903,Okami FX【丸 Obi 】,Okami FX (Maru Obi)
2904,Raviente HC Faulds,
2905,Raviente HC Coat,
2906,Espinas HC Navel,
2907,Espinas HC Belly,
2908,Vashimu HC Faulds,
2909,Vashimu HC Coat,
2910,Vashimu HC Faulds Yellow,
2911,Vashimu HC Coat Yellow,
2912,Vashimu HC Faulds Green,
2913,Vashimu HC Coat Green,
2914,Vashimu HC Faulds Crimson,
2915,Vashimu HC Coat Crimson,
2916,Inari HC【腰当て】,Inari HC [Waist]
2917,Tamamo HC【腰当て】,Tamamo HC [Waist]
2918,Beru HC Faulds,
2919,Beru HC Coat,
2920,Pariapuria HC Faulds,
2921,Pariapuria HC Coat,
2922,Guren HC Faulds,
2923,Guren HC Coat,
2924,Kagura HC【腰当て】,Kagura HC [Waist]
2925,Kamiza HC【腰当て】,Kamiza HC[Waist]
2926,Gogomoa HC Faulds,
2927,Gogomoa HC Coat,
2928,Ruko HC Wing,
2929,Ruko HCテイル,Ruko HC Tail
2930,Zamuza HC Faulds,
2931,Zamuza HC Coat,
2932,Abiorugu HC Faulds,
2933,Abiorugu HC Coat,
2934,Kuaru HC Faulds,
2935,Kuaru HC Coat,
2936,Text HC Coil・Purple,Text HC Coil Purple
2937,Text HC Coat・Purple,Text HC Coat Purple
2938,Text HC Coil・Green,Text HC Coil Green
2939,Text HC Coat・Green,Text HC Coat Green
2940,Text HC Coil・Blue,Text HC Coil Blue
2941,Text HC Coat・Blue,Text HC Coat Blue
2942,Text HC Coil・Black,Text HC Coil Black
2943,Text HC Coat・Black,Text HC Coat Black
2944,Suriito HC Coil・Yellow,Suriito HC Coil Yellow
2945,Suriito HC Coat・Yellow,Suriito HC Coat Yellow
2946,Suriito HC Coil・Silver,Suriito HC Coil Silver
2947,Suriito HC Coat・Silver,Suriito HC Coat Silver
2948,Suriito HC Coil・Red,Suriito HC Coil Red
2949,Suriito HC Coat・Red,Suriito HC Coat Red
2950,Suriito HC Coil・Blue,Suriito HC Coil Blue
2951,Suriito HC Coat・Blue,Suriito HC Coat Blue
2952,Steno HC Elytra ー・Orange,Steno HC Elytra Orange
2953,Steno HC Coat・Orange,Steno HC Coat Orange
2954,Steno HC Elytra ー・Peach,Steno HC Elytra Peach
2955,Steno HC Coat・Peach,Steno HC Coat Peach
2956,Steno HC Elytra ー・Blue,Steno HC Elytra Blue
2957,Steno HC Coat・Blue,Steno HC Coat Blue
2958,Steno HC Elytra ー・Red,Steno HC Elytra Red
2959,Steno HC Coat・Red,Steno HC Coat Red
2960,Rage FZ Coil,
2961,Rage HC Coil,
2962,Rage FZ Coat,
2963,Rage HC Coat,
2964,Rampage FZ Coil,
2965,Rampage HC Coil,
2966,Rampage FZ Coat,
2967,Rampage HC Coat,
2968,Blaze FZ Coil,
2969,Blaze HC Coil,
2970,Blaze FZ Coat,
2971,Blaze HC Coat,
2972,Arge HC Coil,
2973,Arge HC Coat,
2974,Camarera HC Coil,
2975,Camarera HC Coat,
2976,Metenera HC Coil,
2977,Metenera HC Coat,
2978,Pharan FZ Coil・White,Pharan FZ Coil White
2979,Pharan HC Coil・White,Pharan HC Coil White
2980,Pharan FZ Coat・White,Pharan FZ Coat White
2981,Pharan HC Coat・White,Pharan HC Coat White
2982,Pharan FZ Coil・Black,Pharan FZ Coil Black
2983,Pharan HC Coil・Black,Pharan HC Coil Black
2984,Pharan FZ Coat・Black,Pharan FZ Coat Black
2985,Pharan HC Coat・Black,Pharan HC Coat Black
2986,Pharan FZ Coil・Red,Pharan FZ Coil Red
2987,Pharan HC Coil・Red,Pharan HC Coil Red
2988,Pharan FZ Coat・Red,Pharan FZ Coat Red
2989,Pharan HC Coat・Red,Pharan HC Coat Red
2990,Pharan FZ Coil・Blue,Pharan FZ Coil Blue
2991,Pharan HC Coil・Blue,Pharan HC Coil Blue
2992,Pharan FZ Coat・Blue,Pharan FZ Coat Blue
2993,Pharan HC Coat・Blue,Pharan HC Coat Blue
2994,Zodic HC Coil・Blue,Zodic HC Coil Blue
2995,Zodic HC Coat・Blue,Zodic HC Coat Blue
2996,Zodic HC Coil・Tea,Zodic HC Coil Tea
2997,Zodic HC Coat・Tea,Zodic HC Coat Tea
2998,Zodic HC Coil・Green,Zodic HC Coil Green
2999,Zodic HC Coat・Green,Zodic HC Coat Green
3000,Zodic HC Coil・Pink,Zodic HC Coil Pink
3001,Zodic HC Coat・Pink,Zodic HC Coat Pink
3002,Raviente HS Faulds,
3003,Raviente HS Coat,
3004,Espinas HS Navel,
3005,Espinas HS Belly,
3006,Vashimu HS Faulds,
3007,Vashimu HS Coat,
3008,Vashimu HS Faulds Yellow,
3009,Vashimu HS Coat Yellow,
3010,Vashimu HS Faulds Green,
3011,Vashimu HS Coat Green,
3012,Vashimu HS Faulds Crimson,
3013,Vashimu HS Coat Crimson,
3014,Inari HS【腰当て】,Inari HS [Waist]
3015,Tamamo HS【腰当て】,Tamamo HS [Waist]
3016,Beru HS Faulds,
3017,Beru HS Coat,
3018,Pariapuria HS Faulds,
3019,Pariapuria HS Coat,
3020,Guren HS Faulds,
3021,Guren HS Coat,
3022,Kagura HS【腰当て】,Kagura HS [Waist]
3023,Kamiza HS【腰当て】,Kamiza HS[Waist]
3024,Gogomoa HS Faulds,
3025,Gogomoa HS Coat,
3026,Ruko HS Wing,
3027,Ruko HSテイル,Ruko HS Tail
3028,Zamuza HS Faulds,
3029,Zamuza HS Coat,
3030,Abiorugu HS Faulds,
3031,Abiorugu HS Coat,
3032,Kuaru HS Faulds,
3033,Kuaru HS Coat,
3034,Lils F Faulds,
3035,Lils F Coat,
3036,Lils FX Faulds,
3037,Lils FX Coat,
3038,Zodic HS Coil・Blue,Zodic HS Coil Blue
3039,Zodic HS Coat・Blue,Zodic HS Coat Blue
3040,Zodic HS Coil・Tea,Zodic HS Coil Tea
3041,Zodic HS Coat・Tea,Zodic HS Coat Tea
3042,Zodic HS Coil・Green,Zodic HS Coil Green
3043,Zodic HS Coat・Green,Zodic HS Coat Green
3044,Zodic HS Coil・Pink,Zodic HS Coil Pink
3045,Zodic HS Coat・Pink,Zodic HS Coat Pink
3046,Rast HS Coil・Black,Rast HS Coil Black
3047,Rast HS Coat・Black,Rast HS Coat Black
3048,Rast HS Coil・Blue,Rast HS Coil Blue
3049,Rast HS Coat・Blue,Rast HS Coat Blue
3050,Rast HS Coil・Crimson,Rast HS Coil Crimson
3051,Rast HS Coat・Crimson,Rast HS Coat Crimson
3052,Rast HS Coil・White,Rast HS Coil White
3053,Rast HS Coat・White,Rast HS Coat White
3054,Cloth Coil・Red,Cloth Coil Red
3055,Cloth F Coil・Red,Cloth F Coil Red
3056,Cloth FZ Coil・Red,Cloth FZ Coil Red
3057,Cloth HC Coil・Red,Cloth HC Coil Red
3058,Cloth HS Coil・Red,Cloth HS Coil Red
3059,Cloth Coat・Red,Cloth Coat Red
3060,Cloth F Coat・Red,Cloth F Coat Red
3061,Cloth FZ Coat・Red,Cloth FZ Coat Red
3062,Cloth HC Coat・Red,Cloth HC Coat Red
3063,Cloth HS Coat・Red,Cloth HS Coat Red
3064,Cloth Coil・Blue,Cloth Coil Blue
3065,Cloth F Coil・Blue,Cloth F Coil Blue
3066,Cloth FZ Coil・Blue,Cloth FZ Coil Blue
3067,Cloth HC Coil・Blue,Cloth HC Coil Blue
3068,Cloth HS Coil・Blue,Cloth HS Coil Blue
3069,Cloth Coat・Blue,Cloth Coat Blue
3070,Cloth F Coat・Blue,Cloth F Coat Blue
3071,Cloth FZ Coat・Blue,Cloth FZ Coat Blue
3072,Cloth HC Coat・Blue,Cloth HC Coat Blue
3073,Cloth HS Coat・Blue,Cloth HS Coat Blue
3074,Cloth Coil・Purple,Cloth Coil Purple
3075,Cloth F Coil・Purple,Cloth F Coil Purple
3076,Cloth FZ Coil・Purple,Cloth FZ Coil Purple
3077,Cloth HC Coil・Purple,Cloth HC Coil Purple
3078,Cloth HS Coil・Purple,Cloth HS Coil Purple
3079,Cloth Coat・Purple,Cloth Coat Purple
3080,Cloth F Coat・Purple,Cloth F Coat Purple
3081,Cloth FZ Coat・Purple,Cloth FZ Coat Purple
3082,Cloth HC Coat・Purple,Cloth HC Coat Purple
3083,Cloth HS Coat・Purple,Cloth HS Coat Purple
3084,Cloth Coil・Green,Cloth Coil Green
3085,Cloth F Coil・Green,Cloth F Coil Green
3086,Cloth FZ Coil・Green,Cloth FZ Coil Green
3087,Cloth HC Coil・Green,Cloth HC Coil Green
3088,Cloth HS Coil・Green,Cloth HS Coil Green
3089,Cloth Coat・Green,Cloth Coat Green
3090,Cloth F Coat・Green,Cloth F Coat Green
3091,Cloth FZ Coat・Green,Cloth FZ Coat Green
3092,Cloth HC Coat・Green,Cloth HC Coat Green
3093,Cloth HS Coat・Green,Cloth HS Coat Green
3094,Issen 【腰当て】・Red,Issen [Waist] Red
3095,Issen F【腰当て】・Red,Issen F[Waist] Red
3096,Issen FZ【腰当て】・Red,Issen FZ[Waist]Red
3097,Issen HC【腰当て】・Red,Issen HC Waist Red
3098,Issen HS【腰当て】・Red,Issen HS [Waist] Red
3099,構射【腰当て】・Red,Stance Shot[Waist] Red
3100,構射F【腰当て】・Red,Kousha F Waist Red
3101,構射FZ【腰当て】・Red,Crouch Shot FZ [Waist] Red
3102,構射HC【腰当て】・Red,Crouching Shot HC Waist Red
3103,構射HS【腰当て】・Red,Stance Shot HS[Waist] Red
3104,Issen 【腰当て】・Blue,Issen [Waist] Blue
3105,Issen F【腰当て】・Blue,Issen F[Waist] Blue
3106,Issen FZ【腰当て】・Blue,Issen FZ[Waist]Blue
3107,Issen HC【腰当て】・Blue,Issen HC Waist Blue
3108,Issen HS【腰当て】・Blue,Issen HS [Waist] Blue
3109,構射【腰当て】・Blue,Stance Shot[Waist] Blue
3110,構射F【腰当て】・Blue,Kousha F Waist Blue
3111,構射FZ【腰当て】・Blue,Crouch Shot FZ [Waist] Blue
3112,構射HC【腰当て】・Blue,Crouching Shot HC Waist Blue
3113,構射HS【腰当て】・Blue,Stance Shot HS[Waist] Blue
3114,Issen 【腰当て】・Yellow,Issen [Waist] Yellow
3115,Issen F【腰当て】・Yellow,Issen F[Waist] Yellow
3116,Issen FZ【腰当て】・Yellow,Issen FZ[Waist]Yellow
3117,Issen HC【腰当て】・Yellow,Issen HC Waist Yellow
3118,Issen HS【腰当て】・Yellow,Issen HS [Waist] Yellow
3119,構射【腰当て】・Yellow,Stance Shot[Waist] Yellow
3120,構射F【腰当て】・Yellow,Kousha F Waist Yellow
3121,構射FZ【腰当て】・Yellow,Crouch Shot FZ [Waist] Yellow
3122,構射HC【腰当て】・Yellow,Crouching Shot HC Waist Yellow
3123,構射HS【腰当て】・Yellow,Stance Shot HS[Waist] Yellow
3124,Issen 【腰当て】・Black,Issen [Waist] Black
3125,Issen F【腰当て】・Black,Issen F[Waist] Black
3126,Issen FZ【腰当て】・Black,Issen FZ[Waist]Black
3127,Issen HC【腰当て】・Black,Issen HC Waist Black
3128,Issen HS【腰当て】・Black,Issen HS [Waist] Black
3129,構射【腰当て】・Black,Stance Shot[Waist] Black
3130,構射F【腰当て】・Black,Crouch Shot F [Waist] Black
3131,構射FZ【腰当て】・Black,Crouch Shot FZ [Waist] Black
3132,構射HC【腰当て】・Black,Stance Shot HC [Waist] Black
3133,構射HS【腰当て】・Black,Crouching Shot HS Waist Black
3134,蜂針【腰当て】・Orange,Bee Needle [Waist] Orange
3135,蜂針F【腰当て】・Orange,Bee Needle F [Waist] Orange
3136,蜂針FZ【腰当て】・Orange,Wasp Needle FZ [Waist] Orange
3137,蜂針HC【腰当て】・Orange,Bee Stinger HC [Waist] Orange
3138,蜂針HS【腰当て】・Orange,Bee Needle HS [Waist] Orange
3139,気弾【腰当て】・Orange,Spirit Bullet [Waist] Orange
3140,気弾F【腰当て】・Orange,Spirit Bullet F [Waist] Orange
3141,気弾FZ【腰当て】・Orange,Spirit Bullet FZ [Waist] Orange
3142,気弾HC【腰当て】・Orange,Spirit Bullet HC [Waist] Orange
3143,気弾HS【腰当て】・Orange,Spirit Bullet HS [Waist] Orange
3144,蜂針【腰当て】・Blue,Bee Needle [Waist] Blue
3145,蜂針F【腰当て】・Blue,Bee Needle F [Waist] Blue
3146,蜂針FZ【腰当て】・Blue,Wasp Needle FZ [Waist] Blue
3147,蜂針HC【腰当て】・Blue,Bee Stinger HC [Waist] Blue
3148,蜂針HS【腰当て】・Blue,Bee Needle HS [Waist] Blue
3149,気弾【腰当て】・Blue,Spirit Bullet [Waist] Blue
3150,気弾F【腰当て】・Blue,Spirit Bullet F [Waist] Blue
3151,気弾FZ【腰当て】・Blue,Spirit Bullet FZ [Waist] Blue
3152,気弾HC【腰当て】・Blue,Spirit Bullet HC [Waist] Blue
3153,気弾HS【腰当て】・Blue,Spirit Bullet HS [Waist] Blue
3154,蜂針【腰当て】・Yellow,Bee Needle [Waist] Yellow
3155,蜂針F【腰当て】・Yellow,Bee Needle F [Waist] Yellow
3156,蜂針FZ【腰当て】・Yellow,Wasp Needle FZ [Waist] Yellow
3157,蜂針HC【腰当て】・Yellow,Bee Stinger HC [Waist] Yellow
3158,蜂針HS【腰当て】・Yellow,Bee Needle HS [Waist] Yellow
3159,気弾【腰当て】・Yellow,Spirit Bullet [Waist] Yellow
3160,気弾F【腰当て】・Yellow,Spirit Bullet F [Waist] Yellow
3161,気弾FZ【腰当て】・Yellow,Spirit Bullet FZ [Waist] Yellow
3162,気弾HC【腰当て】・Yellow,Spirit Bullet HC [Waist] Yellow
3163,気弾HS【腰当て】・Yellow,Spirit Bullet HS [Waist] Yellow
3164,蜂針【腰当て】・Black,Bee Needle [Waist] Black
3165,蜂針F【腰当て】・Black,Bee Needle F [Waist] Black
3166,蜂針FZ【腰当て】・Black,Wasp Needle FZ [Waist] Black
3167,蜂針HC【腰当て】・Black,Bee Stinger HC [Waist] Black
3168,蜂針HS【腰当て】・Black,Bee Needle HS [Waist] Black
3169,気弾【腰当て】・Black,Spirit Bullet [Waist] Black
3170,気弾F【腰当て】・Black,Spirit Bullet F [Waist] Black
3171,気弾FZ【腰当て】・Black,Spirit Bullet FZ [Waist] Black
3172,気弾HC【腰当て】・Black,Spirit Bullet HC [Waist] Black
3173,気弾HS【腰当て】・Black,Spirit Bullet HS [Waist] Black
3174,Algol F Faulds,
3175,Algol FX Faulds,
3176,Algol F Coat,
3177,Algol FX Coat,
3178,抜胴 [Waist て】,Nukudou Waist
3179,抜胴F【腰当て】,NukudouF Waist
3180,抜胴FZ [Waist て】,NukudouFZ Waist
3181,抜胴HS [Waist て】,Draw Body HS [Waist]
3182,長根 [Waist て】,Nagane [Waist]
3183,長根F【腰当て】,Nagane F [Waist]
3184,長根FZ [Waist て】,Nagane FZ [Waist]
3185,長根HS [Waist て】,Long Root HS[Waist]
3186,花火 [Waist て】,Fireworks Waist
3187,花火F【腰当て】,Fireworks F Waist
3188,花火FZ [Waist て】,Fireworks FZ Waist
3189,花火HS [Waist て】,Fireworks HS [Waist]
3190,流星 [Waist て】,Meteor [Waist]
3191,流星F【腰当て】,Meteor F[Waist]
3192,流星FZ [Waist て】,Meteor FZ [Waist]
3193,流星HS [Waist て】,Meteor HS [Waist]
3194,居合 [Waist て】,Iai [Waist]
3195,居合F【腰当て】,Iai F [Waist]
3196,居合FZ [Waist て】,Iai FZ [Waist]
3197,居合HC [Waist て】,Quick Sheath HC [Waist]
3198,爆裂 [Waist て】,Blast Waist
3199,爆裂F【腰当て】,Burst F [Waist]
3200,爆裂FZ [Waist て】,BlastFZ Waist
3201,爆裂HC [Waist て】,Burst HC [Waist]
3202,脱兎 [Waist て】,Darting Rabbit [Waist]
3203,脱兎F【腰当て】,Fleeing Hare F Waist
3204,脱兎FZ [Waist て】,Darting Rabbit FZ [Waist]
3205,脱兎HC [Waist て】,Fleeing Hare HC [Waist]
3206,Violent 咲【腰当て】,Violent Bloom [Waist]
3207,Violent 咲F【腰当て】,Violent Bloom F Waist
3208,Violent 咲FZ【腰当て】,Violent Bloom FZ Waist
3209,Violent 咲HC【腰当て】,Violent Bloom HC Waist
3210,正拳FZ Black Obi,Fist FZ Black Sash
3211,正拳HC Black Obi,Fist HC Black Sash
3212,灼熱FZ Black Obi,Scorching FZ Black Obi
3213,灼熱HC Black Obi,Scorching HC Black Obi
3214,龍星FZ Waistband,Dragon Star FZ Waistband
3215,龍星HC Waistband,Dragon Star HC Waistband
3216,虎襲FZ Waistband,Tiger Assault FZ Waistband
3217,虎襲HC Waistband,Tiger Assault HC Waistband
3218,Kontao Coil,
3219,Kontao F Coil,
3220,Kontao FZ Coil,
3221,ダミー,Dummy
3222,ダミー,Dummy
3223,Kontao Coat,
3224,Kontao F Coat,
3225,Kontao FZ Coat,
3226,ダミー,Dummy
3227,ダミー,Dummy
3228,Gloria Coil・Gold,Gloria Coil Gold
3229,Gloria F Coil・Gold,Gloria F Coil Gold
3230,Gloria FZ Coil・Gold,Gloria FZ Coil Gold
3231,Gloria HC Coil・Gold,Gloria HC Coil Gold
3232,Gloria HS Coil・Gold,Gloria HS Coil Gold
3233,Gloria Coat・Gold,Gloria Coat Gold
3234,Gloria F Coat・Gold,Gloria F Coat Gold
3235,Gloria FZ Coat・Gold,Gloria FZ Coat Gold
3236,Gloria HC Coat・Gold,Gloria HC Coat Gold
3237,Gloria HS Coat・Gold,Gloria HS Coat Gold
3238,Gloria Coil・Blue,Gloria Coil Blue
3239,Gloria F Coil・Blue,Gloria F Coil Blue
3240,Gloria FZ Coil・Blue,Gloria FZ Coil Blue
3241,Gloria HC Coil・Blue,Gloria HC Coil Blue
3242,Gloria HS Coil・Blue,Gloria HS Coil Blue
3243,Gloria Coat・Blue,Gloria Coat Blue
3244,Gloria F Coat・Blue,Gloria F Coat Blue
3245,Gloria FZ Coat・Blue,Gloria FZ Coat Blue
3246,Gloria HC Coat・Blue,Gloria HC Coat Blue
3247,Gloria HS Coat・Blue,Gloria HS Coat Blue
3248,Gloria Coil・Water,Gloria Coil Water
3249,Gloria F Coil・Water,Gloria F Coil Water
3250,Gloria FZ Coil・Water,Gloria FZ Coil Water
3251,Gloria HC Coil・Water,Gloria HC Coil Water
3252,Gloria HS Coil・Water,Gloria HS Coil Water
3253,Gloria Coat・Water,Gloria Coat Water
3254,Gloria F Coat・Water,Gloria F Coat Water
3255,Gloria FZ Coat・Water,Gloria FZ Coat Water
3256,Gloria HC Coat・Water,Gloria HC Coat Water
3257,Gloria HS Coat・Water,Gloria HS Coat Water
3258,Gloria Coil・Red,Gloria Coil Red
3259,Gloria F Coil・Red,Gloria F Coil Red
3260,Gloria FZ Coil・Red,Gloria FZ Coil Red
3261,Gloria HC Coil・Red,Gloria HC Coil Red
3262,Gloria HS Coil・Red,Gloria HS Coil Red
3263,Gloria Coat・Red,Gloria Coat Red
3264,Gloria F Coat・Red,Gloria F Coat Red
3265,Gloria FZ Coat・Red,Gloria FZ Coat Red
3266,Gloria HC Coat・Red,Gloria HC Coat Red
3267,Gloria HS Coat・Red,Gloria HS Coat Red
3268,Shinryu Black Obi・Red,Shinryu Black Obi Red
3269,Shinryu F Black Obi・Red,Shinryu F Black Obi Red
3270,Shinryu FZ Black Obi・Red,Shinryu FZ Black Obi Red
3271,Shinryu HC Black Obi・Red,Shinryu HC Black Obi Red
3272,Shinryu HS Black Obi・Red,Shinryu HS Black Obi Red
3273,Reppa Black Obi・Red,Reppa Black Sash Red
3274,Reppa F Black Obi・Red,Reppa F Black Sash Red
3275,Reppa FZ Black Obi・Red,Reppa FZ Black Sash Red
3276,Reppa HC Black Obi・Red,Reppa HC Black Waist Red
3277,Reppa HS Black Obi・Red,Reppa HS Black Sash Red
3278,Shinryu Black Obi・White,Shinryu Black Obi White
3279,Shinryu F Black Obi・White,Shinryu F Black Obi White
3280,Shinryu FZ Black Obi・White,Shinryu FZ Black Obi White
3281,Shinryu HC Black Obi・White,Shinryu HC Black Obi White
3282,Shinryu HS Black Obi・White,Shinryu HS Black Obi White
3283,Reppa Black Obi・White,Reppa Black Sash White
3284,Reppa F Black Obi・White,Reppa F Black Sash White
3285,Reppa FZ Black Obi・White,Reppa FZ Black Sash White
3286,Reppa HC Black Obi・White,Reppa HC Black Waist White
3287,Reppa HS Black Obi・White,Reppa HS Black Sash White
3288,Shinryu Black Obi・Purple,Shinryu Black Obi Purple
3289,Shinryu F Black Obi・Purple,Shinryu F Black Obi Purple
3290,Shinryu FZ Black Obi・Purple,Shinryu FZ Black Obi Purple
3291,Shinryu HC Black Obi・Purple,Shinryu HC Black Obi Purple
3292,Shinryu HS Black Obi・Purple,Shinryu HS Black Obi Purple
3293,Reppa Black Obi・Purple,Reppa Black Sash Purple
3294,Reppa F Black Obi・Purple,Reppa F Black Sash Purple
3295,Reppa FZ Black Obi・Purple,Reppa FZ Black Sash Purple
3296,Reppa HC Black Obi・Purple,Reppa HC Black Waist Purple
3297,Reppa HS Black Obi・Purple,Reppa HS Black Sash Purple
3298,Shinryu Black Obi・Yellow,Shinryu Black Obi Yellow
3299,Shinryu F Black Obi・Yellow,Shinryu F Black Obi Yellow
3300,Shinryu FZ Black Obi・Yellow,Shinryu FZ Black Obi Yellow
3301,Shinryu HC Black Obi・Yellow,Shinryu HC Black Obi Yellow
3302,Shinryu HS Black Obi・Yellow,Shinryu HS Black Obi Yellow
3303,Reppa Black Obi・Yellow,Reppa Black Sash Yellow
3304,Reppa F Black Obi・Yellow,Reppa F Black Sash Yellow
3305,Reppa FZ Black Obi・Yellow,Reppa FZ Black Sash Yellow
3306,Reppa HC Black Obi・Yellow,Reppa HC Black Waist Yellow
3307,Reppa HS Black Obi・Yellow,Reppa HS Black Sash Yellow
3308,Cannon Will・Water,Cannon Will Water
3309,Cannon F Will・Water,Cannon F Will Water
3310,Cannon FZ Will・Water,Cannon FZ Will Water
3311,Cannon HC Will・Water,Cannon HC Will Water
3312,Cannon HS Will・Water,Cannon HS Will Water
3313,Axel Will・Water,Axel Will Water
3314,Axel F Will・Water,Axel F Will Water
3315,Axel FZ Will・Water,Axel FZ Will Water
3316,Axel HC Will・Water,Axel HC Will Water
3317,Axel HS Will・Water,Axel HS Will Water
3318,Cannon Will・Green,Cannon Will Green
3319,Cannon F Will・Green,Cannon F Will Green
3320,Cannon FZ Will・Green,Cannon FZ Will Green
3321,Cannon HC Will・Green,Cannon HC Will Green
3322,Cannon HS Will・Green,Cannon HS Will Green
3323,Axel Will・Green,Axel Will Green
3324,Axel F Will・Green,Axel F Will Green
3325,Axel FZ Will・Green,Axel FZ Will Green
3326,Axel HC Will・Green,Axel HC Will Green
3327,Axel HS Will・Green,Axel HS Will Green
3328,Cannon Will・Peach,Cannon Will Peach
3329,Cannon F Will・Peach,Cannon F Will Peach
3330,Cannon FZ Will・Peach,Cannon FZ Will Peach
3331,Cannon HC Will・Peach,Cannon HC Will Peach
3332,Cannon HS Will・Peach,Cannon HS Will Peach
3333,Axel Will・Peach,Axel Will Peach
3334,Axel F Will・Peach,Axel F Will Peach
3335,Axel FZ Will・Peach,Axel FZ Will Peach
3336,Axel HC Will・Peach,Axel HC Will Peach
3337,Axel HS Will・Peach,Axel HS Will Peach
3338,Cannon Will・Purple,Cannon Will Purple
3339,Cannon F Will・Purple,Cannon F Will Purple
3340,Cannon FZ Will・Purple,Cannon FZ Will Purple
3341,Cannon HC Will・Purple,Cannon HC Will Purple
3342,Cannon HS Will・Purple,Cannon HS Will Purple
3343,Axel Will・Purple,Axel Will Purple
3344,Axel F Will・Purple,Axel F Will Purple
3345,Axel FZ Will・Purple,Axel FZ Will Purple
3346,Axel HC Will・Purple,Axel HC Will Purple
3347,Axel HS Will・Purple,Axel HS Will Purple
3348,Blade 士ランク8,Blademaster Rank 8
3349, Blade 士ランク9,Blademaster Rank 9
3350,ガンランク8,Gunlance Rank 8
3351,ガンランク9,Gunlance Rank 9
3352,ダミー,Dummy
3353,ダミー,Dummy
3354,ダミー,Dummy
3355,ダミー,Dummy
3356,ダミー,Dummy
3357,ダミー,Dummy
3358,ダミー,Dummy
3359,ダミー,Dummy
3360,ダミー,Dummy
3361,ダミー,Dummy
3362,ダミー,Dummy
3363,ダミー,Dummy
3364,ダミー,Dummy
3365,ダミー,Dummy
3366,ダミー,Dummy
3367,ダミー,Dummy
3368,ダミー,Dummy
3369,ダミー,Dummy
3370,ダミー,Dummy
3371,ダミー,Dummy
3372,ダミー,Dummy
3373,ダミー,Dummy
3374,ダミー,Dummy
3375,ダミー,Dummy
3376,ダミー,Dummy
3377,ダミー,Dummy
3378,ダミー,Dummy
3379,ダミー,Dummy
3380,ダミー,Dummy
3381,ダミー,Dummy
3382,ダミー,Dummy
3383,ダミー,Dummy
3384,ダミー,Dummy
3385,ダミー,Dummy
3386,Hope Belt,
3387,エミット Faulds,Emit Faulds
3388,エミットF Faulds,EmitF Faulds
3389,エミットFX Faulds,Emit FX Faulds
3390,エミット Coat,Emit Coat
3391,エミットF Coat,EmitF Coat
3392,エミットFX Coat,EmitFX Coat
3393,Diboa Faulds,
3394,Diboa F Faulds,
3395,Diboa FX Faulds,
3396,Diboa Coat,
3397,Diboa F Coat,
3398,Diboa FX Coat,
3399,Pietra G Faulds,
3400,Pietra GF Faulds,
3401,Pietra G Coat,
3402,Pietra GF Coat,
3403,Pokara G Faulds,
3404,Pokara GF Faulds,
3405,Pokara G Coat,
3406,Pokara GF Coat,
3407,Hermitaur G Faulds,
3408,Hermitaur GF Faulds,
3409,Hermitaur G Coat,
3410,Hermitaur GF Coat,
3411,Kut-Ku G Faulds,
3412,Kut-Ku GF Faulds,
3413,Kut-Ku G Coat,
3414,Kut-Ku GF Coat,
3415,Farunokku G Faulds,
3416,Farunokku GF Faulds,
3417,Farunokku G Coat,
3418,Farunokku GF Coat,
3419,Gypceros G Faulds,
3420,Gypceros GF Faulds,
3421,Gypceros G Coat,
3422,Gypceros GF Coat,
3423,Conga G Faulds,
3424,Conga GF Faulds,
3425,Conga G Coat,
3426,Conga GF Coat,
3427,Hyuji G Faulds,
3428,Hyuji GF Faulds,
3429,Hyuji G Coat,
3430,Hyuji GF Coat,
3431,Basarios G Faulds,
3432,Basarios GF Faulds,
3433,Basarios G Coat,
3434,Basarios GF Coat,
3435,Rathian G Faulds,
3436,Rathian GF Faulds,
3437,Rathian G Coat,
3438,Rathian GF Coat,
3439,Ceanataur G Faulds,
3440,Ceanataur GF Faulds,
3441,Ceanataur G Coat,
3442,Ceanataur GF Coat,
3443,Mikagura G【腰当て】,Mikagura G [Waist]
3444,Mikagura GF【腰当て】,Mikagura GF [Waist]
3445,Satokagura G【腰当て】,Satokagura G Waist
3446,Satokagura GF【腰当て】,Satokagura GF Waist
3447,Rathalos G Faulds,
3448,Rathalos GF Faulds,
3449,Rathalos G Coat,
3450,Rathalos GF Coat,
3451,Blango G Faulds,
3452,Blango GF Faulds,
3453,Blango G Coat,
3454,Blango GF Coat,
3455,Khezu G Faulds,
3456,Khezu GF Faulds,
3457,Khezu G Coat,
3458,Khezu GF Coat,
3459,Hope G Faulds,
3460,Hope GF Faulds,
3461,Hope G Coat,
3462,Hope GF Coat,
3463,グラッシュ Coil,Grash Coil
3464,グラッシュF Coil,GrashF Coil
3465,グラッシュFY Coil,Grash FY Coil
3466,グラッシュHC Coil,Grash HC Coil
3467,グラッシュ Coat,Grash Coat
3468,グラッシュF Coat,GrashF Coat
3469,グラッシュFY Coat,Grash FY Coat
3470,グラッシュHC Coat,Grash HC Coat
3471,Tandress Coil,
3472,Tandress F Coil,
3473,Tandress FY Coil,
3474,Tandress HC Coil,
3475,Tandress Coat,
3476,Tandress F Coat,
3477,Tandress FY Coat,
3478,Tandress HC Coat,
3479,ダミー,Dummy
3480,ダミー,Dummy
3481,ダミー,Dummy
3482,ダミー,Dummy
3483,ダミー,Dummy
3484,ダミー,Dummy
3485,ダミー,Dummy
3486,ダミー,Dummy
3487,Roses G Faulds,
3488,Roses G Coat,
3489,シェルカG Coil,Shellka G Coil
3490,チェスカG Coat,Cheska G Coat
3491,ロアースG Coil,Roars G Coil
3492,ライードG Coat,Ryde G Coat
3493,Green 竜ノ具足【腰 Obi 】,Green Dragon Armor [Waist]
3494,Green 竜ノ具足F【腰 Obi 】,Green Dragon Armor F [Waist]
3495,Green 竜ノ具足FZ【腰 Obi 】,Green Dragon Armor FZ [Waist]
3496,Green 竜ノ具足HC【腰 Obi 】,Green Dragon Armor HC [Waist]
3497,Green 竜ノ具足HS【腰 Obi 】,Green Dragon Armor HS [Waist]
3498,Green 竜ノ Haori 【腰 Obi 】,Green Dragon's Robe [Waist]
3499,Green 竜ノ Haori F【腰 Obi 】,Green Dragon Haori F [Waist Obi]
3500,Green 竜ノ Haori FZ【腰 Obi 】,Green Dragon Haori FZ [Waist Obi]
3501,Green 竜ノ Haori HC【腰 Obi 】,Green Dragon's Robe HC [Waist]
3502,Green 竜ノ Haori HS【腰 Obi 】,Green Dragon's Robe HS [Waist]
3503,Ukon Belt,
3504,Ukon F Belt,
3505,Ukon FZ Belt,
3506,Ukon HC Belt,
3507,Ukon バックル,Ukon Buckle
3508,Ukon Fバックル,Ukon F Buckle
3509,Ukon FZバックル,Ukon FZ Buckle
3510,Ukon HCバックル,Ukon HC Buckle
3511,Ukon HS Belt,
3512,Ukon GS Belt,
3513,Ukon HSバックル,Ukon HS Buckle
3514,Ukon GSバックル,Ukon GS Buckle
3515,Green 竜ノ具足GS【腰 Obi 】,Green Dragon Armor GS [Waist]
3516,Green 竜ノ Haori GS【腰 Obi 】,Green Dragon's Robe GS [Waist]
3517,Roses GF Faulds,
3518,Roses GF Coat,
3519,ダミー,Dummy
3520,ダミー,Dummy
3521,Magos Coil・Yellow,Magos Coil Yellow
3522,Magos F Coil・Yellow,Magos F Coil Yellow
3523,Magos FZ Coil・Yellow,Magos FZ Coil Yellow
3524,Magos HC Coil・Yellow,Magos HC Coil Yellow
3525,Magos HS Coil・Yellow,Magos HS Coil Yellow
3526,Magos Coat・Yellow,Magos Coat Yellow
3527,Magos F Coat・Yellow,Magos F Coat Yellow
3528,Magos FZ Coat・Yellow,Magos FZ Coat Yellow
3529,Magos HC Coat・Yellow,Magos HC Coat Yellow
3530,Magos HS Coat・Yellow,Magos HS Coat Yellow
3531,Magos Coil・Red,Magos Coil Red
3532,Magos F Coil・Red,Magos F Coil Red
3533,Magos FZ Coil・Red,Magos FZ Coil Red
3534,Magos HC Coil・Red,Magos HC Coil Red
3535,Magos HS Coil・Red,Magos HS Coil Red
3536,Magos Coat・Red,Magos Coat Red
3537,Magos F Coat・Red,Magos F Coat Red
3538,Magos FZ Coat・Red,Magos FZ Coat Red
3539,Magos HC Coat・Red,Magos HC Coat Red
3540,Magos HS Coat・Red,Magos HS Coat Red
3541,Magos Coil・Water,Magos Coil Water
3542,Magos F Coil・Water,Magos F Coil Blue
3543,Magos FZ Coil・Water,Magos FZ Coil Water
3544,Magos HC Coil・Water,Magos HC Coil Water
3545,Magos HS Coil・Water,Magos HS Coil Water
3546,Magos Coat・Water,Magos Coat Water
3547,Magos F Coat・Water,Magos F Coat Water
3548,Magos FZ Coat・Water,Magos FZ Coat Water
3549,Magos HC Coat・Water,Magos HC Coat Water
3550,Magos HS Coat・Water,Magos HS Coat Water
3551,Magos Coil・Blue,Magos Coil Blue
3552,Magos F Coil・Blue,Magos F Coil Blue
3553,Magos FZ Coil・Blue,Magos FZ Coil Blue
3554,Magos HC Coil・Blue,Magos HC Coil Blue
3555,Magos HS Coil・Blue,Magos HS Coil Blue
3556,Magos Coat・Blue,Magos Coat Blue
3557,Magos F Coat・Blue,Magos F Coat Blue
3558,Magos FZ Coat・Blue,Magos FZ Coat Blue
3559,Magos HC Coat・Blue,Magos HC Coat Blue
3560,Magos HS Coat・Blue,Magos HS Coat Blue
3561,Magos GS Coil・Yellow,Magos GS Coil Yellow
3562,Magos GS Coat・Yellow,Magos GS Coat Yellow
3563,Magos GS Coil・Red,Magos GS Coil Red
3564,Magos GS Coat・Red,Magos GS Coat Red
3565,Magos GS Coil・Water,Magos GS Coil Water
3566,Magos GS Coat・Water,Magos GS Coat Water
3567,Magos GS Coil・Blue,Magos GS Coil Blue
3568,Magos GS Coat・Blue,Magos GS Coat Blue
3569,Red 備ノ Greaves [Waistband 】,Red Gear Greaves [Waistband]
3570, Red 備ノ Greaves F [Waistband 】,Red Bino Greaves F [Waistband]
3571, Red 備ノ Greaves FZ [Waistband 】,Red Bino Greaves FZ [Waistband]
3572, Red 備ノ Greaves HC [Waistband 】,Red Bino Greaves HC [Waistband]
3573, Red 備ノ Greaves HS [Waistband 】,Red Bino Greaves HS [Waistband]
3574, Red 備ノ Greaves GS [Waistband 】,Red Bino Greaves GS [Waistband]
3575, Red 備ノ Haori [Waistband 】,Red Bino Haori [Waistband]
3576, Red 備ノ Haori F [Waistband 】,Red Bino Haori F [Waistband]
3577, Red 備ノ Haori FZ [Waistband 】,Red Bino Haori FZ [Waistband]
3578, Red 備ノ Haori HC [Waistband 】,Red Bino Haori HC [Waistband]
3579, Red 備ノ Haori HS [Waistband 】,Red Bino Haori HS [Waistband]
3580, Red 備ノ Haori GS [Waistband 】,Red Bino Haori GS [Waistband]
3581,Miku Coil,
3582,Miku F Coil,
3583,Miku FZ Coil,
3584,Miku HC Coil,
3585,Miku HS Coil,
3586,Miku GS Coil,
3587,Miku Coat,
3588,Miku F Coat,
3589,Miku FZ Coat,
3590,Miku HC Coat,
3591,Miku HS Coat,
3592,Miku GS Coat,
3593,Akahara Reisou BM Waist Red,
3594,Akahara Reisou BM Waist F Red,
3595,Akahara Reisou BM Waist FZ Red,
3596,Akahara Reisou BM Waist HC Red,
3597,Akahara Reisou BM Waist HS Red,
3598,Akahara Reisou BM Waist GS Red,
3599,Akahara Reisou GN Waist Red,
3600,Akahara Reisou GN Waist F Red,
3601,Akahara Reisou GN Waist FZ Red,
3602,Akahara Reisou GN Waist HC Red,
3603,Akahara Reisou GN Waist HS Red,
3604,Akahara Reisou GN Waist GS Red,
3605,Akahara Reisou BM Waist Blue,
3606,Akahara Reisou BM Waist F Blue,
3607,Akahara Reisou BM Waist FZ Blue,
3608,Akahara Reisou BM Waist HC Blue,
3609,Akahara Reisou BM Waist HS Blue,
3610,Akahara Reisou BM Waist GS Blue,
3611,Akahara Reisou GN Waist Blue,
3612,Akahara Reisou GN Waist F Blue,
3613,Akahara Reisou GN Waist FZ Blue,
3614,Akahara Reisou GN Waist HC Blue,
3615,Akahara Reisou GN Waist HS Blue,
3616,Akahara Reisou GN Waist GS Blue,
3617,Akahara Reisou BM Waist Black,
3618,Akahara Reisou BM Waist F Black,
3619,Akahara Reisou BM Waist FZ Black,
3620,Akahara Reisou BM Waist HC Black,
3621,Akahara Reisou BM Waist HS Black,
3622,Akahara Reisou BM Waist GS Black,
3623,Akahara Reisou GN Waist Black,
3624,Akahara Reisou GN Waist F Black,
3625,Akahara Reisou GN Waist FZ Black,
3626,Akahara Reisou GN Waist HC Black,
3627,Akahara Reisou GN Waist HS Black,
3628,Akahara Reisou GN Waist GS Black,
3629,Akahara Reisou BM Waist White,
3630,Akahara Reisou BM Waist F White,
3631,Akahara Reisou BM Waist FZ White,
3632,Akahara Reisou BM Waist HC White,
3633,Akahara Reisou BM Waist HS White,
3634,Akahara Reisou BM Waist GS White,
3635,Akahara Reisou GN Waist White,
3636,Akahara Reisou GN Waist F White,
3637,Akahara Reisou GN Waist FZ White,
3638,Akahara Reisou GN Waist HC White,
3639,Akahara Reisou GN Waist HS White,
3640,Akahara Reisou GN Waist GS White,
3641,Knight King Waist BM Blue,
3642,Knight King Waist BM F Blue,
3643,Knight King Waist BM FZ Blue,
3644,Knight King Waist BM HC Blue,
3645,Knight King Waist BM HS Blue,
3646,Knight King Waist BM GS Blue,
3647,Knight King Waist GN Blue,
3648,Knight King Waist GN F Blue,
3649,Knight King Waist GN FZ Blue,
3650,Knight King Waist GN HC Blue,
3651,Knight King Waist GN HS Blue,
3652,Knight King Waist GN GS Blue,
3653,Knight King Waist BM Red,
3654,Knight King Waist BM F Red,
3655,Knight King Waist BM FZ Red,
3656,Knight King Waist BM HC Red,
3657,Knight King Waist BM HS Red,
3658,Knight King Waist BM GS Red,
3659,Knight King Waist GN Red,
3660,Knight King Waist GN F Red,
3661,Knight King Waist GN FZ Red,
3662,Knight King Waist GN HC Red,
3663,Knight King Waist GN HS Red,
3664,Knight King Waist GN GS Red,
3665,Knight King Waist BM Black,
3666,Knight King Waist BM F Black,
3667,Knight King Waist BM FZ Black,
3668,Knight King Waist BM HC Black,
3669,Knight King Waist BM HS Black,
3670,Knight King Waist BM GS Black,
3671,Knight King Waist GN Black,
3672,Knight King Waist GN F Black,
3673,Knight King Waist GN FZ Black,
3674,Knight King Waist GN HC Black,
3675,Knight King Waist GN HS Black,
3676,Knight King Waist GN GS Black,
3677,Knight King Waist BM White,
3678,Knight King Waist BM F White,
3679,Knight King Waist BM FZ White,
3680,Knight King Waist BM HC White,
3681,Knight King Waist BM HS White,
3682,Knight King Waist BM GS White,
3683,Knight King Waist GN White,
3684,Knight King Waist GN F White,
3685,Knight King Waist GN FZ White,
3686,Knight King Waist GN HC White,
3687,Knight King Waist GN HS White,
3688,Knight King Waist GN GS White,
3689,ヴェルフFZ Faulds,Velf FZ Faulds
3690,ヴェルフHC Faulds,Velv HC Faulds
3691,ヴェルフFZ Coat,Velf FZ Coat
3692,ヴェルフHC Coat,Velv HC Coat
3693,テリオグFZ Faulds,Teriog FZ Faulds
3694,テリオグHC Faulds,Teriog HC Faulds
3695,テリオグFZ Coat,Teriog FZ Coat
3696,テリオグHC Coat,Teriog HC Coat
3697,Beil FZ Reflector,
3698,Beil HC Reflector,
3699,Pietra GX Faulds,
3700,Pietra GX Coat,
3701,Pokara GX Faulds,
3702,Pokara GX Coat,
3703,Hermitaur GX Faulds,
3704,Hermitaur GX Coat,
3705,Kut-Ku GX Faulds,
3706,Kut-Ku GX Coat,
3707,Farunokku GX Faulds,
3708,Farunokku GX Coat,
3709,Gypceros GX Faulds,
3710,Gypceros GX Coat,
3711,Conga GX Faulds,
3712,Conga GX Coat,
3713,Hyuji GX Faulds,
3714,Hyuji GX Coat,
3715,Basarios GX Faulds,
3716,Basarios GX Coat,
3717,Rathian GX Faulds,
3718,Rathian GX Coat,
3719,Ceanataur GX Faulds,
3720,Ceanataur GX Coat,
3721,Mikagura GX【腰当て】,Mikagura GX [Waist]
3722,Satokagura GX【腰当て】,Satokagura GX Waist
3723,Rathalos GX Faulds,
3724,Rathalos GX Coat,
3725,Blango GX Faulds,
3726,Blango GX Coat,
3727,Khezu GX Faulds,
3728,Khezu GX Coat,
3729,Hope GX Faulds,
3730,Hope GX Coat,
3731,Gougarf G Faulds,
3732,Gougarf GF Faulds,
3733,Gougarf GX Faulds,
3734,Gougarf G Coat,
3735,Gougarf GF Coat,
3736,Gougarf GX Coat,
3737,Shourou 【越腰】G,Shourou [Cross Waist] G
3738,Shourou 【越腰】GF,Shourou [Cross Waist] GF
3739,Shourou 【越腰】GX,Shourou [Cross Waist] GX
3740,Mitama 【越腰】G,Mitama [Cross Waist] G
3741,Mitama 【越腰】GF,Mitama [Cross Waist] GF
3742,Mitama 【越腰】GX,Mitama [Cross Waist] GX
3743,Giaorugu G Faulds,
3744,Giaorugu GF Faulds,
3745,Giaorugu GX Faulds,
3746,Giaorugu G Coat,
3747,Giaorugu GF Coat,
3748,Giaorugu GX Coat,
3749,Gravios G Faulds,
3750,Gravios GF Faulds,
3751,Gravios GX Faulds,
3752,Gravios G Coat,
3753,Gravios GF Coat,
3754,Gravios GX Coat,
3755,Tigrex G Faulds,
3756,Tigrex GF Faulds,
3757,Tigrex GX Faulds,
3758,Tigrex G Coat,
3759,Tigrex GF Coat,
3760,Tigrex GX Coat,
3761,Paria G Faulds,
3762,Paria GF Faulds,
3763,Paria GX Faulds,
3764,Paria G Coat,
3765,Paria GF Coat,
3766,Paria GX Coat,
3767,Torpedo G Faulds,
3768,Torpedo GF Faulds,
3769,Torpedo GX Faulds,
3770,Torpedo G Coat,
3771,Torpedo GF Coat,
3772,Torpedo GX Coat,
3773,Lavasioth G Faulds,
3774,Lavasioth GF Faulds,
3775,Lavasioth GX Faulds,
3776,Lavasioth G Coat,
3777,Lavasioth GF Coat,
3778,Lavasioth GX Coat,
3779,Espinas G Navel,
3780,Espinas GF Navel,
3781,Espinas GX Navel,
3782,Espinas G Belly,
3783,Espinas GF Belly,
3784,Espinas GX Belly,
3785,Golden Obi・G,Golden Sash G
3786,Golden Obi・GF,Golden Sash GF
3787,Golden Obi・GX,Golden Obi GX
3788,Puppeteer ノ Obi・G,Puppeteer's Waist G
3789,Puppeteer ノ Obi・GF,Puppeteer's Waist GF
3790,Puppeteer ノ Obi・GX,Puppeteer's Waist GX
3791,Rebidiora G Wing,
3792,Rebidiora GF Wing,
3793,Rebidiora GX Wing,
3794,Rebidiora Gテイル,Rebidiora G Tail
3795,Rebidiora GFテイル,Rebidiora GF Tail
3796,Rebidiora GXテイル,Rebidiora GX Tail
3797,Garuga G Faulds,
3798,Garuga GF Faulds,
3799,Garuga GX Faulds,
3800,Garuga G Coat,
3801,Garuga GF Coat,
3802,Garuga GX Coat,
3803,Vashimu G Faulds,
3804,Vashimu GF Faulds,
3805,Vashimu GX Faulds,
3806,Vashimu G Coat,
3807,Vashimu GF Coat,
3808,Vashimu GX Coat,
3809,Guren G Faulds,
3810,Guren GF Faulds,
3811,Guren GX Faulds,
3812,Guren G Coat,
3813,Guren GF Coat,
3814,Guren GX Coat,
3815,Inari G【腰当て】,Inari G [Waist]
3816,Inari GF【腰当て】,Inari GF [Waist]
3817,Inari GX【腰当て】,Inari GX [Waist]
3818,Tamamo G【腰当て】,Tamamo G [Waist]
3819,Tamamo GF【腰当て】,Tamamo GF [Waist]
3820,Tamamo GX【腰当て】,Tamamo GX [Waist]
3821,Disu G Faulds,
3822,Disu GF Faulds,
3823,Disu GX Faulds,
3824,Disu G Coat,
3825,Disu GF Coat,
3826,Disu GX Coat,
3827,Shadow Obi・G,Shadow Obi G
3828,Shadow Obi・GF,Shadow Obi GF
3829,Shadow Obi・GX,Shadow Obi GX
3830,Shade Obi・G,Shade Waist G
3831,Shade Obi・GF,Shade Waist GF
3832,Shade Obi・GX,Shade Waist GX
3833,Byakko・Kensei G Coil,Byakko Kensei G Coil
3834,Byakko・Kensei GF Coil,Byakko Kensei GF Coil
3835,Suzaku・Kensei G Coil,Suzaku Kensei G Coil
3836,Suzaku・Kensei GF Coil,Suzaku Kensei GF Coil
3837,Genbu・Kensei G Coil,Genbu Kensei G Coil
3838,Genbu・Kensei GF Coil,Genbu Kensei GF Coil
3839,Seiryu・Kensei G Coil,Seiryu Kensei G Coil
3840,Seiryu・Kensei GF Coil,Seiryu Kensei GF Coil
3841,Byakko・双龍G Coil,Byakko Twin Dragon G Coil
3842,Byakko・双龍GF Coil,Byakko Twin Dragon GF Coil
3843,Suzaku・双龍G Coil,Suzaku Twin Dragon G Coil
3844,Suzaku・双龍GF Coil,Suzaku Twin Dragon GF Coil
3845,Genbu・双龍G Coil,Genbu Twin Dragon G Coil
3846,Genbu・双龍GF Coil,Genbu Twin Dragon GF Coil
3847,Seiryu・双龍G Coil,Seiryu Twin Dragon G Coil
3848,Seiryu・双龍GF Coil,Seiryu Twin Dragon GF Coil
3849,Byakko・剣王G Coil,Byakko Sword King G Coil
3850,Byakko・剣王GF Coil,Byakko Sword King GF Coil
3851,Suzaku・剣王G Coil,Vermilion Bird Sword King G Coil
3852,Suzaku・剣王GF Coil,Vermilion Bird Sword King GF Coil
3853,Genbu・剣王G Coil,Genbu Sword King G Coil
3854,Genbu・剣王GF Coil,Genbu Sword King GF Coil
3855,Seiryu・剣王G Coil,Seiryu Sword King G Coil
3856,Seiryu・剣王GF Coil,Seiryu Sword King GF Coil
3857,Byakko・刀神G Coil,Byakko Kensei G Coil
3858,Byakko・刀神GF Coil,Byakko Sword God GF Coil
3859,Suzaku・刀神G Coil,Suzaku Sword God G Coil
3860,Suzaku・刀神GF Coil,Suzaku Sword God GF Coil
3861,Genbu・刀神G Coil,Genbu Kensei G Coil
3862,Genbu・刀神GF Coil,Genbu Kensei GF Coil
3863,Seiryu・刀神G Coil,Seiryu Sword God G Coil
3864,Seiryu・刀神GF Coil,Seiryu Sword God GF Coil
3865,Byakko・Heaven 槍G Coil,Byakko Heaven Spear G Coil
3866,Byakko・Heaven 槍GF Coil,Byakko Heaven Lance GF Coil
3867,Suzaku・Heaven 槍G Coil,Suzaku Heaven Spear G Coil
3868,Suzaku・Heaven 槍GF Coil,Suzaku Heaven Spear GF Coil
3869,Genbu・Heaven 槍G Coil,Genbu Heaven Lance G Coil
3870,Genbu・Heaven 槍GF Coil,Genbu Heaven Lance GF Coil
3871,Seiryu・Heaven 槍G Coil,Seiryu Heaven Lance G Coil
3872,Seiryu・Heaven 槍GF Coil,Seiryu Heaven Lance GF Coil
3873,Byakko・砲皇G Coil,Byakko Cannon Emperor G Coil
3874,Byakko・砲皇GF Coil,Byakko Cannon Emperor GF Coil
3875,Suzaku・砲皇G Coil,Suzaku Cannon Emperor G Coil
3876,Suzaku・砲皇GF Coil,Suzaku Cannon Emperor GF Coil
3877,Genbu・砲皇G Coil,Genbu Cannon Emperor G Coil
3878,Genbu・砲皇GF Coil,Genbu Cannon Emperor GF Coil
3879,Seiryu・砲皇G Coil,Seiryu Cannon Emperor G Coil
3880,Seiryu・砲皇GF Coil,Seiryu Cannon Emperor GF Coil
3881,Byakko・鈍器獣G Coil,Byakko Blunt Beast G Coil
3882,Byakko・鈍器獣GF Coil,Byakko Blunt Beast GF Coil
3883,Suzaku・鈍器獣G Coil,Suzaku Blunt Beast G Coil
3884,Suzaku・鈍器獣GF Coil,Suzaku Blunt Beast GF Coil
3885,Genbu・鈍器獣G Coil,Genbu Blunt Beast G Coil
3886,Genbu・鈍器獣GF Coil,Genbu Blunt Beast GF Coil
3887,Seiryu・鈍器獣G Coil,Seiryu Blunt Beast G Coil
3888,Seiryu・鈍器獣GF Coil,Seiryu Blunt Beast GF Coil
3889,Byakko・奏帝G Coil,Byakko Song Emperor G Coil
3890,Byakko・奏帝GF Coil,Byakko Maestro GF Coil
3891,Suzaku・奏帝G Coil,Suzaku Music Emperor G Coil
3892,Suzaku・奏帝GF Coil,Suzaku Music Emperor GF Coil
3893,Genbu・奏帝G Coil,Genbu Melody Emperor G Coil
3894,Genbu・奏帝GF Coil,Genbu Melody Emperor GF Coil
3895,Seiryu・奏帝G Coil,Seiryu Melody Emperor G Coil
3896,Seiryu・奏帝GF Coil,Seiryu Melody Emperor GF Coil
3897,Byakko・銃傑G Coat,Byakko Gun Master G Coat
3898,Byakko・銃傑GF Coat,White Tiger Gunner GF Coat
3899,Suzaku・銃傑G Coat,Suzaku Gun Hero G Coat
3900,Suzaku・銃傑GF Coat,Suzaku Gun Hero GF Coat
3901,Genbu・銃傑G Coat,Genbu Gun Master G Coat
3902,Genbu・銃傑GF Coat,Genbu Gun Master GF Coat
3903,Seiryu・銃傑G Coat,Seiryu Gun Master G Coat
3904,Seiryu・銃傑GF Coat,Seiryu Gun Master GF Coat
3905,Byakko・銃仙G Coat,Byakko Gun Sage G Coat
3906,Byakko・銃仙GF Coat,Byakko Gun Hermit GF Coat
3907,Suzaku・銃仙G Coat,Suzaku Gun Hermit G Coat
3908,Suzaku・銃仙GF Coat,Suzaku Gun Hermit GF Coat
3909,Genbu・銃仙G Coat,Genbu Gun Sage G Coat
3910,Genbu・銃仙GF Coat,Genbu Gun Sage GF Coat
3911,Seiryu・銃仙G Coat,Seiryu Gun Sage G Coat
3912,Seiryu・銃仙GF Coat,Seiryu Gun Sage GF Coat
3913,Byakko・Bow 鬼G Coat,Byakko Bow Demon G Coat
3914,Byakko・Bow 鬼GF Coat,Byakko Bow Demon GF Coat
3915,Suzaku・Bow 鬼G Coat,Suzaku Bow Demon G Coat
3916,Suzaku・Bow 鬼GF Coat,Suzaku Bow Demon GF Coat
3917,Genbu・Bow 鬼G Coat,Genbu Bow Demon G Coat
3918,Genbu・Bow 鬼GF Coat,Genbu Bow Demon GF Coat
3919,Seiryu・Bow 鬼G Coat,Seiryu Bow Ogre G Coat
3920,Seiryu・Bow 鬼GF Coat,Seiryu Bow Ogre GF Coat
3921,Odiva G Faulds,
3922,Odiva G Coat,
3923,Blitz Gフープ,Blitz G Hoop
3924,Blitz Gショルト,Blitz G Sholt
3925,Flame G Coil,
3926,Flame G Coat,
3927,Wind Gアンダ,Wind G Anda
3928,Wind Gアドミ,Wind G Admi
3929,武者G【腰当て】,Warrior G[Waist]
3930,日光G【腰当て】,Sunlight G [Waist]
3931,Wadatsumi G【丸 Obi 】,Wadatsumi G [Maru Obi]
3932,Okami G【丸 Obi 】,Okami G (Maru Obi)
3933,Lils G Faulds,
3934,Lils G Coat,
3935,Algol G Faulds,
3936,Algol G Coat,
3937,エミットG Faulds,Emit G Faulds
3938,エミットG Coat,Emit G Coat
3939,Diboa G Faulds,
3940,Diboa G Coat,
3941,Demon Lord ノ腰布,Demon Lord Waistcloth
3942,童子ノ腰布,Youth Waistcloth
3943,レアー Coil,Rare Coil
3944,ハーデス Coil,Hades Coil
3945,レアー Coat,Rare Coat
3946,ハーデス Coat,Hades Coat
3947,Roses GX Faulds,
3948,Roses GX Coat,
3949,Strega G Faulds,
3950,Strega GF Faulds,
3951,Strega GX Faulds,
3952,Strega G Coat,
3953,Strega GF Coat,
3954,Strega GX Coat,
3955,Pics Coil・Green,Pics Coil Green
3956,Pics F Coil・Green,Pics F Coil Green
3957,Pics FZ Coil・Green,Pics FZ Coil Green
3958,Pics HC Coil・Green,Pics HC Coil Green
3959,Pics HS Coil・Green,Pics HS Coil Green
3960,Pics GS Coil・Green,Pics GS Coil Green
3961,Pics Coat・Green,Pics Coat Green
3962,Pics F Coat・Green,Pics F Coat Green
3963,Pics FZ Coat・Green,Pics FZ Coat Green
3964,Pics HC Coat・Green,Pics HC Coat Green
3965,Pics HS Coat・Green,Pics HS Coat Green
3966,Pics GS Coat・Green,Pics GS Coat Green
3967,Pics Coil・Purple,Pics Coil Purple
3968,Pics F Coil・Purple,Pics F Coil Purple
3969,Pics FZ Coil・Purple,Pics FZ Coil Purple
3970,Pics HC Coil・Purple,Pics HC Coil Purple
3971,Pics HS Coil・Purple,Pics HS Coil Purple
3972,Pics GS Coil・Purple,Pics GS Coil Purple
3973,Pics Coat・Purple,Pics Coat Purple
3974,Pics F Coat・Purple,Pics F Coat Purple
3975,Pics FZ Coat・Purple,Pics FZ Coat Purple
3976,Pics HC Coat・Purple,Pics HC Coat Purple
3977,Pics HS Coat・Purple,Pics HS Coat Purple
3978,Pics GS Coat・Purple,Pics GS Coat Purple
3979,Pics Coil・Black,Pics Coil Black
3980,Pics F Coil・Black,Pics F Coil Black
3981,Pics FZ Coil・Black,Pics FZ Coil Black
3982,Pics HC Coil・Black,Pics HC Coil Black
3983,Pics HS Coil・Black,Pics HS Coil Black
3984,Pics GS Coil・Black,Pics GS Coil Black
3985,Pics Coat・Black,Pics Coat Black
3986,Pics F Coat・Black,Pics F Coat Black
3987,Pics FZ Coat・Black,Pics FZ Coat Black
3988,Pics HC Coat・Black,Pics HC Coat Black
3989,Pics HS Coat・Black,Pics HS Coat Black
3990,Pics GS Coat・Black,Pics GS Coat Black
3991,Pics Coil・Water,Pics Coil Water
3992,Pics F Coil・Water,Pics F Coil Water
3993,Pics FZ Coil・Water,Pics FZ Coil Water
3994,Pics HC Coil・Water,Pics HC Coil Water
3995,Pics HS Coil・Water,Pics HS Coil Water
3996,Pics GS Coil・Water,Pics GS Coil Water
3997,Pics Coat・Water,Pics Coat Water
3998,Pics F Coat・Water,Pics F Coat Water
3999,Pics FZ Coat・Water,Pics FZ Coat Water
4000,Pics HC Coat・Water,Pics HC Coat Water
4001,Pics HS Coat・Water,Pics HS Coat Water
4002,Pics GS Coat・Water,Pics GS Coat Water
4003,Bright Faulds,
4004,Bright F Faulds,
4005,Bright FZ Faulds,
4006,Bright HC Faulds,
4007,Bright HS Faulds,
4008,Bright GS Faulds,
4009,Bright Coat,
4010,Bright F Coat,
4011,Bright FZ Coat,
4012,Bright HC Coat,
4013,Bright HS Coat,
4014,Bright GS Coat,
4015,Juari Faulds,
4016,Juari F Faulds,
4017,Juari FZ Faulds,
4018,Juari HC Faulds,
4019,Juari HS Faulds,
4020,Juari GS Faulds,
4021,Juari Coat,
4022,Juari F Coat,
4023,Juari FZ Coat,
4024,Juari HC Coat,
4025,Juari HS Coat,
4026,Juari GS Coat,
4027,Tinku Faulds,
4028,Tinku F Faulds,
4029,Tinku FZ Faulds,
4030,Tinku HC Faulds,
4031,Tinku HS Faulds,
4032,Tinku GS Faulds,
4033,Tinku Coat,
4034,Tinku F Coat,
4035,Tinku FZ Coat,
4036,Tinku HC Coat,
4037,Tinku HS Coat,
4038,Tinku GS Coat,
4039,Real FZ Coil・White,Real FZ Coil White
4040,Real HC Coil・White,Real HC Coil White
4041,Real HS Coil・White,Real HS Coil White
4042,Real GS Coil・White,Real GS Coil White
4043,Real FZ Coat・White,Real FZ Coat White
4044,Real HC Coat・White,Real HC Coat White
4045,Real HS Coat・White,Real HS Coat White
4046,Real GS Coat・White,Real GS Coat White
4047,Lien FZ Coil・Blue,Lien FZ Coil Blue
4048,Lien HC Coil・Blue,Lien HC Coil Blue
4049,Lien HS Coil・Blue,Lien HS Coil Blue
4050,Lien GS Coil・Blue,Lien GS Coil Blue
4051,Lien FZ Coat・Blue,Lien FZ Coat Blue
4052,Lien HC Coat・Blue,Lien HC Coat Blue
4053,Lien HS Coat・Blue,Lien HS Coat Blue
4054,Lien GS Coat・Blue,Lien GS Coat Blue
4055,Melety FZ Coil・White,Melety FZ Coil White
4056,Melety HC Coil・White,Melety HC Coil White
4057,Melety HS Coil・White,Melety HS Coil White
4058,Melety GS Coil・White,Melety GS Coil White
4059,Melety FZ Coat・Blue,Melety FZ Coat Blue
4060,Melety HC Coat・Blue,Melety HC Coat Blue
4061,Melety HS Coat・Blue,Melety HS Coat Blue
4062,Melety GS Coat・Blue,Melety GS Coat Blue
4063,Regelia FZ Coil・White,Regelia FZ Coil White
4064,Regelia HC Coil・White,Regelia HC Coil White
4065,Regelia HS Coil・White,Regelia HS Coil White
4066,Regelia GS Coil・White,Regelia GS Coil White
4067,Regelia FZ Coat・Blue,Regelia FZ Coat Blue
4068,Regelia HC Coat・Blue,Regelia HC Coat Blue
4069,Regelia HS Coat・Blue,Regelia HS Coat Blue
4070,Regelia GS Coat・Blue,Regelia GS Coat Blue
4071,Suriito HS Coil・Yellow,Suriito HS Coil Yellow
4072,Suriito GS Coil・Yellow,Suriito GS Coil Yellow
4073,Suriito HS Coat・Yellow,Suriito HS Coat Yellow
4074,Suriito GS Coat・Yellow,Suriito GS Coat Yellow
4075,Steno HS Elytra ー・Orange,Steno HS Elytra Orange
4076,Steno GS Elytra ー・Orange,Steno GS Elytra - Orange
4077,Steno HS Coat・Orange,Steno HS Coat Orange
4078,Steno GS Coat・Orange,Steno GS Coat Orange
4079,Edio HC Coil・Blue,Edio HC Coil Blue
4080,Edio HS Coil・Blue,Edio HS Coil Blue
4081,Edio GS Coil・Blue,Edio GS Coil Blue
4082,Edio HC Coat・Blue,Edio HC Coat Blue
4083,Edio HS Coat・Blue,Edio HS Coat Blue
4084,Edio GS Coat・Blue,Edio GS Coat Blue
4085,Galitos HC Belt・Tea,Galitos HC Belt Tea
4086,Galitos HS Belt・Tea,Galitos HS Belt Tea
4087,Galitos GS Belt・Tea,Galitos GS Belt Tea
4088,Galitos HC Coat・Tea,Galitos HC Coat Tea
4089,Galitos HS Coat・Tea,Galitos HS Coat Tea
4090,Galitos GS Coat・Tea,Galitos GS Coat Tea
4091,ロット Belt,Rott Belt
4092,ロットF Belt,Lot F Belt
4093,ロットFZ Belt,Lot FZ Belt
4094,ロットHC Belt,Lot HC Belt
4095,ロットHS Belt,Lot HS Belt
4096,ロットGS Belt,Lot GS Belt
4097,ロットバックル,Lot Buckle
4098,ロットFバックル,Lot F Buckle
4099,ロットFZバックル,Lot FZ Buckle
4100,ロットHCバックル,Lot HC Buckle
4101,ロットHSバックル,Lot HS Buckle
4102,ロットGSバックル,Lot GS Buckle
4103,Blink F Belt,
4104,Blink F Coat,
4105,Smart F Waist,
4106,Smart FZ Waist,
4107,Smart HC Waist,
4108,Gougarf FX Faulds,
4109,Gougarf HS Faulds,
4110,Gougarf FX Coat,
4111,Gougarf HS Coat,
4112,Regyukusu HC Coil,
4113,Regyukusu HS Coil,
4114,Regyukusu GS Coil,
4115,Regyukusu HC Coat,
4116,Regyukusu HS Coat,
4117,Regyukusu GS Coat,
4118,Pistis HC Coil,
4119,Pistis HS Coil,
4120,Pistis GS Coil,
4121,Pistis HC Coat,
4122,Pistis HS Coat,
4123,Pistis GS Coat,
4124,Star Festival FZ Obi 【 Red 】,
4125,Star Festival HC Obi 【 Red 】,
4126,Star Festival HS Obi 【 Red 】,
4127,Star Festival GS Obi 【 Red 】,
4128,Tanabata FZ Obi 【 Red 】,
4129,Tanabata HC Obi 【 Red 】,
4130,Tanabata HS Obi 【 Red 】,
4131,Tanabata GS Obi 【 Red 】,
4132,Real FZ Coil・Gold,Real FZ Coil Gold
4133,Real HC Coil・Gold,Real HC Coil Gold
4134,Real HS Coil・Gold,Real HS Coil Gold
4135,Real GS Coil・Gold,Real GS Coil Gold
4136,Real FZ Coat・Gold,Real FZ Coat Gold
4137,Real HC Coat・Gold,Real HC Coat Gold
4138,Real HS Coat・Gold,Real HS Coat Gold
4139,Real GS Coat・Gold,Real GS Coat Gold
4140,Real FZ Coil・Blue,Real FZ Coil Blue
4141,Real HC Coil・Blue,Real HC Coil Blue
4142,Real HS Coil・Blue,Real HS Coil Blue
4143,Real GS Coil・Blue,Real GS Coil Blue
4144,Real FZ Coat・Blue,Real FZ Coat Blue
4145,Real HC Coat・Blue,Real HC Coat Blue
4146,Real HS Coat・Blue,Real HS Coat Blue
4147,Real GS Coat・Blue,Real GS Coat Blue
4148,Real FZ Coil・Red,Real FZ Coil Red
4149,Real HC Coil・Red,Real HC Coil Red
4150,Real HS Coil・Red,Real HS Coil Red
4151,Real GS Coil・Red,Real GS Coil Red
4152,Real FZ Coat・Red,Real FZ Coat Red
4153,Real HC Coat・Red,Real HC Coat Red
4154,Real HS Coat・Red,Real HS Coat Red
4155,Real GS Coat・Red,Real GS Coat Red
4156,Lien FZ Coil・Red,Lien FZ Coil Red
4157,Lien HC Coil・Red,Lien HC Coil Red
4158,Lien HS Coil・Red,Lien HS Coil Red
4159,Lien GS Coil・Red,Lien GS Coil Red
4160,Lien FZ Coat・Red,Lien FZ Coat Red
4161,Lien HC Coat・Red,Lien HC Coat Red
4162,Lien HS Coat・Red,Lien HS Coat Red
4163,Lien GS Coat・Red,Lien GS Coat Red
4164,Lien FZ Coil・Black,Lien FZ Coil Black
4165,Lien HC Coil・Black,Lien HC Coil Black
4166,Lien HS Coil・Black,Lien HS Coil Black
4167,Lien GS Coil・Black,Lien GS Coil Black
4168,Lien FZ Coat・Black,Lien FZ Coat Black
4169,Lien HC Coat・Black,Lien HC Coat Black
4170,Lien HS Coat・Black,Lien HS Coat Black
4171,Lien GS Coat・Black,Lien GS Coat Black
4172,Lien FZ Coil・White,Lien FZ Coil White
4173,Lien HC Coil・White,Lien HC Coil White
4174,Lien HS Coil・White,Lien HS Coil White
4175,Lien GS Coil・White,Lien GS Coil White
4176,Lien FZ Coat・White,Lien FZ Coat White
4177,Lien HC Coat・White,Lien HC Coat White
4178,Lien HS Coat・White,Lien HS Coat White
4179,Lien GS Coat・White,Lien GS Coat White
4180,Melety FZ Coil・Red,Melety FZ Coil Red
4181,Melety HC Coil・Red,Melety HC Coil Red
4182,Melety HS Coil・Red,Melety HS Coil Red
4183,Melety GS Coil・Red,Melety GS Coil Red
4184,Melety FZ Coil・Blue,Melety FZ Coil Blue
4185,Melety HC Coil・Blue,Melety HC Coil Blue
4186,Melety HS Coil・Blue,Melety HS Coil Blue
4187,Melety GS Coil・Blue,Melety GS Coil Blue
4188,Melety FZ Coil・Black,Melety FZ Coil Black
4189,Melety HC Coil・Black,Melety HC Coil Black
4190,Melety HS Coil・Black,Melety HS Coil Black
4191,Melety GS Coil・Black,Melety GS Coil Black
4192,Melety FZ Coat・White,Melety FZ Coat White
4193,Melety HC Coat・White,Melety HC Coat White
4194,Melety HS Coat・White,Melety HS Coat White
4195,Melety GS Coat・White,Melety GS Coat White
4196,Melety FZ Coat・Red,Melety FZ Coat Red
4197,Melety HC Coat・Red,Melety HC Coat Red
4198,Melety HS Coat・Red,Melety HS Coat Red
4199,Melety GS Coat・Red,Melety GS Coat Red
4200,Melety FZ Coat・Black,Melety FZ Coat Black
4201,Melety HC Coat・Black,Melety HC Coat Black
4202,Melety HS Coat・Black,Melety HS Coat Black
4203,Melety GS Coat・Black,Melety GS Coat Black
4204,Regelia FZ Coil・Red,Regelia FZ Coil Red
4205,Regelia HC Coil・Red,Regelia HC Coil Red
4206,Regelia HS Coil・Red,Regelia HS Coil Red
4207,Regelia GS Coil・Red,Regelia GS Coil Red
4208,Regelia FZ Coil・Green,Regelia FZ Coil Green
4209,Regelia HC Coil・Green,Regelia HC Coil Green
4210,Regelia HS Coil・Green,Regelia HS Coil Green
4211,Regelia GS Coil・Green,Regelia GS Coil Green
4212,Regelia FZ Coil・Blue,Regelia FZ Coil Blue
4213,Regelia HC Coil・Blue,Regelia HC Coil Blue
4214,Regelia HS Coil・Blue,Regelia HS Coil Blue
4215,Regelia GS Coil・Blue,Regelia GS Coil Blue
4216,Regelia FZ Coat・White,Regelia FZ Coat White
4217,Regelia HC Coat・White,Regelia HC Coat White
4218,Regelia HS Coat・White,Regelia HS Coat White
4219,Regelia GS Coat・White,Regelia GS Coat White
4220,Regelia FZ Coat・Red,Regelia FZ Coat Red
4221,Regelia HC Coat・Red,Regelia HC Coat Red
4222,Regelia HS Coat・Red,Regelia HS Coat Red
4223,Regelia GS Coat・Red,Regelia GS Coat Red
4224,Regelia FZ Coat・Green,Regelia FZ Coat Green
4225,Regelia HC Coat・Green,Regelia HC Coat Green
4226,Regelia HS Coat・Green,Regelia HS Coat Green
4227,Regelia GS Coat・Green,Regelia GS Coat Green
4228,Suriito HS Coil・Silver,Suriito HS Coil Silver
4229,Suriito GS Coil・Silver,Suriito GS Coil Silver
4230,Suriito HS Coat・Silver,Suriito HS Coat Silver
4231,Suriito GS Coat・Silver,Suriito GS Coat Silver
4232,Suriito HS Coil・Red,Suriito HS Coil Red
4233,Suriito GS Coil・Red,Suriito GS Coil Red
4234,Suriito HS Coat・Red,Suriito HS Coat Red
4235,Suriito GS Coat・Red,Suriito GS Coat Red
4236,Suriito HS Coil・Blue,Suriito HS Coil Blue
4237,Suriito GS Coil・Blue,Suriito GS Coil Blue
4238,Suriito HS Coat・Blue,Suriito HS Coat Blue
4239,Suriito GS Coat・Blue,Suriito GS Coat Blue
4240,Steno HS Elytra ー・Peach,Steno HS Elytra Peach
4241,Steno GS Elytra ー・Peach,Steno GS Elytra - Peach
4242,Steno HS Coat・Peach,Steno HS Coat Peach
4243,Steno GS Coat・Peach,Steno GS Coat Peach
4244,Steno HS Elytra ー・Blue,Steno HS Elytra Blue
4245,Steno GS Elytra ー・Blue,Steno GS Elytra - Blue
4246,Steno HS Coat・Blue,Steno HS Coat Blue
4247,Steno GS Coat・Blue,Steno GS Coat Blue
4248,Steno HS Elytra ー・Red,Steno HS Elytra Red
4249,Steno GS Elytra ー・Red,Steno GS Elytra - Red
4250,Steno HS Coat・Red,Steno HS Coat Red
4251,Steno GS Coat・Red,Steno GS Coat Red
4252,Edio HC Coil・Red,Edio HC Coil Red
4253,Edio HS Coil・Red,Edio HS Coil Red
4254,Edio GS Coil・Red,Edio GS Coil Red
4255,Edio HC Coat・Red,Edio HC Coat Red
4256,Edio HS Coat・Red,Edio HS Coat Red
4257,Edio GS Coat・Red,Edio GS Coat Red
4258,Edio HC Coil・Yellow,Edio HC Coil Yellow
4259,Edio HS Coil・Yellow,Edio HS Coil Yellow
4260,Edio GS Coil・Yellow,Edio GS Coil Yellow
4261,Edio HC Coat・Yellow,Edio HC Coat Yellow
4262,Edio HS Coat・Yellow,Edio HS Coat Yellow
4263,Edio GS Coat・Yellow,Edio GS Coat Yellow
4264,Edio HC Coil・Black,Edio HC Coil Black
4265,Edio HS Coil・Black,Edio HS Coil Black
4266,Edio GS Coil・Black,Edio GS Coil Black
4267,Edio HC Coat・Black,Edio HC Coat Black
4268,Edio HS Coat・Black,Edio HS Coat Black
4269,Edio GS Coat・Black,Edio GS Coat Black
4270,Galitos HC Belt・Red,Galitos HC Belt Red
4271,Galitos HS Belt・Red,Galitos HS Belt Red
4272,Galitos GS Belt・Red,Galitos GS Belt Red
4273,Galitos HC Coat・Red,Galitos HC Coat Red
4274,Galitos HS Coat・Red,Galitos HS Coat Red
4275,Galitos GS Coat・Red,Galitos GS Coat Red
4276,Galitos HC Belt・Black,Galitos HC Belt Black
4277,Galitos HS Belt・Black,Galitos HS Belt Black
4278,Galitos GS Belt・Black,Galitos GS Belt Black
4279,Galitos HC Coat・Black,Galitos HC Coat Black
4280,Galitos HS Coat・Black,Galitos HS Coat Black
4281,Galitos GS Coat・Black,Galitos GS Coat Black
4282,Galitos HC Belt・Water,Galitos HC Belt Water
4283,Galitos HS Belt・Water,Galitos HS Belt Water
4284,Galitos GS Belt・Water,Galitos GS Belt Water
4285,Galitos HC Coat・Water,Galitos HC Coat Water
4286,Galitos HS Coat・Water,Galitos HS Coat Water
4287,Galitos GS Coat・Water,Galitos GS Coat Water
4288,Star Festival FZ Obi 【 Blue 】,
4289,Star Festival HC Obi 【 Blue 】,
4290,Star Festival HS Obi 【 Blue 】,
4291,Star Festival GS Obi 【 Blue 】,
4292,Tanabata FZ Obi 【 Blue 】,
4293,Tanabata HC Obi 【 Blue 】,
4294,Tanabata HS Obi 【 Blue 】,
4295,Tanabata GS Obi 【 Blue 】,
4296,Star Festival FZ Obi 【 Black 】,
4297,Star Festival HC Obi 【 Black 】,
4298,Star Festival HS Obi 【 Black 】,
4299,Star Festival GS Obi 【 Black 】,
4300,Tanabata FZ Obi 【 Black 】,
4301,Tanabata HC Obi 【 Black 】,
4302,Tanabata HS Obi 【 Black 】,
4303,Tanabata GS Obi 【 Black 】,
4304,Star Festival FZ Obi 【 White 】,
4305,Star Festival HC Obi 【 White 】,
4306,Star Festival HS Obi 【 White 】,
4307,Star Festival GS Obi 【 White 】,
4308,Tanabata FZ Obi 【 White 】,
4309,Tanabata HC Obi 【 White 】,
4310,Tanabata HS Obi 【 White 】,
4311,Tanabata GS Obi 【 White 】,
4312,ダミー,Dummy
4313,ダミー,Dummy
4314,ダミー,Dummy
4315,ダミー,Dummy
4316,ダミー,Dummy
4317,ダミー,Dummy
4318,ダミー,Dummy
4319,ダミー,Dummy
4320,ダミー,Dummy
4321,ダミー,Dummy
4322,ダミー,Dummy
4323,ダミー,Dummy
4324,ヴェルフHS Faulds,Veluf HS Faulds
4325,ヴェルフGS Faulds,Velv GS Faulds
4326,ヴェルフHS Coat,Veluf HS Coat
4327,ヴェルフGS Coat,Velv GS Coat
4328,テリオグHS Faulds,Teriog HS Faulds
4329,テリオグGS Faulds,Terriog GS Faulds
4330,テリオグHS Coat,Teriog HS Coat
4331,テリオグGS Coat,Terriog GS Coat
4332,Beil HS Reflector,
4333,Beil GS Reflector,
4334,Veloci G Faulds,
4335,Veloci GF Faulds,
4336,Veloci GX Faulds,
4337,Veloci G Coat,
4338,Veloci GF Coat,
4339,Veloci GX Coat,
4340,Io G Faulds,
4341,Io GF Faulds,
4342,Io GX Faulds,
4343,Io G Coat,
4344,Io GF Coat,
4345,Io GX Coat,
4346,Gen G Faulds,
4347,Gen GF Faulds,
4348,Gen GX Faulds,
4349,Gen G Coat,
4350,Gen GF Coat,
4351,Gen GX Coat,
4352,Cepha G Faulds,
4353,Cepha GF Faulds,
4354,Cepha GX Faulds,
4355,Cepha G Coat,
4356,Cepha GF Coat,
4357,Cepha GX Coat,
4358,Diablos G Coil,
4359,Diablos GF Coil,
4360,Diablos GX Coil,
4361,Diablos G Coat,
4362,Diablos GF Coat,
4363,Diablos GX Coat,
4364,Plesioth G Faulds,
4365,Plesioth GF Faulds,
4366,Plesioth GX Faulds,
4367,Plesioth G Coat,
4368,Plesioth GF Coat,
4369,Plesioth GX Coat,
4370,Beru G Faulds,
4371,Beru GF Faulds,
4372,Beru GX Faulds,
4373,Beru G Coat,
4374,Beru GF Coat,
4375,Beru GX Coat,
4376,Black Gravios G Faulds,
4377,Black Gravios GF Faulds,
4378,Black Gravios GX Faulds,
4379,Black Gravios G Coat,
4380,Black Gravios GF Coat,
4381,Black Gravios GX Coat,
4382,Lune G Coil,
4383,Lune GF Coil,
4384,Lune GX Coil,
4385,Lune G Coat,
4386,Lune GF Coat,
4387,Lune GX Coat,
4388,Stroma Faulds,
4389,Stroma F Faulds,
4390,Stroma FX Faulds,
4391,Stroma G Faulds,
4392,Stroma Coat,
4393,Stroma F Coat,
4394,Stroma FX Coat,
4395,Stroma G Coat,
4396,Plunder G Faulds,
4397,Plunder GF Faulds,
4398,Plunder GX Faulds,
4399,Plunder G Coat,
4400,Plunder GF Coat,
4401,Plunder GX Coat,
4402,Altera Faulds,
4403,Altera F Faulds,
4404,Altera FX Faulds,
4405,Altera G Faulds,
4406,Altera GF Faulds,
4407,Altera Coat,
4408,Altera F Coat,
4409,Altera FX Coat,
4410,Altera G Coat,
4411,Altera GF Coat,
4412,Dragon G Wing,
4413,Dragon GF Wing,
4414,Dragon GX Wing,
4415,Dragon Gテイル,Dragon G Tail
4416,Dragon GFテイル,Dragon GF Tail
4417,Dragon GXテイル,Dragon GX Tail
4418,Iriku Faulds,
4419,Iriku F Faulds,
4420,Iriku FX Faulds,
4421,Iriku HC Faulds,
4422,Iriku Coat,
4423,Iriku F Coat,
4424,Iriku FX Coat,
4425,Iriku HC Coat,
4426,Iriku G Faulds,
4427,Iriku GF Faulds,
4428,Iriku GX Faulds,
4429,Iriku G Coat,
4430,Iriku GF Coat,
4431,Iriku GX Coat,
4432,Afti G Faulds,
4433,Afti GF Faulds,
4434,Afti GX Faulds,
4435,Afti G Coat,
4436,Afti GF Coat,
4437,Afti GX Coat,
4438,Secuti Coil・Black,Secuti Coil Black
4439,Secuti F Coil・Black,Secuti F Coil Black
4440,Secuti FZ Coil・Black,Secuti FZ Coil Black
4441,Secuti HS Coil・Black,Secuti HS Coil Black
4442,Secuti GS Coil・Black,Secuti GS Coil Black
4443,Secuti GP Coil・Black,Secuti GP Coil Black
4444,Secuti Coat・Black,Secuti Coat Black
4445,Secuti F Coat・Black,Secuti F Coat Black
4446,Secuti FZ Coat・Black,Secuti FZ Coat Black
4447,Secuti HS Coat・Black,Secuti HS Coat Black
4448,Secuti GS Coat・Black,Secuti GS Coat Black
4449,Secuti GP Coat・Black,Secuti GP Coat Black
4450,Secuti Coil・Blue,Secuti Coil Blue
4451,Secuti F Coil・Blue,Secuti F Coil Blue
4452,Secuti FZ Coil・Blue,Secuti FZ Coil Blue
4453,Secuti HS Coil・Blue,Secuti HS Coil Blue
4454,Secuti GS Coil・Blue,Secuti GS Coil Blue
4455,Secuti GP Coil・Blue,Secuti GP Coil Blue
4456,Secuti Coat・Blue,Secuti Coat Blue
4457,Secuti F Coat・Blue,Secuti F Coat Blue
4458,Secuti FZ Coat・Blue,Secuti FZ Coat Blue
4459,Secuti HS Coat・Blue,Secuti HS Coat Blue
4460,Secuti GS Coat・Blue,Secuti GS Coat Blue
4461,Secuti GP Coat・Blue,Secuti GP Coat Blue
4462,Secuti Coil・Red,Secuti Coil Red
4463,Secuti F Coil・Red,Secuti F Coil Red
4464,Secuti FZ Coil・Red,Secuti FZ Coil Red
4465,Secuti HS Coil・Red,Secuti HS Coil Red
4466,Secuti GS Coil・Red,Secuti GS Coil Red
4467,Secuti GP Coil・Red,Secuti GP Coil Red
4468,Secuti Coat・Red,Secuti Coat Red
4469,Secuti F Coat・Red,Secuti F Coat Red
4470,Secuti FZ Coat・Red,Secuti FZ Coat Red
4471,Secuti HS Coat・Red,Secuti HS Coat Red
4472,Secuti GS Coat・Red,Secuti GS Coat Red
4473,Secuti GP Coat・Red,Secuti GP Coat Red
4474,Secuti Coil・White,Secuti Coil White
4475,Secuti F Coil・White,Secuti F Coil White
4476,Secuti FZ Coil・White,Secuti FZ Coil White
4477,Secuti HS Coil・White,Secuti HS Coil White
4478,Secuti GS Coil・White,Secuti GS Coil White
4479,Secuti GP Coil・White,Secuti GP Coil White
4480,Secuti Coat・White,Secuti Coat White
4481,Secuti F Coat・White,Secuti F Coat White
4482,Secuti FZ Coat・White,Secuti FZ Coat White
4483,Secuti HS Coat・White,Secuti HS Coat White
4484,Secuti GS Coat・White,Secuti GS Coat White
4485,Secuti GP Coat・White,Secuti GP Coat White
4486,Gelt Coil・Black,Gelt Coil Black
4487,Gelt F Coil・Black,Gelt F Coil Black
4488,Gelt FZ Coil・Black,Gelt FZ Coil Black
4489,Gelt HS Coil・Black,Gelt HS Coil Black
4490,Gelt GS Coil・Black,Gelt GS Coil Black
4491,Gelt GP Coil・Black,Gelt GP Coil Black
4492,Gelt Coat・Black,Gelt Coat Black
4493,Gelt F Coat・Black,Gelt F Coat Black
4494,Gelt FZ Coat・Black,Gelt FZ Coat Black
4495,Gelt HS Coat・Black,Gelt HS Coat Black
4496,Gelt GS Coat・Black,Gelt GS Coat Black
4497,Gelt GP Coat・Black,Gelt GP Coat Black
4498,Gelt Coil・Copper,Gelt Coil Copper
4499,Gelt F Coil・Copper,Gelt F Coil Copper
4500,Gelt FZ Coil・Copper,Gelt FZ Coil Copper
4501,Gelt HS Coil・Copper,Gelt HS Coil Copper
4502,Gelt GS Coil・Copper,Gelt GS Coil Copper
4503,Gelt GP Coil・Copper,Gelt GP Coil Copper
4504,Gelt Coat・Copper,Gelt Coat Copper
4505,Gelt F Coat・Copper,Gelt F Coat Copper
4506,Gelt FZ Coat・Copper,Gelt FZ Coat Copper
4507,Gelt HS Coat・Copper,Gelt HS Coat Copper
4508,Gelt GS Coat・Copper,Gelt GS Coat Copper
4509,Gelt GP Coat・Copper,Gelt GP Coat Copper
4510,Gelt Coil・Silver,Gelt Coil Silver
4511,Gelt F Coil・Silver,Gelt F Coil Silver
4512,Gelt FZ Coil・Silver,Gelt FZ Coil Silver
4513,Gelt HS Coil・Silver,Gelt HS Coil Silver
4514,Gelt GS Coil・Silver,Gelt GS Coil Silver
4515,Gelt GP Coil・Silver,Gelt GP Coil Silver
4516,Gelt Coat・Silver,Gelt Coat Silver
4517,Gelt F Coat・Silver,Gelt F Coat Silver
4518,Gelt FZ Coat・Silver,Gelt FZ Coat Silver
4519,Gelt HS Coat・Silver,Gelt HS Coat Silver
4520,Gelt GS Coat・Silver,Gelt GS Coat Silver
4521,Gelt GP Coat・Silver,Gelt GP Coat Silver
4522,Gelt Coil・Gold,Gelt Coil Gold
4523,Gelt F Coil・Gold,Gelt F Coil Gold
4524,Gelt FZ Coil・Gold,Gelt FZ Coil Gold
4525,Gelt HS Coil・Gold,Gelt HS Coil Gold
4526,Gelt GS Coil・Gold,Gelt GS Coil Gold
4527,Gelt GP Coil・Gold,Gelt GP Coil Gold
4528,Gelt Coat・Gold,Gelt Coat Gold
4529,Gelt F Coat・Gold,Gelt F Coat Gold
4530,Gelt FZ Coat・Gold,Gelt FZ Coat Gold
4531,Gelt HS Coat・Gold,Gelt HS Coat Gold
4532,Gelt GS Coat・Gold,Gelt GS Coat Gold
4533,Gelt GP Coat・Gold,Gelt GP Coat Gold
4534,Shoko Waist,
4535,Shoko F Waist,
4536,Shoko FZ Waist,
4537,Shoko HS Waist,
4538,Shoko GS Waist,
4539,Shoko GP Waist,
4540,Shoko Belt,
4541,Shoko F Belt,
4542,Shoko FZ Belt,
4543,Shoko HS Belt,
4544,Shoko GS Belt,
4545,Shoko GP Belt,
4546,Genom Waist・Green,Genom Waist Green
4547,Genom F Waist・Green,Genom F Waist Green
4548,Genom FZ Waist・Green,Genom FZ Waist Green
4549,Genom HS Waist・Green,Genom HS Waist Green
4550,Genom GS Waist・Green,Genom GS Waist Green
4551,Genom GP Waist・Green,Genom GP Waist Green
4552,Genom Belt・Green,Genom Belt Green
4553,Genom F Belt・Green,Genom F Belt Green
4554,Genom FZ Belt・Green,Genom FZ Belt Green
4555,Genom HS Belt・Green,Genom HS Belt Green
4556,Genom GS Belt・Green,Genom GS Belt Green
4557,Genom GP Belt・Green,Genom GP Belt Green
4558,Genom Waist・Water,Genom Waist Water
4559,Genom F Waist・Water,Genom F Waist Water
4560,Genom FZ Waist・Water,Genom FZ Waist Water
4561,Genom HS Waist・Water,Genom HS Waist Water
4562,Genom GS Waist・Water,Genom GS Waist Water
4563,Genom GP Waist・Water,Genom GP Waist Water
4564,Genom Belt・Water,Genom Belt Water
4565,Genom F Belt・Water,Genom F Belt Water
4566,Genom FZ Belt・Water,Genom FZ Belt Water
4567,Genom HS Belt・Water,Genom HS Belt Water
4568,Genom GS Belt・Water,Genom GS Belt Water
4569,Genom GP Belt・Water,Genom GP Belt Water
4570,Genom Waist・Red,Genom Waist Red
4571,Genom F Waist・Red,Genom F Waist Red
4572,Genom FZ Waist・Red,Genom FZ Waist Red
4573,Genom HS Waist・Red,Genom HS Waist Red
4574,Genom GS Waist・Red,Genom GS Waist Red
4575,Genom GP Waist・Red,Genom GP Waist Red
4576,Genom Belt・Red,Genom Belt Red
4577,Genom F Belt・Red,Genom F Belt Red
4578,Genom FZ Belt・Red,Genom FZ Belt Red
4579,Genom HS Belt・Red,Genom HS Belt Red
4580,Genom GS Belt・Red,Genom GS Belt Red
4581,Genom GP Belt・Red,Genom GP Belt Red
4582,Genom Waist・Purple,Genom Waist Purple
4583,Genom F Waist・Purple,Genom F Waist Purple
4584,Genom FZ Waist・Purple,Genom FZ Waist Purple
4585,Genom HS Waist・Purple,Genom HS Waist Purple
4586,Genom GS Waist・Purple,Genom GS Waist Purple
4587,Genom GP Waist・Purple,Genom GP Waist Purple
4588,Genom Belt・Purple,Genom Belt Purple
4589,Genom F Belt・Purple,Genom F Belt Purple
4590,Genom FZ Belt・Purple,Genom FZ Belt Purple
4591,Genom HS Belt・Purple,Genom HS Belt Purple
4592,Genom GS Belt・Purple,Genom GS Belt Purple
4593,Genom GP Belt・Purple,Genom GP Belt Purple
4594,Divol Belt Green,
4595,Divol F Belt Green,
4596,Divol FZ Belt Green,
4597,Divol HS Belt Green,
4598,Divol GS Belt Green,
4599,Divol GP Belt Green,
4600,Divol Coat Green,
4601,Divol F Coat Green,
4602,Divol FZ Coat Green,
4603,Divol HS Coat Green,
4604,Divol GS Coat Green,
4605,Divol GP Coat Green,
4606,Divol Belt Tea,
4607,Divol F Belt Tea,
4608,Divol FZ Belt Tea,
4609,Divol HS Belt Tea,
4610,Divol GS Belt Tea,
4611,Divol GP Belt Tea,
4612,Divol Coat Tea,
4613,Divol F Coat Tea,
4614,Divol FZ Coat Tea,
4615,Divol HS Coat Tea,
4616,Divol GS Coat Tea,
4617,Divol GP Coat Tea,
4618,Divol Belt White,
4619,Divol F Belt White,
4620,Divol FZ Belt White,
4621,Divol HS Belt White,
4622,Divol GS Belt White,
4623,Divol GP Belt White,
4624,Divol Coat White,
4625,Divol F Coat White,
4626,Divol FZ Coat White,
4627,Divol HS Coat White,
4628,Divol GS Coat White,
4629,Divol GP Coat White,
4630,Dante Waist・Red,Dante Waist Red
4631,Dante F Waist・Red,Dante F Waist Red
4632,Dante FZ Waist・Red,Dante FZ Waist Red
4633,Dante HS Waist・Red,Dante HS Waist Red
4634,Dante GS Waist・Red,Dante GS Waist Red
4635,Dante GP Waist・Red,Dante GP Waist Red
4636,Dante Belt・Red,Dante Belt Red
4637,Dante F Belt・Red,Dante F Belt Red
4638,Dante FZ Belt・Red,Dante FZ Belt Red
4639,Dante HS Belt・Red,Dante HS Belt Red
4640,Dante GS Belt・Red,Dante GS Belt Red
4641,Dante GP Belt・Red,Dante GP Belt Red
4642,Lady Waist・White,Lady Waist White
4643,Lady F Waist・White,Lady F Waist White
4644,Lady FZ Waist・White,Lady FZ Waist White
4645,Lady HS Waist・White,Lady HS Waist White
4646,Lady GS Waist・White,Lady GS Waist White
4647,Lady GP Waist・White,Lady GP Waist White
4648,Lady Belt・White,Lady Belt White
4649,Lady F Belt・White,Lady F Belt White
4650,Lady FZ Belt・White,Lady FZ Belt White
4651,Lady HS Belt・White,Lady HS Belt White
4652,Lady GS Belt・White,Lady GS Belt White
4653,Lady GP Belt・White,Lady GP Belt White
4654,Dante Waist・Black,Dante Waist Black
4655,Dante F Waist・Black,Dante F Waist Black
4656,Dante FZ Waist・Black,Dante FZ Waist Black
4657,Dante HS Waist・Black,Dante HS Waist Black
4658,Dante GS Waist・Black,Dante GS Waist Black
4659,Dante GP Waist・Black,Dante GP Waist Black
4660,Dante Belt・Black,Dante Belt Black
4661,Dante F Belt・Black,Dante F Belt Black
4662,Dante FZ Belt・Black,Dante FZ Belt Black
4663,Dante HS Belt・Black,Dante HS Belt Black
4664,Dante GS Belt・Black,Dante GS Belt Black
4665,Dante GP Belt・Black,Dante GP Belt Black
4666,Lady Waist・Black,Lady Waist Black
4667,Lady F Waist・Black,Lady F Waist Black
4668,Lady FZ Waist・Black,Lady FZ Waist Black
4669,Lady HS Waist・Black,Lady HS Waist Black
4670,Lady GS Waist・Black,Lady GS Waist Black
4671,Lady GP Waist・Black,Lady GP Waist Black
4672,Lady Belt・Black,Lady Belt Black
4673,Lady F Belt・Black,Lady F Belt Black
4674,Lady FZ Belt・Black,Lady FZ Belt Black
4675,Lady HS Belt・Black,Lady HS Belt Black
4676,Lady GS Belt・Black,Lady GS Belt Black
4677,Lady GP Belt・Black,Lady GP Belt Black
4678,Dante Waist・White,Dante Waist White
4679,Dante F Waist・White,Dante F Waist White
4680,Dante FZ Waist・White,Dante FZ Waist White
4681,Dante HS Waist・White,Dante HS Waist White
4682,Dante GS Waist・White,Dante GS Waist White
4683,Dante GP Waist・White,Dante GP Waist White
4684,Dante Belt・White,Dante Belt White
4685,Dante F Belt・White,Dante F Belt White
4686,Dante FZ Belt・White,Dante FZ Belt White
4687,Dante HS Belt・White,Dante HS Belt White
4688,Dante GS Belt・White,Dante GS Belt White
4689,Dante GP Belt・White,Dante GP Belt White
4690,Lady Waist・Red,Lady Waist Red
4691,Lady F Waist・Red,Lady F Waist Red
4692,Lady FZ Waist・Red,Lady FZ Waist Red
4693,Lady HS Waist・Red,Lady HS Waist Red
4694,Lady GS Waist・Red,Lady GS Waist Red
4695,Lady GP Waist・Red,Lady GP Waist Red
4696,Lady Belt・Red,Lady Belt Red
4697,Lady F Belt・Red,Lady F Belt Red
4698,Lady FZ Belt・Red,Lady FZ Belt Red
4699,Lady HS Belt・Red,Lady HS Belt Red
4700,Lady GS Belt・Red,Lady GS Belt Red
4701,Lady GP Belt・Red,Lady GP Belt Red
4702,Dante Waist・Green,Dante Waist Green
4703,Dante F Waist・Green,Dante F Waist Green
4704,Dante FZ Waist・Green,Dante FZ Waist Green
4705,Dante HS Waist・Green,Dante HS Waist Green
4706,Dante GS Waist・Green,Dante GS Waist Green
4707,Dante GP Waist・Green,Dante GP Waist Green
4708,Dante Belt・Green,Dante Belt Green
4709,Dante F Belt・Green,Dante F Belt Green
4710,Dante FZ Belt・Green,Dante FZ Belt Green
4711,Dante HS Belt・Green,Dante HS Belt Green
4712,Dante GS Belt・Green,Dante GS Belt Green
4713,Dante GP Belt・Green,Dante GP Belt Green
4714,Lady Waist・Green,Lady Waist Green
4715,Lady F Waist・Green,Lady F Waist Green
4716,Lady FZ Waist・Green,Lady FZ Waist Green
4717,Lady HS Waist・Green,Lady HS Waist Green
4718,Lady GS Waist・Green,Lady GS Waist Green
4719,Lady GP Waist・Green,Lady GP Waist Green
4720,Lady Belt・Green,Lady Belt Green
4721,Lady F Belt・Green,Lady F Belt Green
4722,Lady FZ Belt・Green,Lady FZ Belt Green
4723,Lady HS Belt・Green,Lady HS Belt Green
4724,Lady GS Belt・Green,Lady GS Belt Green
4725,Lady GP Belt・Green,Lady GP Belt Green
4726,昇龍FZ Black Obi・White,Rising Dragon FZ Black Sash White
4727,昇龍HS Black Obi・White,Rising Dragon HS Black Obi White
4728,昇龍GS Black Obi・White,Rising Dragon GS Black Sash White
4729,昇龍GP Black Obi・White,Rising Dragon GP Black Sash White
4730,波動FZ Black Obi・White,Wave FZ Black Sash White
4731,波動HS Black Obi・White,Wave HS Black Obi White
4732,波動GS Black Obi・White,Wave GS Black Sash White
4733,波動GP Black Obi・White,Wave GP Black Waist White
4734,百裂FZ Waistband・Blue,Hundred Rends FZ Waistband Blue
4735,百裂HS Waistband・Blue,Hundred Crack HS Waistband Blue
4736,百裂GS Waistband・Blue,Hundred Slash GS Waistband Blue
4737,百裂GP Waistband・Blue,Hundred-Rend GP Waistband Blue
4738,気功FZ Waistband・Blue,Qigong FZ Waistband Blue
4739,気功HS Waistband・Blue,Qigong HS Waistband Blue
4740,気功GS Waistband・Blue,Qigong GS Waistband Blue
4741,気功GP Waistband・Blue,Qigong GP Waistband Blue
4742,昇龍FZ Black Obi・紺,Rising Dragon FZ Black Sash Navy
4743,昇龍HS Black Obi・紺,Rising Dragon HS Black Sash Navy
4744,昇龍GS Black Obi・紺,Rising Dragon GS Black Obi Navy
4745,昇龍GP Black Obi・紺,Rising Dragon GP Black Sash Navy
4746,波動FZ Black Obi・紺,Wave FZ Black Sash Navy
4747,波動HS Black Obi・紺,Wave HS Black Obi Navy
4748,波動GS Black Obi・紺,Wave GS Black Sash Navy
4749,波動GP Black Obi・紺,Wave GP Black Waist Navy
4750,百裂FZ Waistband・Black,Hundred Rends FZ Waistband Black
4751,百裂HS Waistband・Black,Hundred Crack HS Waistband Black
4752,百裂GS Waistband・Black,Hundred Slash GS Waistband Black
4753,百裂GP Waistband・Black,Hundred-Rend GP Waistband Black
4754,気功FZ Waistband・Black,Qigong FZ Waistband Black
4755,気功HS Waistband・Black,Qigong HS Waistband Black
4756,気功GS Waistband・Black,Qigong GS Waistband Black
4757,気功GP Waistband・Black,Qigong GP Waistband Black
4758,昇龍FZ Black Obi・Yellow,Rising Dragon FZ Black Sash Yellow
4759,昇龍HS Black Obi・Yellow,Rising Dragon HS Black Obi Yellow
4760,昇龍GS Black Obi・Yellow,Rising Dragon GS Black Obi Yellow
4761,昇龍GP Black Obi・Yellow,Rising Dragon GP Black Sash Yellow
4762,波動FZ Black Obi・Yellow,Wave FZ Black Sash Yellow
4763,波動HS Black Obi・Yellow,Wave HS Black Obi Yellow
4764,波動GS Black Obi・Yellow,Wave GS Black Sash Yellow
4765,波動GP Black Obi・Yellow,Wave GP Black Waist Yellow
4766,百裂FZ Waistband・Yellow,Hundred Rends FZ Waistband Yellow
4767,百裂HS Waistband・Yellow,Hundred Crack HS Waistband Yellow
4768,百裂GS Waistband・Yellow,Hundred Slash GS Waistband Yellow
4769,百裂GP Waistband・Yellow,Hundred-Rend GP Waistband Yellow
4770,気功FZ Waistband・Yellow,Qigong FZ Waistband Yellow
4771,気功HS Waistband・Yellow,Qigong HS Waistband Yellow
4772,気功GS Waistband・Yellow,Qigong GS Waistband Yellow
4773,気功GP Waistband・Yellow,Qigong GP Waistband Yellow
4774,昇龍FZ Black Obi・Purple,Rising Dragon FZ Black Sash Purple
4775,昇龍HS Black Obi・Purple,Rising Dragon HS Black Obi Purple
4776,昇龍GS Black Obi・Purple,Rising Dragon GS Black Sash Purple
4777,昇龍GP Black Obi・Purple,Rising Dragon GP Black Waist Purple
4778,波動FZ Black Obi・Purple,Wave FZ Black Sash Purple
4779,波動HS Black Obi・Purple,Wave HS Black Obi Purple
4780,波動GS Black Obi・Purple,Wave GS Black Sash Purple
4781,波動GP Black Obi・Purple,Wave GP Black Waist Purple
4782,百裂FZ Waistband・Green,Hundred Rends FZ Waistband Green
4783,百裂HS Waistband・Green,Hundred Crack HS Waistband Green
4784,百裂GS Waistband・Green,Hundred Slash GS Waistband Green
4785,百裂GP Waistband・Green,Hundred-Rend GP Waistband Green
4786,気功FZ Waistband・Green,Qigong FZ Waistband Green
4787,気功HS Waistband・Green,Qigong HS Waistband Green
4788,気功GS Waistband・Green,Qigong GS Waistband Green
4789,気功GP Waistband・Green,Qigong GP Waistband Green
4790,竜巻FZ Colour Belt・Black,Tornado FZ Colour Belt Black
4791,竜巻HS Colour Belt・Black,Tornado HS Colour Belt Black
4792,竜巻GS Colour Belt・Black,Tornado GS Colour Belt Black
4793,竜巻GP Colour Belt・Black,Tornado GP Colour Belt Black
4794,True 空FZ Colour Belt・Black,True Sky FZ Colour Belt Black
4795,True 空HS Colour Belt・Black,True Sky HS Colour Belt Black
4796,True 空GS Colour Belt・Black,True Sky GS Colour Belt Black
4797,True 空GP Colour Belt・Black,True Sky GP Colour Belt Black
4798,千裂FZ Waistband・Black,Thousand Rends FZ Waistband Black
4799,千裂HS Waistband・Black,Thousand-Rend HS Waistband Black
4800,千裂GS Waistband・Black,Thousandrend GS Waistband Black
4801,千裂GP Waistband・Black,Thousand Rend GP Waistband Black
4802,覇山FZ Waistband・Black,Supreme Mountain FZ Waistband Black
4803,覇山HS Waistband・Black,Supreme Mountain HS Waistband Black
4804,覇山GS Waistband・Black,Hazan GS Waistband Black
4805,覇山GP Waistband・Black,Hazan GP Waistband Black
4806,竜巻FZ Colour Belt・Tea,Tornado FZ Colour Belt Tea
4807,竜巻HS Colour Belt・Tea,Tornado HS Colour Belt Tea
4808,竜巻GS Colour Belt・Tea,Tornado GS Colour Belt Tea
4809,竜巻GP Colour Belt・Tea,Tornado GP Colour Belt Tea
4810,True 空FZ Colour Belt・Tea,True Sky FZ Colour Belt Tea
4811,True 空HS Colour Belt・Tea,True Sky HS Colour Belt Tea
4812,True 空GS Colour Belt・Tea,True Sky GS Colour Belt Tea
4813,True 空GP Colour Belt・Tea,True Sky GP Colour Belt Tea
4814,千裂FZ Waistband・Purple,Thousand Rends FZ Waistband Purple
4815,千裂HS Waistband・Purple,Thousand-Rend HS Waistband Purple
4816,千裂GS Waistband・Purple,Thousandrend GS Waistband Purple
4817,千裂GP Waistband・Purple,Thousand Rend GP Waistband Purple
4818,覇山FZ Waistband・Purple,Supreme Mountain FZ Waistband Purple
4819,覇山HS Waistband・Purple,Supreme Mountain HS Waistband Purple
4820,覇山GS Waistband・Purple,Hazan GS Waistband Purple
4821,覇山GP Waistband・Purple,Hazan GP Waistband Purple
4822,竜巻FZ Colour Belt・White,Tornado FZ Colour Belt White
4823,竜巻HS Colour Belt・White,Tornado HS Colour Belt White
4824,竜巻GS Colour Belt・White,Tornado GS Colour Belt White
4825,竜巻GP Colour Belt・White,Tornado GP Colour Belt White
4826,True 空FZ Colour Belt・White,True Sky FZ Colour Belt White
4827,True 空HS Colour Belt・White,True Sky HS Colour Belt White
4828,True 空GS Colour Belt・White,True Sky GS Colour Belt White
4829,True 空GP Colour Belt・White,True Sky GP Colour Belt White
4830,千裂FZ Waistband・White,Thousand Rends FZ Waistband White
4831,千裂HS Waistband・White,Thousand-Rend HS Waistband White
4832,千裂GS Waistband・White,Thousandrend GS Waistband White
4833,千裂GP Waistband・White,Thousand Rend GP Waistband White
4834,覇山FZ Waistband・White,Supreme Mountain FZ Waistband White
4835,覇山HS Waistband・White,Supreme Mountain HS Waistband White
4836,覇山GS Waistband・White,Hazan GS Waistband White
4837,覇山GP Waistband・White,Hazan GP Waistband White
4838,竜巻FZ Colour Belt・Blue,Tornado FZ Colour Belt Blue
4839,竜巻HS Colour Belt・Blue,Tornado HS Colour Belt Blue
4840,竜巻GS Colour Belt・Blue,Tornado GS Colour Belt Blue
4841,竜巻GP Colour Belt・Blue,Tornado GP Colour Belt Blue
4842,True 空FZ Colour Belt・Blue,True Sky FZ Colour Belt Blue
4843,True 空HS Colour Belt・Blue,True Sky HS Colour Belt Blue
4844,True 空GS Colour Belt・Blue,True Sky GS Colour Belt Blue
4845,True 空GP Colour Belt・Blue,True Sky GP Colour Belt Blue
4846,千裂FZ Waistband・Green,Thousand Rends FZ Waistband Green
4847,千裂HS Waistband・Green,Thousand-Rend HS Waistband Green
4848,千裂GS Waistband・Green,Thousandrend GS Waistband Green
4849,千裂GP Waistband・Green,Thousand Rend GP Waistband Green
4850,覇山FZ Waistband・Green,Supreme Mountain FZ Waistband Green
4851,覇山HS Waistband・Green,Supreme Mountain HS Waistband Green
4852,覇山GS Waistband・Green,Hazan GS Waistband Green
4853,覇山GP Waistband・Green,Hazan GP Waistband Green
4854,Demon FZ Coat・Blue,Demon FZ Coat Blue
4855,Demon HS Coat・Blue,Demon HS Coat Blue
4856,Demon GS Coat・Blue,Demon GS Coat Blue
4857,Demon GP Coat・Blue,Demon GP Coat Blue
4858,Chaos FZ Coat・Blue,Chaos FZ Coat Blue
4859,Chaos HS Coat・Blue,Chaos HS Coat Blue
4860,Chaos GS Coat・Blue,Chaos GS Coat Blue
4861,Chaos GP Coat・Blue,Chaos GP Coat Blue
4862,Shadow FZ Wing Purple,
4863,Shadow HS Wing Purple,
4864,Shadow GS Wing Purple,
4865,Shadow GP Wing Purple,
4866,Soul FZ Wing・Purple,Soul FZ Wing Purple
4867,Soul HS Wing・Purple,Soul HS Wing Purple
4868,Soul GS Wing・Purple,Soul GS Wing Purple
4869,Soul GP Wing・Purple,Soul GP Wing Purple
4870,Demon FZ Coat・Red,Demon FZ Coat Red
4871,Demon HS Coat・Red,Demon HS Coat Red
4872,Demon GS Coat・Red,Demon GS Coat Red
4873,Demon GP Coat・Red,Demon GP Coat Red
4874,Chaos FZ Coat・Red,Chaos FZ Coat Red
4875,Chaos HS Coat・Red,Chaos HS Coat Red
4876,Chaos GS Coat・Red,Chaos GS Coat Red
4877,Chaos GP Coat・Red,Chaos GP Coat Red
4878,Shadow FZ Wing Red,
4879,Shadow HS Wing Red,
4880,Shadow GS Wing Red,
4881,Shadow GP Wing Red,
4882,Soul FZ Wing・Red,Soul FZ Wing Red
4883,Soul HS Wing・Red,Soul HS Wing Red
4884,Soul GS Wing・Red,Soul GS Wing Red
4885,Soul GP Wing・Red,Soul GP Wing Red
4886,Demon FZ Coat・Green,Demon FZ Coat Green
4887,Demon HS Coat・Green,Demon HS Coat Green
4888,Demon GS Coat・Green,Demon GS Coat Green
4889,Demon GP Coat・Green,Demon GP Coat Green
4890,Chaos FZ Coat・Green,Chaos FZ Coat Green
4891,Chaos HS Coat・Green,Chaos HS Coat Green
4892,Chaos GS Coat・Green,Chaos GS Coat Green
4893,Chaos GP Coat・Green,Chaos GP Coat Green
4894,Shadow FZ Wing Green,
4895,Shadow HS Wing Green,
4896,Shadow GS Wing Green,
4897,Shadow GP Wing Green,
4898,Soul FZ Wing・Green,Soul FZ Wing Green
4899,Soul HS Wing・Green,Soul HS Wing Green
4900,Soul GS Wing・Green,Soul GS Wing Green
4901,Soul GP Wing・Green,Soul GP Wing Green
4902,Demon FZ Coat・White,Demon FZ Coat White
4903,Demon HS Coat・White,Demon HS Coat White
4904,Demon GS Coat・White,Demon GS Coat White
4905,Demon GP Coat・White,Demon GP Coat White
4906,Chaos FZ Coat・White,Chaos FZ Coat White
4907,Chaos HS Coat・White,Chaos HS Coat White
4908,Chaos GS Coat・White,Chaos GS Coat White
4909,Chaos GP Coat・White,Chaos GP Coat White
4910,Shadow FZ Wing White,
4911,Shadow HS Wing White,
4912,Shadow GS Wing White,
4913,Shadow GP Wing White,
4914,Soul FZ Wing・White,Soul FZ Wing White
4915,Soul HS Wing・White,Soul HS Wing White
4916,Soul GS Wing・White,Soul GS Wing White
4917,Soul GP Wing・White,Soul GP Wing White
4918,Issen GS【腰当て】・Red,Issen GS Waist Red
4919,Issen GP【腰当て】・Red,Issen GP Waist Red
4920,構射GS【腰当て】・Red,Stance Shot GS [Waist] Red
4921,構射GP【腰当て】・Red,Hip Fire GP [Waist] Red
4922,蜂針GS【腰当て】・Orange,Bee Needle GS [Waist] Orange
4923,蜂針GP【腰当て】・Orange,Bee Needle GP [Waist] Orange
4924,気弾GS【腰当て】・Orange,Spirit Bullet GS [Waist] Orange
4925,気弾GP【腰当て】・Orange,Dragon Shot GP [Waist] Orange
4926,Issen GS【腰当て】・Blue,Issen GS Waist Blue
4927,Issen GP【腰当て】・Blue,Issen GP Waist Blue
4928,構射GS【腰当て】・Blue,Stance Shot GS [Waist] Blue
4929,構射GP【腰当て】・Blue,Hip Fire GP [Waist] Blue
4930,蜂針GS【腰当て】・Blue,Bee Needle GS [Waist] Blue
4931,蜂針GP【腰当て】・Blue,Bee Needle GP [Waist] Blue
4932,気弾GS【腰当て】・Blue,Spirit Bullet GS [Waist] Blue
4933,気弾GP【腰当て】・Blue,Dragon Shot GP [Waist] Blue
4934,Issen GS【腰当て】・Yellow,Issen GS Waist Yellow
4935,Issen GP【腰当て】・Yellow,Issen GP Waist Yellow
4936,構射GS【腰当て】・Yellow,Stance Shot GS [Waist] Yellow
4937,構射GP【腰当て】・Yellow,Hip Fire GP [Waist] Yellow
4938,蜂針GS【腰当て】・Yellow,Bee Needle GS [Waist] Yellow
4939,蜂針GP【腰当て】・Yellow,Bee Needle GP [Waist] Yellow
4940,気弾GS【腰当て】・Yellow,Spirit Bullet GS [Waist] Yellow
4941,気弾GP【腰当て】・Yellow,Dragon Shot GP [Waist] Yellow
4942,Issen GS【腰当て】・Black,Issen GS Waist Black
4943,Issen GP【腰当て】・Black,Issen GP Waist Black
4944,構射GS【腰当て】・Black,Hip Fire GS [Waist] Black
4945,構射GP【腰当て】・Black,Kousha GP Waist Black
4946,蜂針GS【腰当て】・Black,Bee Needle GS [Waist] Black
4947,蜂針GP【腰当て】・Black,Bee Needle GP [Waist] Black
4948,気弾GS【腰当て】・Black,Spirit Bullet GS [Waist] Black
4949,気弾GP【腰当て】・Black,Dragon Shot GP [Waist] Black
4950,Shinryu GS Black Obi・Red,Shinryu GS Black Sash Red
4951,Shinryu GP Black Obi・Red,Shinryu GP Black Obi Red
4952,Reppa GS Black Obi・Red,Reppa GS Black Sash Red
4953,Reppa GP Black Obi・Red,Reppa GP Black Sash Red
4954,Cannon GS Will・Water,Cannon GS Will Water
4955,Cannon GP Will・Water,Cannon GP Will Water
4956,Axel GS Will・Water,Axel GS Will Water
4957,Axel GP Will・Water,Axel GP Will Water
4958,Shinryu GS Black Obi・White,Shinryu GS Black Sash White
4959,Shinryu GP Black Obi・White,Shinryu GP Black Obi White
4960,Reppa GS Black Obi・White,Reppa GS Black Sash White
4961,Reppa GP Black Obi・White,Reppa GP Black Sash White
4962,Cannon GS Will・Green,Cannon GS Will Green
4963,Cannon GP Will・Green,Cannon GP Will Green
4964,Axel GS Will・Green,Axel GS Will Green
4965,Axel GP Will・Green,Axel GP Will Green
4966,Shinryu GS Black Obi・Purple,Shinryu GS Black Sash Purple
4967,Shinryu GP Black Obi・Purple,Shinryu GP Black Obi Purple
4968,Reppa GS Black Obi・Purple,Reppa GS Black Sash Purple
4969,Reppa GP Black Obi・Purple,Reppa GP Black Sash Purple
4970,Cannon GS Will・Peach,Cannon GS Will Peach
4971,Cannon GP Will・Peach,Cannon GP Will Peach
4972,Axel GS Will・Peach,Axel GS Will Peach
4973,Axel GP Will・Peach,Axel GP Will Peach
4974,Shinryu GS Black Obi・Yellow,Shinryu GS Black Sash Yellow
4975,Shinryu GP Black Obi・Yellow,Shinryu GP Black Obi Yellow
4976,Reppa GS Black Obi・Yellow,Reppa GS Black Sash Yellow
4977,Reppa GP Black Obi・Yellow,Reppa GP Black Sash Yellow
4978,Cannon GS Will・Purple,Cannon GS Will Purple
4979,Cannon GP Will・Purple,Cannon GP Will Purple
4980,Axel GS Will・Purple,Axel GS Will Purple
4981,Axel GP Will・Purple,Axel GP Will Purple
4982,Garuda HS Waist,
4983,Garuda GS Waist,
4984,Garuda GP Waist,
4985,Garuda HS Belt,
4986,Garuda GS Belt,
4987,Garuda GP Belt,
4988,Feral HS Waist,
4989,Feral GS Waist,
4990,Feral GP Waist,
4991,Feral HS Belt,
4992,Feral GS Belt,
4993,Feral GP Belt,
4994,Fias HS Waist,
4995,Fias GS Waist,
4996,Fias GP Waist,
4997,Fias HS Belt,
4998,Fias GS Belt,
4999,Fias GP Belt,
5000,Viruto HS Waist,
5001,Viruto GS Waist,
5002,Viruto GP Waist,
5003,Viruto HS Belt,
5004,Viruto GS Belt,
5005,Viruto GP Belt,
5006,Falco HS Faulds,
5007,Falco GS Faulds,
5008,Falco GP Faulds,
5009,Falco HS Coat,
5010,Falco GS Coat,
5011,Falco GP Coat,
5012,Howx HS Faulds,
5013,Howx GS Faulds,
5014,Howx GP Faulds,
5015,Howx HS Coat,
5016,Howx GS Coat,
5017,Howx GP Coat,
5018,Gauss HS Coil,
5019,Gauss GS Coil,
5020,Gauss GP Coil,
5021,Gauss HS Coat,
5022,Gauss GS Coat,
5023,Gauss GP Coat,
5024,Weber HS Coil,
5025,Weber GS Coil,
5026,Weber GP Coil,
5027,Weber HS Coat,
5028,Weber GS Coat,
5029,Weber GP Coat,
5030,Gilbert HS Coil,
5031,Gilbert GS Coil,
5032,Gilbert GP Coil,
5033,Gilbert HS Coat,
5034,Gilbert GS Coat,
5035,Gilbert GP Coat,
5036,Bright GP Faulds,
5037,Bright GP Coat,
5038,Juari GP Faulds,
5039,Juari GP Coat,
5040,Tinku GP Faulds,
5041,Tinku GP Coat,
5042,Luxt Faulds,
5043,Luxt F Faulds,
5044,Luxt FY Faulds,
5045,Luxt HS Faulds,
5046,Luxt Coat,
5047,Luxt F Coat,
5048,Luxt FY Coat,
5049,Luxt HS Coat,
5050,Luxt G Faulds,
5051,Luxt GF Faulds,
5052,Luxt GX Faulds,
5053,Luxt G Coat,
5054,Luxt GF Coat,
5055,Luxt GX Coat,
5056,Oleum Faulds,
5057,Oleum F Faulds,
5058,Oleum FY Faulds,
5059,Oleum HS Faulds,
5060,Oleum Coat,
5061,Oleum F Coat,
5062,Oleum FY Coat,
5063,Oleum HS Coat,
5064,Oleum G Faulds,
5065,Oleum GF Faulds,
5066,Oleum GX Faulds,
5067,Oleum G Coat,
5068,Oleum GF Coat,
5069,Oleum GX Coat,
5070,Kuranto Faulds,
5071,Kuranto F Faulds,
5072,Kuranto FY Faulds,
5073,Kuranto HS Faulds,
5074,Kuranto Coat,
5075,Kuranto F Coat,
5076,Kuranto FY Coat,
5077,Kuranto HS Coat,
5078,Kuranto G Faulds,
5079,Kuranto GF Faulds,
5080,Kuranto GX Faulds,
5081,Kuranto G Coat,
5082,Kuranto GF Coat,
5083,Kuranto GX Coat,
5084,Yupuk Faulds,
5085,Yupuk F Faulds,
5086,Yupuk FY Faulds,
5087,Yupuk HS Faulds,
5088,Yupuk Coat,
5089,Yupuk F Coat,
5090,Yupuk FY Coat,
5091,Yupuk HS Coat,
5092,Yupuk G Faulds,
5093,Yupuk GF Faulds,
5094,Yupuk GX Faulds,
5095,Yupuk G Coat,
5096,Yupuk GF Coat,
5097,Yupuk GX Coat,
5098,Higakure G Faulds,
5099,Higakure GF Faulds,
5100,Higakure GX Faulds,
5101,Higakure G Coat,
5102,Higakure GF Coat,
5103,Higakure GX Coat,
5104,Konseru G Faulds,
5105,Konseru GF Faulds,
5106,Konseru GX Faulds,
5107,Konseru G Coat,
5108,Konseru GF Coat,
5109,Konseru GX Coat,
5110,Diru G Faulds,
5111,Diru GF Faulds,
5112,Diru GX Faulds,
5113,Diru G Coat,
5114,Diru GF Coat,
5115,Diru GX Coat,
5116,コルヌー Coil,Cornu Coil
5117,コピアイ Coil,Kopiai Coil
5118,コルヌー Coat,Cornu Coat
5119,コピアイ Coat,Kopiai Coat
5120,メトリー Coil・Blue,Metri Coil Blue
5121,メトリーF Coil・Blue,Metry F Coil Blue
5122,メトリーFZ Coil・Blue,Metrie FZ Coil Blue
5123,メトリーHC Coil・Blue,Metrie HC Coil Blue
5124,メトリーHS Coil・Blue,Metrie HS Coil Blue
5125,メトリーGS Coil・Blue,Metory GS Coil Blue
5126,メトリー Coat・Blue,Metory Coat Blue
5127,メトリーF Coat・Blue,Metory F Coat Blue
5128,メトリーFZ Coat・Blue,Metree FZ Coat Blue
5129,メトリーHC Coat・Blue,Metri HC Coat Blue
5130,メトリーHS Coat・Blue,Metrie HS Coat Blue
5131,メトリーGS Coat・Blue,Metrie GS Coat Blue
5132,メトリー Coil・White,Metri Coil White
5133,メトリーF Coil・White,Metry F Coil White
5134,メトリーFZ Coil・White,Metrie FZ Coil White
5135,メトリーHC Coil・White,Metrie HC Coil White
5136,メトリーHS Coil・White,Metrie HS Coil White
5137,メトリーGS Coil・White,Metory GS Coil White
5138,メトリー Coat・White,Metory Coat White
5139,メトリーF Coat・White,Metory F Coat White
5140,メトリーFZ Coat・White,Metree FZ Coat White
5141,メトリーHC Coat・White,Metri HC Coat White
5142,メトリーHS Coat・White,Metrie HS Coat White
5143,メトリーGS Coat・White,Metrie GS Coat White
5144,メトリー Coil・Red,Metri Coil Red
5145,メトリーF Coil・Red,Metry F Coil Red
5146,メトリーFZ Coil・Red,Metrie FZ Coil Red
5147,メトリーHC Coil・Red,Metrie HC Coil Red
5148,メトリーHS Coil・Red,Metrie HS Coil Red
5149,メトリーGS Coil・Red,Metory GS Coil Red
5150,メトリー Coat・Red,Metory Coat Red
5151,メトリーF Coat・Red,Metory F Coat Red
5152,メトリーFZ Coat・Red,Metree FZ Coat Red
5153,メトリーHC Coat・Red,Metri HC Coat Red
5154,メトリーHS Coat・Red,Metrie HS Coat Red
5155,メトリーGS Coat・Red,Metrie GS Coat Red
5156,メトリー Coil・Green,Metri Coil Green
5157,メトリーF Coil・Green,Metry F Coil Green
5158,メトリーFZ Coil・Green,Metrie FZ Coil Green
5159,メトリーHC Coil・Green,Metrie HC Coil Green
5160,メトリーHS Coil・Green,Metrie HS Coil Green
5161,メトリーGS Coil・Green,Metory GS Coil Green
5162,メトリー Coat・Green,Metory Coat Green
5163,メトリーF Coat・Green,Metory F Coat Green
5164,メトリーFZ Coat・Green,Metree FZ Coat Green
5165,メトリーHC Coat・Green,Metri HC Coat Green
5166,メトリーHS Coat・Green,Metrie HS Coat Green
5167,メトリーGS Coat・Green,Metrie GS Coat Green
5168,ノヴィー Coil,Novie Coil
5169,ノヴィーF Coil,NoviF Coil
5170,ノヴィーFZ Coil,NoviFZ Coil
5171,ノヴィーHC Coil,Novy HC Coil
5172,ノヴィーHS Coil,Novy HS Coil
5173,ノヴィーGS Coil,Novy GS Coil
5174,ノヴィー Coat,Novie Coat
5175,ノヴィーF Coat,NoviF Coat
5176,ノヴィーFZ Coat,NoviFZ Coat
5177,ノヴィーHC Coat,Novy HC Coat
5178,ノヴィーHS Coat,Novy HS Coat
5179,ノヴィーGS Coat,Novy GS Coat
5180,Flora Coil,
5181,Frau Belt,
5182,Lea Waist,
5183,Keith Faulds,
5184,Guinelle Coil,
5185,Circa Coil,
5186,Edward Faulds,
5187,Taizo Faulds,
5188,Tiala Coat,
5189,Uwel Belt,
5190,Natasha Coat,
5191,ダミー,Dummy
5192,アミロ Coil・Blue,Amiro Coil Blue
5193,アミロF Coil・Blue,Amiro F Coil Blue
5194,アミロFZ Coil・Blue,Amiro FZ Coil Blue
5195,アミロHC Coil・Blue,Amiro HC Coil Blue
5196,アミロHS Coil・Blue,Amiro HS Coil Blue
5197,アミロGS Coil・Blue,Amiro GS Coil Blue
5198,アミロ Coat・Blue,Amiro Coat Blue
5199,アミロF Coat・Blue,Amiro F Coat Blue
5200,アミロFZ Coat・Blue,Amiro FZ Coat Blue
5201,アミロHC Coat・Blue,Amiro HC Coat Blue
5202,アミロHS Coat・Blue,Amilo HS Coat Blue
5203,アミロGS Coat・Blue,Amiro GS Coat Blue
5204,アミロ Coil・Red,Amiro Coil Red
5205,アミロF Coil・Red,Amiro F Coil Red
5206,アミロFZ Coil・Red,Amiro FZ Coil Red
5207,アミロHC Coil・Red,Amiro HC Coil Red
5208,アミロHS Coil・Red,Amiro HS Coil Red
5209,アミロGS Coil・Red,Amiro GS Coil Red
5210,アミロ Coat・Red,Amiro Coat Red
5211,アミロF Coat・Red,Amiro F Coat Red
5212,アミロFZ Coat・Red,Amiro FZ Coat Red
5213,アミロHC Coat・Red,Amiro HC Coat Red
5214,アミロHS Coat・Red,Amiro HS Coat Red
5215,アミロGS Coat・Red,Amiro GS Coat Red
5216,アミロ Coil・Yellow,Amiro Coil Yellow
5217,アミロF Coil・Yellow,Amiro F Coil Yellow
5218,アミロFZ Coil・Yellow,Amiro FZ Coil Yellow
5219,アミロHC Coil・Yellow,Amiro HC Coil Yellow
5220,アミロHS Coil・Yellow,Amiro HS Coil Yellow
5221,アミロGS Coil・Yellow,Amiro GS Coil Yellow
5222,アミロ Coat・Yellow,Amiro Coat Yellow
5223,アミロF Coat・Yellow,Amiro F Coat Yellow
5224,アミロFZ Coat・Yellow,Amiro FZ Coat Yellow
5225,アミロHC Coat・Yellow,Amiro HC Coat Yellow
5226,アミロHS Coat・Yellow,Amiro HS Coat Yellow
5227,アミロGS Coat・Yellow,Amiro GS Coat Yellow
5228,アミロ Coil・Black,Amiro Coil Black
5229,アミロF Coil・Black,Amiro F Coil Black
5230,アミロFZ Coil・Black,Amiro FZ Coil Black
5231,アミロHC Coil・Black,Amiro HC Coil Black
5232,アミロHS Coil・Black,Amiro HS Coil Black
5233,アミロGS Coil・Black,Amiro GS Coil Black
5234,アミロ Coat・Black,Amiro Coat Black
5235,アミロF Coat・Black,Amiro F Coat Black
5236,アミロFZ Coat・Black,Amiro FZ Coat Black
5237,アミロHC Coat・Black,Amiro HC Coat Black
5238,アミロHS Coat・Black,Amilo HS Coat Black
5239,アミロGS Coat・Black,Amiro GS Coat Black
5240,Pisces Coil,
5241,Pisces F Coil,
5242,Pisces FZ Coil,
5243,Pisces HC Coil,
5244,Pisces HS Coil,
5245,Pisces GS Coil,
5246,Pisces Coat,
5247,Pisces F Coat,
5248,Pisces FZ Coat,
5249,Pisces HC Coat,
5250,Pisces HS Coat,
5251,Pisces GS Coat,
5252,Azul G Faulds,
5253,Azul GF Faulds,
5254,Azul GX Faulds,
5255,Azul G Coat,
5256,Azul GF Coat,
5257,Azul GX Coat,
5258,Entora G Coil,
5259,Entora GF Coil,
5260,Entora GX Coil,
5261,Entora G Coat,
5262,Entora GF Coat,
5263,Entora GX Coat,
5264,Holy King Waist,
5265,Holy King F Waist,
5266,Holy King FZ Waist,
5267,Holy King HS Waist,
5268,Holy King GS Waist,
5269,Holy King GP Waist,
5270,Holy King Belt,
5271,Holy King F Belt,
5272,Holy King FZ Belt,
5273,Holy King HS Belt,
5274,Holy King GS Belt,
5275,Holy King GP Belt,
5276,Hero King Waist,
5277,Hero King F Waist,
5278,Hero King FZ Waist,
5279,Hero King HS Waist,
5280,Hero King GS Waist,
5281,Hero King GP Waist,
5282,Hero King Belt,
5283,Hero King F Belt,
5284,Hero King FZ Belt,
5285,Hero King HS Belt,
5286,Hero King GS Belt,
5287,Hero King GP Belt,
5288,雷刃 Black Obi,Thunder Blade Waist
5289,雷刃F Black Obi,Thunder Blade F Waist
5290,雷刃FZ Black Obi,Thunder Blade FZ Waist
5291,雷刃HS Black Obi,Thunderblade HS Black Sash
5292,雷刃GS Black Obi,Thunder Blade GS Waist
5293,雷刃GP Black Obi,Thunder Blade GP Waist
5294,迅雷 Black Obi,Thunderclap Black Sash
5295,迅雷F Black Obi,Thunderclap F Black Sash
5296,迅雷FZ Black Obi,Lightning FZ Black Sash
5297,迅雷HS Black Obi,Lightning HS Black Sash
5298,迅雷GS Black Obi,Lightning GS Black Sash
5299,迅雷GP Black Obi,Lightning GP Black Sash
5300,Heaven 星 Waistband,Heaven Star Waistband
5301,Heaven 星F Waistband,Heaven Star F Waistband
5302,Heaven 星FZ Waistband,Heaven Star FZ Waistband
5303,Heaven 星HS Waistband,Heaven Star HS Waistband
5304,Heaven 星GS Waistband,Heaven Star GS Waistband
5305,Heaven 星GP Waistband,Heaven Star GP Waistband
5306,飛燕 Waistband,Hien Waistband
5307,飛燕F Waistband,HienF Waistband
5308,飛燕FZ Waistband,HienFZ Waistband
5309,飛燕HS Waistband,Swallow HS Waistband
5310,飛燕GS Waistband,Swallow GS Waistband
5311,飛燕GP Waistband,HienGP Waistband
5312,バット Coat,Bat Coat
5313,バットF Coat,Bat F Coat
5314,バットFZ Coat,Bat FZ Coat
5315,バットHS Coat,Bat HS Coat
5316,バットGS Coat,Bat GS Coat
5317,バットGP Coat,Bat GP Coat
5318,Knight Coat,
5319,Knight F Coat,
5320,Knight FZ Coat,
5321,Knight HS Coat,
5322,Knight GS Coat,
5323,Knight GP Coat,
5324,Shell Wing,
5325,Shell F Wing,
5326,Shell FZ Wing,
5327,Shell HS Wing,
5328,Shell GS Wing,
5329,Shell GP Wing,
5330,Vector Wing,
5331,Vector F Wing,
5332,Vector FZ Wing,
5333,Vector HS Wing,
5334,Vector GS Wing,
5335,Vector GP Wing,
5336,サーブル Coil,Sable Coil
5337,サーブルF Coil,Sabre F Coil
5338,サーブルFZ Coil,Sabre FZ Coil
5339,サーブルHS Coil,Sabre HS Coil
5340,サーブルGS Coil,Sable GS Coil
5341,サーブルGP Coil,Sable GP Coil
5342,サーブル Coat,Sable Coat
5343,サーブルF Coat,Sable F Coat
5344,サーブルFZ Coat,Sabre FZ Coat
5345,サーブルHS Coat,Sable HS Coat
5346,サーブルGS Coat,Sable GS Coat
5347,サーブルGP Coat,Sabre GP Coat
5348,ルワージュ Waist,Rouage Waist
5349,ルワージュF Waist,RouageF Waist
5350,ルワージュFZ Waist,Rouage FZ Waist
5351,ルワージュHS Waist,Rouage HS Waist
5352,ルワージュGS Waist,Rouage GS Waist
5353,ルワージュGP Waist,Rouage GP Waist
5354,ルワージュ Belt,Rouage Belt
5355,ルワージュF Belt,RouageF Belt
5356,ルワージュFZ Belt,RouageFZ Belt
5357,ルワージュHS Belt,Rouage HS Belt
5358,ルワージュGS Belt,Rouage GS Belt
5359,ルワージュGP Belt,Rouage GP Belt
5360,ノメル Faulds,Nomel Faulds
5361,ノメルF Faulds,Nomeru F Faulds
5362,ノメルFZ Faulds,Nomeru FZ Faulds
5363,ノメルHS Faulds,Nomel HS Faulds
5364,ノメルGS Faulds,Nomel GS Faulds
5365,ノメルGP Faulds,Nomel GP Faulds
5366,ノメル Coat,Nomel Coat
5367,ノメルF Coat,Nomeru F Coat
5368,ノメルFZ Coat,Nomeru FZ Coat
5369,ノメルHS Coat,Nomel HS Coat
5370,ノメルGS Coat,Nomel GS Coat
5371,ノメルGP Coat,Nomel GP Coat
5372,Hero King Waist BM Gold,
5373,Hero King Waist BM F Gold,
5374,Hero King Waist BM FZ Gold,
5375,Hero King Waist BM HS Gold,
5376,Hero King Waist BM GS Gold,
5377,Hero King Waist BM GP Gold,
5378,Hero King Waist GN Gold,
5379,Hero King Waist GN F Gold,
5380,Hero King Waist GN FZ Gold,
5381,Hero King Waist GN HS Gold,
5382,Hero King Waist GN GS Gold,
5383,Hero King Waist GN GP Gold,
5384,Gorgon Coil・Black,Gorgon Coil Black
5385,Gorgon F Coil・Black,Gorgon F Coil Black
5386,Gorgon FZ Coil・Black,Gorgon FZ Coil Black
5387,Gorgon HS Coil・Black,Gorgon HS Coil Black
5388,Gorgon GS Coil・Black,Gorgon GS Coil Black
5389,Gorgon GP Coil・Black,Gorgon GP Coil Black
5390,Gorgon Coat・Black,Gorgon Coat Black
5391,Gorgon F Coat・Black,Gorgon F Coat Black
5392,Gorgon FZ Coat・Black,Gorgon FZ Coat Black
5393,Gorgon HS Coat・Black,Gorgon HS Coat Black
5394,Gorgon GS Coat・Black,Gorgon GS Coat Black
5395,Gorgon GP Coat・Black,Gorgon GP Coat Black
5396,Kruss HS Waist,
5397,Kruss GS Waist,
5398,Kruss GP Waist,
5399,Quote HS Belt,
5400,Quote GS Belt,
5401,Quote GP Belt,
5402,Starina HS Waist,
5403,Starina GS Waist,
5404,Starina GP Waist,
5405,Starina HS Belt,
5406,Starina GS Belt,
5407,Starina GP Belt,
5408,Loose HS Waist,
5409,Loose GS Waist,
5410,Loose GP Waist,
5411,Loose HS Belt,
5412,Loose GS Belt,
5413,Loose GP Belt,
5414,Mirado HS Waist,
5415,Mirado GS Waist,
5416,Mirado GP Waist,
5417,Mirado HS Belt,
5418,Mirado GS Belt,
5419,Mirado GP Belt,
5420,Pirata HS Faulds,
5421,Pirata GS Faulds,
5422,Pirata GP Faulds,
5423,Pirata HS Coat,
5424,Pirata GS Coat,
5425,Pirata GP Coat,
5426,Zeroi HS Faulds,
5427,Zeroi GS Faulds,
5428,Zeroi GP Faulds,
5429,Zeroi HS Coat,
5430,Zeroi GS Coat,
5431,Zeroi GP Coat,
5432,Deyuru HS Faulds,
5433,Deyuru GS Faulds,
5434,Deyuru GP Faulds,
5435,Deyuru HS Coat,
5436,Deyuru GS Coat,
5437,Deyuru GP Coat,
5438,Robust HSアンダ,Robust HS Under
5439,Robust GSアンダ,Robust GS Under
5440,Robust GPアンダ,Robust GP Under
5441,Robust HSテイル,Robust HS Tail
5442,Robust GSテイル,Robust GS Tail
5443,Robust GPテイル,Robust GP Tail
5444,花火GS [Waist て】,Fireworks GS [Waist]
5445,花火GP [Waist て】,Fireworks GP Waist
5446,流星GS [Waist て】,Meteor GS [Waist]
5447,流星GP [Waist て】,Meteor GP [Waist]
5448,Bunny FZ Belt・Black,Bunny FZ Belt Black
5449,Bunny HS Belt・Black,Bunny HS Belt Black
5450,Bunny GS Belt・Black,Bunny GS Belt Black
5451,Bunny GP Belt・Black,Bunny GP Belt Black
5452,Bunny FZ Belt・White,Bunny FZ Belt White
5453,Bunny HS Belt・White,Bunny HS Belt White
5454,Bunny GS Belt・White,Bunny GS Belt White
5455,Bunny GP Belt・White,Bunny GP Belt White
5456,Bunny FZ Belt・Red,Bunny FZ Belt Red
5457,Bunny HS Belt・Red,Bunny HS Belt Red
5458,Bunny GS Belt・Red,Bunny GS Belt Red
5459,Bunny GP Belt・Red,Bunny GP Belt Red
5460,Bunny FZ Belt・Purple,Bunny FZ Belt Purple
5461,Bunny HS Belt・Purple,Bunny HS Belt Purple
5462,Bunny GS Belt・Purple,Bunny GS Belt Purple
5463,Bunny GP Belt・Purple,Bunny GP Belt Purple
5464,Bunny FZ Coat・Black,Bunny FZ Coat Black
5465,Bunny HS Coat・Black,Bunny HS Coat Black
5466,Bunny GS Coat・Black,Bunny GS Coat Black
5467,Bunny GP Coat・Black,Bunny GP Coat Black
5468,Bunny FZ Coat・White,Bunny FZ Coat White
5469,Bunny HS Coat・White,Bunny HS Coat White
5470,Bunny GS Coat・White,Bunny GS Coat White
5471,Bunny GP Coat・White,Bunny GP Coat White
5472,Bunny FZ Coat・Red,Bunny FZ Coat Red
5473,Bunny HS Coat・Red,Bunny HS Coat Red
5474,Bunny GS Coat・Red,Bunny GS Coat Red
5475,Bunny GP Coat・Red,Bunny GP Coat Red
5476,Bunny FZ Coat・Purple,Bunny FZ Coat Purple
5477,Bunny HS Coat・Purple,Bunny HS Coat Purple
5478,Bunny GS Coat・Purple,Bunny GS Coat Purple
5479,Bunny GP Coat・Purple,Bunny GP Coat Purple
5480,Miku GP Coil,
5481,Miku GP Coat,
5482,Akahara Reisou BM Waist GP Red,
5483,Akahara Reisou GN Waist GP Red,
5484,Akahara Reisou BM Waist GP Blue,
5485,Akahara Reisou GN Waist GP Blue,
5486,Akahara Reisou BM Waist GP Black,
5487,Akahara Reisou GN Waist GP Black,
5488,Akahara Reisou BM Waist GP White,
5489,Akahara Reisou GN Waist GP White,
5490,Knight King Waist BM GP Blue,
5491,Knight King Waist GN GP Blue,
5492,Knight King Waist BM GP Red,
5493,Knight King Waist GN GP Red,
5494,Knight King Waist BM GP Black,
5495,Knight King Waist GN GP Black,
5496,Knight King Waist BM GP White,
5497,Knight King Waist GN GP White,
5498,Green 竜ノ具足GP【腰 Obi 】,Green Dragon Armor GP [Waist]
5499,Green 竜ノ Haori GP【腰 Obi 】,Green Dragon Haori GP [Waist Obi]
5500,Red 備ノ具足GP【腰 Obi 】,Red Prepared Armor GP[Waist]
5501,Red 備ノ Haori GP【腰 Obi 】,Red Gear Jacket GP [Waist Sash]
5502,Real GP Coil・White,Real GP Coil White
5503,Real GP Coil・Gold,Real GP Coil Gold
5504,Real GP Coil・Blue,Real GP Coil Blue
5505,Real GP Coil・Red,Real GP Coil Red
5506,Real GP Coat・White,Real GP Coat White
5507,Real GP Coat・Gold,Real GP Coat Gold
5508,Real GP Coat・Blue,Real GP Coat Blue
5509,Real GP Coat・Red,Real GP Coat Red
5510,Regelia GP Coil・White,Regelia GP Coil White
5511,Regelia GP Coil・Red,Regelia GP Coil Red
5512,Regelia GP Coil・Green,Regelia GP Coil Green
5513,Regelia GP Coil・Blue,Regelia GP Coil Blue
5514,Regelia GP Coat・White,Regelia GP Coat White
5515,Regelia GP Coat・Red,Regelia GP Coat Red
5516,Regelia GP Coat・Green,Regelia GP Coat Green
5517,Regelia GP Coat・Blue,Regelia GP Coat Blue
5518,Edio GP Coil・Blue,Edio GP Coil Blue
5519,Edio GP Coil・Red,Edio GP Coil Red
5520,Edio GP Coil・Yellow,Edio GP Coil Yellow
5521,Edio GP Coil・Black,Edio GP Coil Black
5522,Edio GP Coat・Blue,Edio GP Coat Blue
5523,Edio GP Coat・Red,Edio GP Coat Red
5524,Edio GP Coat・Yellow,Edio GP Coat Yellow
5525,Edio GP Coat・Black,Edio GP Coat Black
5526,Rast GS Coil・Black,Rast GS Coil Black
5527,Rast GP Coil・Black,Rast GP Coil Black
5528,Rast GS Coat・Black,Rast GS Coat Black
5529,Rast GP Coat・Black,Rast GP Coat Black
5530,Rast GS Coil・Blue,Rast GS Coil Blue
5531,Rast GP Coil・Blue,Rast GP Coil Blue
5532,Rast GS Coat・Blue,Rast GS Coat Blue
5533,Rast GP Coat・Blue,Rast GP Coat Blue
5534,Rast GS Coil・Crimson,Rast GS Coil Crimson
5535,Rast GP Coil・Crimson,Rast GP Coil Crimson
5536,Rast GS Coat・Crimson,Rast GS Coat Crimson
5537,Rast GP Coat・Crimson,Rast GP Coat Crimson
5538,Rast GS Coil・White,Rast GS Coil White
5539,Rast GP Coil・White,Rast GP Coil White
5540,Rast GS Coat・White,Rast GS Coat White
5541,Rast GP Coat・White,Rast GP Coat White
5542,Ciel FZ Reflector,
5543,Ciel HS Reflector,
5544,Ciel GS Reflector,
5545,Ciel GP Reflector,
5546,Omet HS Coil・Black,Omet HS Coil Black
5547,Omet GS Coil・Black,Omet GS Coil Black
5548,Omet GP Coil・Black,Omet GP Coil Black
5549,Omet HS Coat・Black,Omet HS Coat Black
5550,Omet GS Coat・Black,Omet GS Coat Black
5551,Omet GP Coat・Black,Omet GP Coat Black
5552,Omet HS Coil・Red,Omet HS Coil Red
5553,Omet GS Coil・Red,Omet GS Coil Red
5554,Omet GP Coil・Red,Omet GP Coil Red
5555,Omet HS Coat・Red,Omet HS Coat Red
5556,Omet GS Coat・Red,Omet GS Coat Red
5557,Omet GP Coat・Red,Omet GP Coat Red
5558,Omet HS Coil・White,Omet HS Coil White
5559,Omet GS Coil・White,Omet GS Coil White
5560,Omet GP Coil・White,Omet GP Coil White
5561,Omet HS Coat・White,Omet HS Coat White
5562,Omet GS Coat・White,Omet GS Coat White
5563,Omet GP Coat・White,Omet GP Coat White
5564,Omet HS Coil・Blue,Omet HS Coil Blue
5565,Omet GS Coil・Blue,Omet GS Coil Blue
5566,Omet GP Coil・Blue,Omet GP Coil Blue
5567,Omet HS Coat・Blue,Omet HS Coat Blue
5568,Omet GS Coat・Blue,Omet GS Coat Blue
5569,Omet GP Coat・Blue,Omet GP Coat Blue
5570,Gold FZ Coil・Red,Gold FZ Coil Red
5571,Gold HS Coil・Red,Gold HS Coil Red
5572,Gold GS Coil・Red,Gold GS Coil Red
5573,Gold GP Coil・Red,Gold GP Coil Red
5574,Gold FZ Coil・Blue,Gold FZ Coil Blue
5575,Gold HS Coil・Blue,Gold HS Coil Blue
5576,Gold GS Coil・Blue,Gold GS Coil Blue
5577,Gold GP Coil・Blue,Gold GP Coil Blue
5578,Gold FZ Coil・Yellow,Gold FZ Coil Yellow
5579,Gold HS Coil・Yellow,Gold HS Coil Yellow
5580,Gold GS Coil・Yellow,Gold GS Coil Yellow
5581,Gold GP Coil・Yellow,Gold GP Coil Yellow
5582,Gold FZ Coil・Purple,Gold FZ Coil Purple
5583,Gold HS Coil・Purple,Gold HS Coil Purple
5584,Gold GS Coil・Purple,Gold GS Coil Purple
5585,Gold GP Coil・Purple,Gold GP Coil Purple
5586,Gold FZ Coat・Red,Gold FZ Coat Red
5587,Gold HS Coat・Red,Gold HS Coat Red
5588,Gold GS Coat・Red,Gold GS Coat Red
5589,Gold GP Coat・Red,Gold GP Coat Red
5590,Gold FZ Coat・Blue,Gold FZ Coat Blue
5591,Gold HS Coat・Blue,Gold HS Coat Blue
5592,Gold GS Coat・Blue,Gold GS Coat Blue
5593,Gold GP Coat・Blue,Gold GP Coat Blue
5594,Gold FZ Coat・Yellow,Gold FZ Coat Yellow
5595,Gold HS Coat・Yellow,Gold HS Coat Yellow
5596,Gold GS Coat・Yellow,Gold GS Coat Yellow
5597,Gold GP Coat・Yellow,Gold GP Coat Yellow
5598,Gold FZ Coat・Purple,Gold FZ Coat Purple
5599,Gold HS Coat・Purple,Gold HS Coat Purple
5600,Gold GS Coat・Purple,Gold GS Coat Purple
5601,Gold GP Coat・Purple,Gold GP Coat Purple
5602,Shaln HS Belt・Blue,Shaln HS Belt Blue
5603,Shaln GS Belt・Blue,Shaln GS Belt Blue
5604,Shaln GP Belt・Blue,Shaln GP Belt Blue
5605,Shaln HS Belt・Green,Shaln HS Belt Green
5606,Shaln GS Belt・Green,Shaln GS Belt Green
5607,Shaln GP Belt・Green,Shaln GP Belt Green
5608,Shaln HS Belt・Purple,Shaln HS Belt Purple
5609,Shaln GS Belt・Purple,Shaln GS Belt Purple
5610,Shaln GP Belt・Purple,Shaln GP Belt Purple
5611,Shaln HS Belt・White,Shaln HS Belt White
5612,Shaln GS Belt・White,Shaln GS Belt White
5613,Shaln GP Belt・White,Shaln GP Belt White
5614,Shaln HS Pouch・Blue,Shaln HS Pouch Blue
5615,Shaln GS Pouch・Blue,Shaln GS Pouch Blue
5616,Shaln GP Pouch・Blue,Shaln GP Pouch Blue
5617,Shaln HS Pouch・Green,Shaln HS Pouch Green
5618,Shaln GS Pouch・Green,Shaln GS Pouch Green
5619,Shaln GP Pouch・Green,Shaln GP Pouch Green
5620,Shaln HS Pouch・Purple,Shaln HS Pouch Purple
5621,Shaln GS Pouch・Purple,Shaln GS Pouch Purple
5622,Shaln GP Pouch・Purple,Shaln GP Pouch Purple
5623,Shaln HS Pouch・White,Shaln HS Pouch White
5624,Shaln GS Pouch・White,Shaln GS Pouch White
5625,Shaln GP Pouch・White,Shaln GP Pouch White
5626,Aristo FZ Coil・Blue,Aristo FZ Coil Blue
5627,Aristo HS Coil・Blue,Aristo HS Coil Blue
5628,Aristo GS Coil・Blue,Aristo GS Coil Blue
5629,Aristo GP Coil・Blue,Aristo GP Coil Blue
5630,Aristo FZ Coil・White,Aristo FZ Coil White
5631,Aristo HS Coil・White,Aristo HS Coil White
5632,Aristo GS Coil・White,Aristo GS Coil White
5633,Aristo GP Coil・White,Aristo GP Coil White
5634,Aristo FZ Coil・Purple,Aristo FZ Coil Purple
5635,Aristo HS Coil・Purple,Aristo HS Coil Purple
5636,Aristo GS Coil・Purple,Aristo GS Coil Purple
5637,Aristo GP Coil・Purple,Aristo GP Coil Purple
5638,Aristo FZ Coil・Red,Aristo FZ Coil Red
5639,Aristo HS Coil・Red,Aristo HS Coil Red
5640,Aristo GS Coil・Red,Aristo GS Coil Red
5641,Aristo GP Coil・Red,Aristo GP Coil Red
5642,Aristo FZ Coat・Blue,Aristo FZ Coat Blue
5643,Aristo HS Coat・Blue,Aristo HS Coat Blue
5644,Aristo GS Coat・Blue,Aristo GS Coat Blue
5645,Aristo GP Coat・Blue,Aristo GP Coat Blue
5646,Aristo FZ Coat・White,Aristo FZ Coat White
5647,Aristo HS Coat・White,Aristo HS Coat White
5648,Aristo GS Coat・White,Aristo GS Coat White
5649,Aristo GP Coat・White,Aristo GP Coat White
5650,Aristo FZ Coat・Purple,Aristo FZ Coat Purple
5651,Aristo HS Coat・Purple,Aristo HS Coat Purple
5652,Aristo GS Coat・Purple,Aristo GS Coat Purple
5653,Aristo GP Coat・Purple,Aristo GP Coat Purple
5654,Aristo FZ Coat・Red,Aristo FZ Coat Red
5655,Aristo HS Coat・Red,Aristo HS Coat Red
5656,Aristo GS Coat・Red,Aristo GS Coat Red
5657,Aristo GP Coat・Red,Aristo GP Coat Red
5658,Magisa FZ Coil・Red,Magisa FZ Coil Red
5659,Magisa HS Coil・Red,Magisa HS Coil Red
5660,Magisa GS Coil・Red,Magisa GS Coil Red
5661,Magisa GP Coil・Red,Magisa GP Coil Red
5662,Magisa FZ Coil・Black,Magisa FZ Coil Black
5663,Magisa HS Coil・Black,Magisa HS Coil Black
5664,Magisa GS Coil・Black,Magisa GS Coil Black
5665,Magisa GP Coil・Black,Magisa GP Coil Black
5666,Magisa FZ Coil・Green,Magisa FZ Coil Green
5667,Magisa HS Coil・Green,Magisa HS Coil Green
5668,Magisa GS Coil・Green,Magisa GS Coil Green
5669,Magisa GP Coil・Green,Magisa GP Coil Green
5670,Magisa FZ Coil・White,Magisa FZ Coil White
5671,Magisa HS Coil・White,Magisa HS Coil White
5672,Magisa GS Coil・White,Magisa GS Coil White
5673,Magisa GP Coil・White,Magisa GP Coil White
5674,Wizard FZ Coat・Red,Wizard FZ Coat Red
5675,Wizard HS Coat・Red,Wizard HS Coat Red
5676,Wizard GS Coat・Red,Wizard GS Coat Red
5677,Wizard GP Coat・Red,Wizard GP Coat Red
5678,Wizard FZ Coat・Black,Wizard FZ Coat Black
5679,Wizard HS Coat・Black,Wizard HS Coat Black
5680,Wizard GS Coat・Black,Wizard GS Coat Black
5681,Wizard GP Coat・Black,Wizard GP Coat Black
5682,Wizard FZ Coat・Green,Wizard FZ Coat Green
5683,Wizard HS Coat・Green,Wizard HS Coat Green
5684,Wizard GS Coat・Green,Wizard GS Coat Green
5685,Wizard GP Coat・Green,Wizard GP Coat Green
5686,Wizard FZ Coat・White,Wizard FZ Coat White
5687,Wizard HS Coat・White,Wizard HS Coat White
5688,Wizard GS Coat・White,Wizard GS Coat White
5689,Wizard GP Coat・White,Wizard GP Coat White
5690,抜胴GS [Waist て】,NukudouGS Waist
5691,抜胴GP [Waist て】,NukudouGP Waist
5692,長根GS [Waist て】,Long Root GS[Waist]
5693,長根GP [Waist て】,Long Root GP[Waist]
5694,Hero King Waist BM Black,
5695,Hero King Waist BM F Black,
5696,Hero King Waist BM FZ Black,
5697,Hero King Waist BM HS Black,
5698,Hero King Waist BM GS Black,
5699,Hero King Waist BM GP Black,
5700,Hero King Waist GN Black,
5701,Hero King Waist GN F Black,
5702,Hero King Waist GN FZ Black,
5703,Hero King Waist GN HS Black,
5704,Hero King Waist GN GS Black,
5705,Hero King Waist GN GP Black,
5706,Gorgon Coil・Blue,Gorgon Coil Blue
5707,Gorgon F Coil・Blue,Gorgon F Coil Blue
5708,Gorgon FZ Coil・Blue,Gorgon FZ Coil Blue
5709,Gorgon HS Coil・Blue,Gorgon HS Coil Blue
5710,Gorgon GS Coil・Blue,Gorgon GS Coil Blue
5711,Gorgon GP Coil・Blue,Gorgon GP Coil Blue
5712,Gorgon Coat・Blue,Gorgon Coat Blue
5713,Gorgon F Coat・Blue,Gorgon F Coat Blue
5714,Gorgon FZ Coat・Blue,Gorgon FZ Coat Blue
5715,Gorgon HS Coat・Blue,Gorgon HS Coat Blue
5716,Gorgon GS Coat・Blue,Gorgon GS Coat Blue
5717,Gorgon GP Coat・Blue,Gorgon GP Coat Blue
5718,Hero King Waist BM White,
5719,Hero King Waist BM F White,
5720,Hero King Waist BM FZ White,
5721,Hero King Waist BM HS White,
5722,Hero King Waist BM GS White,
5723,Hero King Waist BM GP White,
5724,Hero King Waist GN White,
5725,Hero King Waist GN F White,
5726,Hero King Waist GN FZ White,
5727,Hero King Waist GN HS White,
5728,Hero King Waist GN GS White,
5729,Hero King Waist GN GP White,
5730,Gorgon Coil・White,Gorgon Coil White
5731,Gorgon F Coil・White,Gorgon F Coil White
5732,Gorgon FZ Coil・White,Gorgon FZ Coil White
5733,Gorgon HS Coil・White,Gorgon HS Coil White
5734,Gorgon GS Coil・White,Gorgon GS Coil White
5735,Gorgon GP Coil・White,Gorgon GP Coil White
5736,Gorgon Coat・White,Gorgon Coat White
5737,Gorgon F Coat・White,Gorgon F Coat White
5738,Gorgon FZ Coat・White,Gorgon FZ Coat White
5739,Gorgon HS Coat・White,Gorgon HS Coat White
5740,Gorgon GS Coat・White,Gorgon GS Coat White
5741,Gorgon GP Coat・White,Gorgon GP Coat White
5742,Hero King Waist BM Red,
5743,Hero King Waist BM F Red,
5744,Hero King Waist BM FZ Red,
5745,Hero King Waist BM HS Red,
5746,Hero King Waist BM GS Red,
5747,Hero King Waist BM GP Red,
5748,Hero King Waist GN Red,
5749,Hero King Waist GN F Red,
5750,Hero King Waist GN FZ Red,
5751,Hero King Waist GN HS Red,
5752,Hero King Waist GN GS Red,
5753,Hero King Waist GN GP Red,
5754,Gorgon Coil・Red,Gorgon Coil Red
5755,Gorgon F Coil・Red,Gorgon F Coil Red
5756,Gorgon FZ Coil・Red,Gorgon FZ Coil Red
5757,Gorgon HS Coil・Red,Gorgon HS Coil Red
5758,Gorgon GS Coil・Red,Gorgon GS Coil Red
5759,Gorgon GP Coil・Red,Gorgon GP Coil Red
5760,Gorgon Coat・Red,Gorgon Coat Red
5761,Gorgon F Coat・Red,Gorgon F Coat Red
5762,Gorgon FZ Coat・Red,Gorgon FZ Coat Red
5763,Gorgon HS Coat・Red,Gorgon HS Coat Red
5764,Gorgon GS Coat・Red,Gorgon GS Coat Red
5765,Gorgon GP Coat・Red,Gorgon GP Coat Red
5766,Meraginasu Faulds,
5767,Meraginasu F Faulds,
5768,Meraginasu FX Faulds,
5769,Meraginasu G Faulds,
5770,Meraginasu GF Faulds,
5771,Meraginasu Coat,
5772,Meraginasu F Coat,
5773,Meraginasu FX Coat,
5774,Meraginasu G Coat,
5775,Meraginasu GF Coat,
5776,Stroma GF Faulds,
5777,Stroma GF Coat,
5778,エミットGF Faulds,Emit GF Faulds
5779,エミットGF Coat,Emit GF Coat
5780,Blitz GFフープ,Blitz GF Hoop
5781,Blitz GFショルト,Blitz GF Sholt
5782,Wadatsumi GF【丸 Obi 】,Wadatsumi GF [Maru Obi]
5783,Okami GF【丸 Obi 】,Okami GF (Maru Obi)
5784,Diboa GF Faulds,
5785,Diboa GF Coat,
5786,若 Crimson 葉【虎布】,Young Crimson Leaf[Tiger Cloth]
5787,若 Crimson 葉F【虎布】,Young Crimson Leaf F[Tiger Cloth]
5788,若 Crimson 葉FY【虎布】,Young Crimson Leaf FY[Tiger Cloth]
5789,若 Crimson 葉HS【虎布】,Young Crimson Leaf HS[Tiger Cloth]
5790,若 Crimson 葉G【虎布】,Young Crimson Leaf G[Tiger Cloth]
5791,若 Crimson 葉GF【虎布】,Young Crimson Leaf GF[Tiger Cloth]
5792,若 Crimson 葉GX【虎布】,Young Crimson Leaf GX[Tiger Cloth]
5793,翡戸隠【虎布】,Jade Shroud[Tiger Cloth]
5794,翡戸隠F【虎布】,Jade Togakushi F[Tiger Cloth]
5795,翡戸隠FY【虎布】,Jade Togakushi FY[Tiger Cloth]
5796,翡戸隠HS【虎布】,Jade Shroud HS[Tiger Cloth]
5797,翡戸隠G【虎布】,Jade Shroud G[Tiger Cloth]
5798,翡戸隠GF【虎布】,Jade Togakushi GF[Tiger Cloth]
5799,翡戸隠GX【虎布】,Jade Togakushi GX[Tiger Cloth]
5800,Blize Faulds,
5801,Blize F Faulds,
5802,Blize FY Faulds,
5803,Blize HS Faulds,
5804,Blize G Faulds,
5805,Blize GF Faulds,
5806,Blize GX Faulds,
5807,Blize Coat,
5808,Blize F Coat,
5809,Blize FY Coat,
5810,Blize HS Coat,
5811,Blize G Coat,
5812,Blize GF Coat,
5813,Blize GX Coat,
5814,Mixes FY Faulds,
5815,Mixes HS Faulds,
5816,Mixes G Faulds,
5817,Mixes GF Faulds,
5818,Mixes GX Faulds,
5819,Mixes FY Coat,
5820,Mixes HS Coat,
5821,Mixes G Coat,
5822,Mixes GF Coat,
5823,Mixes GX Coat,
5824,Zyra Coil・Green,Zyra Coil Green
5825,Zyra F Coil・Green,Zyra F Coil Green
5826,Zyra FZ Coil・Green,Zyra FZ Coil Green
5827,Zyra HS Coil・Green,Zyra HS Coil Green
5828,Zyra GS Coil・Green,Zyra GS Coil Green
5829,Zyra GP Coil・Green,Zyra GP Coil Green
5830,Zyra Coat・Green,Zyra Coat Green
5831,Zyra F Coat・Green,Zyra F Coat Green
5832,Zyra FZ Coat・Green,Zyra FZ Coat Green
5833,Zyra HS Coat・Green,Zyra HS Coat Green
5834,Zyra GS Coat・Green,Zyra GS Coat Green
5835,Zyra GP Coat・Green,Zyra GP Coat Green
5836,Zyra Coil・Water,Zyra Coil Water
5837,Zyra F Coil・Water,Zyra F Coil Water
5838,Zyra FZ Coil・Water,Zyra FZ Coil Water
5839,Zyra HS Coil・Water,Zyra HS Coil Water
5840,Zyra GS Coil・Water,Zyra GS Coil Water
5841,Zyra GP Coil・Water,Zyra GP Coil Water
5842,Zyra Coat・Water,Zyra Coat Water
5843,Zyra F Coat・Water,Zyra F Coat Water
5844,Zyra FZ Coat・Water,Zyra FZ Coat Water
5845,Zyra HS Coat・Water,Zyra HS Coat Water
5846,Zyra GS Coat・Water,Zyra GS Coat Water
5847,Zyra GP Coat・Water,Zyra GP Coat Water
5848,Zyra Coil・Red,Zyra Coil Red
5849,Zyra F Coil・Red,Zyra F Coil Red
5850,Zyra FZ Coil・Red,Zyra FZ Coil Red
5851,Zyra HS Coil・Red,Zyra HS Coil Red
5852,Zyra GS Coil・Red,Zyra GS Coil Red
5853,Zyra GP Coil・Red,Zyra GP Coil Red
5854,Zyra Coat・Red,Zyra Coat Red
5855,Zyra F Coat・Red,Zyra F Coat Red
5856,Zyra FZ Coat・Red,Zyra FZ Coat Red
5857,Zyra HS Coat・Red,Zyra HS Coat Red
5858,Zyra GS Coat・Red,Zyra GS Coat Red
5859,Zyra GP Coat・Red,Zyra GP Coat Red
5860,Zyra Coil・Blue,Zyra Coil Blue
5861,Zyra F Coil・Blue,Zyra F Coil Blue
5862,Zyra FZ Coil・Blue,Zyra FZ Coil Blue
5863,Zyra HS Coil・Blue,Zyra HS Coil Blue
5864,Zyra GS Coil・Blue,Zyra GS Coil Blue
5865,Zyra GP Coil・Blue,Zyra GP Coil Blue
5866,Zyra Coat・Blue,Zyra Coat Blue
5867,Zyra F Coat・Blue,Zyra F Coat Blue
5868,Zyra FZ Coat・Blue,Zyra FZ Coat Blue
5869,Zyra HS Coat・Blue,Zyra HS Coat Blue
5870,Zyra GS Coat・Blue,Zyra GS Coat Blue
5871,Zyra GP Coat・Blue,Zyra GP Coat Blue
5872,Carrol Belt・Black,Carrol Belt Black
5873,Carrol F Belt・Black,Carrol F Belt Black
5874,Carrol FZ Belt・Black,Carrol FZ Belt Black
5875,Carrol HS Belt・Black,Carrol HS Belt Black
5876,Carrol GS Belt・Black,Carrol GS Belt Black
5877,Carrol GP Belt・Black,Carrol GP Belt Black
5878,Carrol Coat・Black,Carrol Coat Black
5879,Carrol F Coat・Black,Carrol F Coat Black
5880,Carrol FZ Coat・Black,Carrol FZ Coat Black
5881,Carrol HS Coat・Black,Carrol HS Coat Black
5882,Carrol GS Coat・Black,Carrol GS Coat Black
5883,Carrol GP Coat・Black,Carrol GP Coat Black
5884,Carrol Belt・Blue,Carrol Belt Blue
5885,Carrol F Belt・Blue,Carrol F Belt Blue
5886,Carrol FZ Belt・Blue,Carrol FZ Belt Blue
5887,Carrol HS Belt・Blue,Carrol HS Belt Blue
5888,Carrol GS Belt・Blue,Carrol GS Belt Blue
5889,Carrol GP Belt・Blue,Carrol GP Belt Blue
5890,Carrol Coat・Blue,Carrol Coat Blue
5891,Carrol F Coat・Blue,Carrol F Coat Blue
5892,Carrol FZ Coat・Blue,Carrol FZ Coat Blue
5893,Carrol HS Coat・Blue,Carrol HS Coat Blue
5894,Carrol GS Coat・Blue,Carrol GS Coat Blue
5895,Carrol GP Coat・Blue,Carrol GP Coat Blue
5896,Carrol Belt・White,Carrol Belt White
5897,Carrol F Belt・White,Carrol F Belt White
5898,Carrol FZ Belt・White,Carrol FZ Belt White
5899,Carrol HS Belt・White,Carrol HS Belt White
5900,Carrol GS Belt・White,Carrol GS Belt White
5901,Carrol GP Belt・White,Carrol GP Belt White
5902,Carrol Coat・White,Carrol Coat White
5903,Carrol F Coat・White,Carrol F Coat White
5904,Carrol FZ Coat・White,Carrol FZ Coat White
5905,Carrol HS Coat・White,Carrol HS Coat White
5906,Carrol GS Coat・White,Carrol GS Coat White
5907,Carrol GP Coat・White,Carrol GP Coat White
5908,Carrol Belt・Red,Carrol Belt Red
5909,Carrol F Belt・Red,Carrol F Belt Red
5910,Carrol FZ Belt・Red,Carrol FZ Belt Red
5911,Carrol HS Belt・Red,Carrol HS Belt Red
5912,Carrol GS Belt・Red,Carrol GS Belt Red
5913,Carrol GP Belt・Red,Carrol GP Belt Red
5914,Carrol Coat・Red,Carrol Coat Red
5915,Carrol F Coat・Red,Carrol F Coat Red
5916,Carrol FZ Coat・Red,Carrol FZ Coat Red
5917,Carrol HS Coat・Red,Carrol HS Coat Red
5918,Carrol GS Coat・Red,Carrol GS Coat Red
5919,Carrol GP Coat・Red,Carrol GP Coat Red
5920,Serena Coil・Purple,Serena Coil Purple
5921,Serena F Coil・Purple,Serena F Coil Purple
5922,Serena FZ Coil・Purple,Serena FZ Coil Purple
5923,Serena HS Coil・Purple,Serena HS Coil Purple
5924,Serena GS Coil・Purple,Serena GS Coil Purple
5925,Serena GP Coil・Purple,Serena GP Coil Purple
5926,Serena Coat・Purple,Serena Coat Purple
5927,Serena F Coat・Purple,Serena F Coat Purple
5928,Serena FZ Coat・Purple,Serena FZ Coat Purple
5929,Serena HS Coat・Purple,Serena HS Coat Purple
5930,Serena GS Coat・Purple,Serena GS Coat Purple
5931,Serena GP Coat・Purple,Serena GP Coat Purple
5932,Serena Coil・Blue,Serena Coil Blue
5933,Serena F Coil・Blue,Serena F Coil Blue
5934,Serena FZ Coil・Blue,Serena FZ Coil Blue
5935,Serena HS Coil・Blue,Serena HS Coil Blue
5936,Serena GS Coil・Blue,Serena GS Coil Blue
5937,Serena GP Coil・Blue,Serena GP Coil Blue
5938,Serena Coat・Blue,Serena Coat Blue
5939,Serena F Coat・Blue,Serena F Coat Blue
5940,Serena FZ Coat・Blue,Serena FZ Coat Blue
5941,Serena HS Coat・Blue,Serena HS Coat Blue
5942,Serena GS Coat・Blue,Serena GS Coat Blue
5943,Serena GP Coat・Blue,Serena GP Coat Blue
5944,Serena Coil・White,Serena Coil White
5945,Serena F Coil・White,Serena F Coil White
5946,Serena FZ Coil・White,Serena FZ Coil White
5947,Serena HS Coil・White,Serena HS Coil White
5948,Serena GS Coil・White,Serena GS Coil White
5949,Serena GP Coil・White,Serena GP Coil White
5950,Serena Coat・White,Serena Coat White
5951,Serena F Coat・White,Serena F Coat White
5952,Serena FZ Coat・White,Serena FZ Coat White
5953,Serena HS Coat・White,Serena HS Coat White
5954,Serena GS Coat・White,Serena GS Coat White
5955,Serena GP Coat・White,Serena GP Coat White
5956,Serena Coil・Red,Serena Coil Red
5957,Serena F Coil・Red,Serena F Coil Red
5958,Serena FZ Coil・Red,Serena FZ Coil Red
5959,Serena HS Coil・Red,Serena HS Coil Red
5960,Serena GS Coil・Red,Serena GS Coil Red
5961,Serena GP Coil・Red,Serena GP Coil Red
5962,Serena Coat・Red,Serena Coat Red
5963,Serena F Coat・Red,Serena F Coat Red
5964,Serena FZ Coat・Red,Serena FZ Coat Red
5965,Serena HS Coat・Red,Serena HS Coat Red
5966,Serena GS Coat・Red,Serena GS Coat Red
5967,Serena GP Coat・Red,Serena GP Coat Red
5968,Nimbus Waist,
5969,Nimbus F Waist,
5970,Nimbus FZ Waist,
5971,Nimbus HS Waist,
5972,Nimbus GS Waist,
5973,Nimbus GP Waist,
5974,Nimbus Belt,
5975,Nimbus F Belt,
5976,Nimbus FZ Belt,
5977,Nimbus HS Belt,
5978,Nimbus GS Belt,
5979,Nimbus GP Belt,
5980,Ex FZ Coil・White,Ex FZ Coil White
5981,Ex HS Coil・White,Ex HS Coil White
5982,Ex GS Coil・White,Ex GS Coil White
5983,Ex GP Coil・White,Ex GP Coil White
5984,Ex FZ Coat・White,Ex FZ Coat White
5985,Ex HS Coat・White,Ex HS Coat White
5986,Ex GS Coat・White,Ex GS Coat White
5987,Ex GP Coat・White,Ex GP Coat White
5988,Ex FZ Coil・Red,Ex FZ Coil Red
5989,Ex HS Coil・Red,Ex HS Coil Red
5990,Ex GS Coil・Red,Ex GS Coil Red
5991,Ex GP Coil・Red,Ex GP Coil Red
5992,Ex FZ Coat・Red,Ex FZ Coat Red
5993,Ex HS Coat・Red,Ex HS Coat Red
5994,Ex GS Coat・Red,Ex GS Coat Red
5995,Ex GP Coat・Red,Ex GP Coat Red
5996,Ex FZ Coil・Blue,Ex FZ Coil Blue
5997,Ex HS Coil・Blue,Ex HS Coil Blue
5998,Ex GS Coil・Blue,Ex GS Coil Blue
5999,Ex GP Coil・Blue,Ex GP Coil Blue
6000,Ex FZ Coat・Blue,Ex FZ Coat Blue
6001,Ex HS Coat・Blue,Ex HS Coat Blue
6002,Ex GS Coat・Blue,Ex GS Coat Blue
6003,Ex GP Coat・Blue,Ex GP Coat Blue
6004,Ex FZ Coil・Black,Ex FZ Coil Black
6005,Ex HS Coil・Black,Ex HS Coil Black
6006,Ex GS Coil・Black,Ex GS Coil Black
6007,Ex GP Coil・Black,Ex GP Coil Black
6008,Ex FZ Coat・Black,Ex FZ Coat Black
6009,Ex HS Coat・Black,Ex HS Coat Black
6010,Ex GS Coat・Black,Ex GS Coat Black
6011,Ex GP Coat・Black,Ex GP Coat Black
6012,Gold Cat FZ Coil,
6013,Gold Cat HS Coil,
6014,Gold Cat GS Coil,
6015,Gold Cat GP Coil,
6016,Gold Cat FZ Coat,
6017,Gold Cat HS Coat,
6018,Gold Cat GS Coat,
6019,Gold Cat GP Coat,
6020,Silver Cat FZ Coil,
6021,Silver Cat HS Coil,
6022,Silver Cat GS Coil,
6023,Silver Cat GP Coil,
6024,Silver Cat FZ Coat,
6025,Silver Cat HS Coat,
6026,Silver Cat GS Coat,
6027,Silver Cat GP Coat,
6028,Claire FZ Coil・Purple,Claire FZ Coil Purple
6029,Claire HS Coil・Purple,Claire HS Coil Purple
6030,Claire GS Coil・Purple,Claire GS Coil Purple
6031,Claire GP Coil・Purple,Claire GP Coil Purple
6032,Claire FZ Coat・Purple,Claire FZ Coat Purple
6033,Claire HS Coat・Purple,Claire HS Coat Purple
6034,Claire GS Coat・Purple,Claire GS Coat Purple
6035,Claire GP Coat・Purple,Claire GP Coat Purple
6036,Claire FZ Coil・Water,Claire FZ Coil Water
6037,Claire HS Coil・Water,Claire HS Coil Water
6038,Claire GS Coil・Water,Claire GS Coil Water
6039,Claire GP Coil・Water,Claire GP Coil Water
6040,Claire FZ Coat・Water,Claire FZ Coat Water
6041,Claire HS Coat・Water,Claire HS Coat Water
6042,Claire GS Coat・Water,Claire GS Coat Water
6043,Claire GP Coat・Water,Claire GP Coat Water
6044,Claire FZ Coil・Red,Claire FZ Coil Red
6045,Claire HS Coil・Red,Claire HS Coil Red
6046,Claire GS Coil・Red,Claire GS Coil Red
6047,Claire GP Coil・Red,Claire GP Coil Red
6048,Claire FZ Coat・Red,Claire FZ Coat Red
6049,Claire HS Coat・Red,Claire HS Coat Red
6050,Claire GS Coat・Red,Claire GS Coat Red
6051,Claire GP Coat・Red,Claire GP Coat Red
6052,Claire FZ Coil・Black,Claire FZ Coil Black
6053,Claire HS Coil・Black,Claire HS Coil Black
6054,Claire GS Coil・Black,Claire GS Coil Black
6055,Claire GP Coil・Black,Claire GP Coil Black
6056,Claire FZ Coat・Black,Claire FZ Coat Black
6057,Claire HS Coat・Black,Claire HS Coat Black
6058,Claire GS Coat・Black,Claire GS Coat Black
6059,Claire GP Coat・Black,Claire GP Coat Black
6060,Text HS Coil・Purple,Text HS Coil Purple
6061,Text GS Coil・Purple,Text GS Coil Purple
6062,Text GP Coil・Purple,Text GP Coil Purple
6063,Text HS Coat・Purple,Text HS Coat Purple
6064,Text GS Coat・Purple,Text GS Coat Purple
6065,Text GP Coat・Purple,Text GP Coat Purple
6066,Text HS Coil・Green,Text HS Coil Green
6067,Text GS Coil・Green,Text GS Coil Green
6068,Text GP Coil・Green,Text GP Coil Green
6069,Text HS Coat・Green,Text HS Coat Green
6070,Text GS Coat・Green,Text GS Coat Green
6071,Text GP Coat・Green,Text GP Coat Green
6072,Text HS Coil・Blue,Text HS Coil Blue
6073,Text GS Coil・Blue,Text GS Coil Blue
6074,Text GP Coil・Blue,Text GP Coil Blue
6075,Text HS Coat・Blue,Text HS Coat Blue
6076,Text GS Coat・Blue,Text GS Coat Blue
6077,Text GP Coat・Blue,Text GP Coat Blue
6078,Text HS Coil・Black,Text HS Coil Black
6079,Text GS Coil・Black,Text GS Coil Black
6080,Text GP Coil・Black,Text GP Coil Black
6081,Text HS Coat・Black,Text HS Coat Black
6082,Text GS Coat・Black,Text GS Coat Black
6083,Text GP Coat・Black,Text GP Coat Black
6084,Cultu HS Coil・Ash,Cultu HS Coil Ash
6085,Cultu GS Coil・Ash,Cultu GS Coil Ash
6086,Cultu GP Coil・Ash,Cultu GP Coil Ash
6087,Cultu HS Coat・Ash,Cultu HS Coat Ash
6088,Cultu GS Coat・Ash,Cultu GS Coat Ash
6089,Cultu GP Coat・Ash,Cultu GP Coat Ash
6090,Cultu HS Coil・Blue,Cultu HS Coil Blue
6091,Cultu GS Coil・Blue,Cultu GS Coil Blue
6092,Cultu GP Coil・Blue,Cultu GP Coil Blue
6093,Cultu HS Coat・Blue,Cultu HS Coat Blue
6094,Cultu GS Coat・Blue,Cultu GS Coat Blue
6095,Cultu GP Coat・Blue,Cultu GP Coat Blue
6096,Cultu HS Coil・Orange,Cultu HS Coil Orange
6097,Cultu GS Coil・Orange,Cultu GS Coil Orange
6098,Cultu GP Coil・Orange,Cultu GP Coil Orange
6099,Cultu HS Coat・Orange,Cultu HS Coat Orange
6100,Cultu GS Coat・Orange,Cultu GS Coat Orange
6101,Cultu GP Coat・Orange,Cultu GP Coat Orange
6102,Cultu HS Coil・Green,Cultu HS Coil Green
6103,Cultu GS Coil・Green,Cultu GS Coil Green
6104,Cultu GP Coil・Green,Cultu GP Coil Green
6105,Cultu HS Coat・Green,Cultu HS Coat Green
6106,Cultu GS Coat・Green,Cultu GS Coat Green
6107,Cultu GP Coat・Green,Cultu GP Coat Green
6108,Arma FZ Coil・Black,Arma FZ Coil Black
6109,Arma HS Coil・Black,Arma HS Coil Black
6110,Arma GS Coil・Black,Arma GS Coil Black
6111,Arma GP Coil・Black,Arma GP Coil Black
6112,Arma FZ Coat・Black,Arma FZ Coat Black
6113,Arma HS Coat・Black,Arma HS Coat Black
6114,Arma GS Coat・Black,Arma GS Coat Black
6115,Arma GP Coat・Black,Arma GP Coat Black
6116,Arma FZ Coil・White,Arma FZ Coil White
6117,Arma HS Coil・White,Arma HS Coil White
6118,Arma GS Coil・White,Arma GS Coil White
6119,Arma GP Coil・White,Arma GP Coil White
6120,Arma FZ Coat・White,Arma FZ Coat White
6121,Arma HS Coat・White,Arma HS Coat White
6122,Arma GS Coat・White,Arma GS Coat White
6123,Arma GP Coat・White,Arma GP Coat White
6124,Arma FZ Coil・Blue,Arma FZ Coil Blue
6125,Arma HS Coil・Blue,Arma HS Coil Blue
6126,Arma GS Coil・Blue,Arma GS Coil Blue
6127,Arma GP Coil・Blue,Arma GP Coil Blue
6128,Arma FZ Coat・Blue,Arma FZ Coat Blue
6129,Arma HS Coat・Blue,Arma HS Coat Blue
6130,Arma GS Coat・Blue,Arma GS Coat Blue
6131,Arma GP Coat・Blue,Arma GP Coat Blue
6132,Arma FZ Coil・Tea,Arma FZ Coil Tea
6133,Arma HS Coil・Tea,Arma HS Coil Tea
6134,Arma GS Coil・Tea,Arma GS Coil Tea
6135,Arma GP Coil・Tea,Arma GP Coil Tea
6136,Arma FZ Coat・Tea,Arma FZ Coat Tea
6137,Arma HS Coat・Tea,Arma HS Coat Tea
6138,Arma GS Coat・Tea,Arma GS Coat Tea
6139,Arma GP Coat・Tea,Arma GP Coat Tea
6140,Siena HS Coil・Silver,Siena HS Coil Silver
6141,Siena GS Coil・Silver,Siena GS Coil Silver
6142,Siena GP Coil・Silver,Siena GP Coil Silver
6143,Siena HS Coat・Silver,Siena HS Coat Silver
6144,Siena GS Coat・Silver,Siena GS Coat Silver
6145,Siena GP Coat・Silver,Siena GP Coat Silver
6146,Siena HS Coil・Black,Siena HS Coil Black
6147,Siena GS Coil・Black,Siena GS Coil Black
6148,Siena GP Coil・Black,Siena GP Coil Black
6149,Siena HS Coat・Black,Siena HS Coat Black
6150,Siena GS Coat・Black,Siena GS Coat Black
6151,Siena GP Coat・Black,Siena GP Coat Black
6152,Siena HS Coil・Red,Siena HS Coil Red
6153,Siena GS Coil・Red,Siena GS Coil Red
6154,Siena GP Coil・Red,Siena GP Coil Red
6155,Siena HS Coat・Red,Siena HS Coat Red
6156,Siena GS Coat・Red,Siena GS Coat Red
6157,Siena GP Coat・Red,Siena GP Coat Red
6158,Siena HS Coil・Blue,Siena HS Coil Blue
6159,Siena GS Coil・Blue,Siena GS Coil Blue
6160,Siena GP Coil・Blue,Siena GP Coil Blue
6161,Siena HS Coat・Blue,Siena HS Coat Blue
6162,Siena GS Coat・Blue,Siena GS Coat Blue
6163,Siena GP Coat・Blue,Siena GP Coat Blue
6164,Cloth GS Coil・Red,Cloth GS Coil Red
6165,Cloth GP Coil・Red,Cloth GP Coil Red
6166,Cloth GS Coat・Red,Cloth GS Coat Red
6167,Cloth GP Coat・Red,Cloth GP Coat Red
6168,Cloth GS Coil・Blue,Cloth GS Coil Blue
6169,Cloth GP Coil・Blue,Cloth GP Coil Blue
6170,Cloth GS Coat・Blue,Cloth GS Coat Blue
6171,Cloth GP Coat・Blue,Cloth GP Coat Blue
6172,Cloth GS Coil・Purple,Cloth GS Coil Purple
6173,Cloth GP Coil・Purple,Cloth GP Coil Purple
6174,Cloth GS Coat・Purple,Cloth GS Coat Purple
6175,Cloth GP Coat・Purple,Cloth GP Coat Purple
6176,Cloth GS Coil・Green,Cloth GS Coil Green
6177,Cloth GP Coil・Green,Cloth GP Coil Green
6178,Cloth GS Coat・Green,Cloth GS Coat Green
6179,Cloth GP Coat・Green,Cloth GP Coat Green
6180,Maisto FZ Coil・Crimson,Maisto FZ Coil Crimson
6181,Maisto HS Coil・Crimson,Maisto HS Coil Crimson
6182,Maisto GS Coil・Crimson,Maisto GS Coil Crimson
6183,Maisto GP Coil・Crimson,Maisto GP Coil Crimson
6184,Maisto FZ Coat・Crimson,Maisto FZ Coat Crimson
6185,Maisto HS Coat・Crimson,Maisto HS Coat Crimson
6186,Maisto GS Coat・Crimson,Maisto GS Coat Crimson
6187,Maisto GP Coat・Crimson,Maisto GP Coat Crimson
6188,Maisto FZ Coil・Green,Maisto FZ Coil Green
6189,Maisto HS Coil・Green,Maisto HS Coil Green
6190,Maisto GS Coil・Green,Maisto GS Coil Green
6191,Maisto GP Coil・Green,Maisto GP Coil Green
6192,Maisto FZ Coat・Green,Maisto FZ Coat Green
6193,Maisto HS Coat・Green,Maisto HS Coat Green
6194,Maisto GS Coat・Green,Maisto GS Coat Green
6195,Maisto GP Coat・Green,Maisto GP Coat Green
6196,Maisto FZ Coil・Green,Maisto FZ Coil Green
6197,Maisto HS Coil・Green,Maisto HS Coil Green
6198,Maisto GS Coil・Green,Maisto GS Coil Green
6199,Maisto GP Coil・Green,Maisto GP Coil Green
6200,Maisto FZ Coat・Green,Maisto FZ Coat Green
6201,Maisto HS Coat・Green,Maisto HS Coat Green
6202,Maisto GS Coat・Green,Maisto GS Coat Green
6203,Maisto GP Coat・Green,Maisto GP Coat Green
6204,Maisto FZ Coil・Pink,Maisto FZ Coil Pink
6205,Maisto HS Coil・Pink,Maisto HS Coil Pink
6206,Maisto GS Coil・Pink,Maisto GS Coil Pink
6207,Maisto GP Coil・Pink,Maisto GP Coil Pink
6208,Maisto FZ Coat・Pink,Maisto FZ Coat Pink
6209,Maisto HS Coat・Pink,Maisto HS Coat Pink
6210,Maisto GS Coat・Pink,Maisto GS Coat Pink
6211,Maisto GP Coat・Pink,Maisto GP Coat Pink
6212,Cayssis HS Coil Water,
6213,Cayssis GS Coil Water,
6214,Cayssis GP Coil Water,
6215,Cayssis HS Coat Water,
6216,Cayssis GS Coat Water,
6217,Cayssis GP Coat Water,
6218,Cayssis HS Coil Red,
6219,Cayssis GS Coil Red,
6220,Cayssis GP Coil Red,
6221,Cayssis HS Coat Red,
6222,Cayssis GS Coat Red,
6223,Cayssis GP Coat Red,
6224,Cayssis HS Coil Blue,
6225,Cayssis GS Coil Blue,
6226,Cayssis GP Coil Blue,
6227,Cayssis HS Coat Blue,
6228,Cayssis GS Coat Blue,
6229,Cayssis GP Coat Blue,
6230,Cayssis HS Coil Orange,
6231,Cayssis GS Coil Orange,
6232,Cayssis GP Coil Orange,
6233,Cayssis HS Coat Orange,
6234,Cayssis GS Coat Orange,
6235,Cayssis GP Coat Orange,
6236,Pandeum HS Waist,
6237,Pandeum GS Waist,
6238,Pandeum GP Waist,
6239,Pandeum HS Belt,
6240,Pandeum GS Belt,
6241,Pandeum GP Belt,
6242,Dian HS Waist,
6243,Dian GS Waist,
6244,Dian GP Waist,
6245,Dian HS Belt,
6246,Dian GS Belt,
6247,Dian GP Belt,
6248,Wild HS Waist,
6249,Wild GS Waist,
6250,Wild GP Waist,
6251,Wild HS Belt,
6252,Wild GS Belt,
6253,Wild GP Belt,
6254,Flower HS Waist,
6255,Flower GS Waist,
6256,Flower GP Waist,
6257,Flower HS Belt,
6258,Flower GS Belt,
6259,Flower GP Belt,
6260,Tune HS Waist,
6261,Tune GS Waist,
6262,Tune GP Waist,
6263,Schnite HS Belt,
6264,Schnite GS Belt,
6265,Schnite GP Belt,
6266,Dicto HS Waist,
6267,Dicto GS Waist,
6268,Dicto GP Waist,
6269,Diletto HS Belt,
6270,Diletto GS Belt,
6271,Diletto GP Belt,
6272,Cubie HS Coil,
6273,Cubie GS Coil,
6274,Cubie GP Coil,
6275,Cubie HS Coat,
6276,Cubie GS Coat,
6277,Cubie GP Coat,
6278,Kemor HS Coil,
6279,Kemor GS Coil,
6280,Kemor GP Coil,
6281,Kemor HS Coat,
6282,Kemor GS Coat,
6283,Kemor GP Coat,
6284,Suriito GP Coil・Yellow,Suriito GP Coil Yellow
6285,Suriito GP Coat・Yellow,Suriito GP Coat Yellow
6286,Suriito GP Coil・Silver,Suriito GP Coil Silver
6287,Suriito GP Coat・Silver,Suriito GP Coat Silver
6288,Suriito GP Coil・Red,Suriito GP Coil Red
6289,Suriito GP Coat・Red,Suriito GP Coat Red
6290,Suriito GP Coil・Blue,Suriito GP Coil Blue
6291,Suriito GP Coat・Blue,Suriito GP Coat Blue
6292,Galitos GP Belt・Tea,Galitos GP Belt Tea
6293,Galitos GP Coat・Tea,Galitos GP Coat Tea
6294,Galitos GP Belt・Red,Galitos GP Belt Red
6295,Galitos GP Coat・Red,Galitos GP Coat Red
6296,Galitos GP Belt・Black,Galitos GP Belt Black
6297,Galitos GP Coat・Black,Galitos GP Coat Black
6298,Galitos GP Belt・Water,Galitos GP Belt Water
6299,Galitos GP Coat・Water,Galitos GP Coat Water
6300,Lien GP Coil・Blue,Lien GP Coil Blue
6301,Lien GP Coat・Blue,Lien GP Coat Blue
6302,Lien GP Coil・Red,Lien GP Coil Red
6303,Lien GP Coat・Red,Lien GP Coat Red
6304,Lien GP Coil・Black,Lien GP Coil Black
6305,Lien GP Coat・Black,Lien GP Coat Black
6306,Lien GP Coil・White,Lien GP Coil White
6307,Lien GP Coat・White,Lien GP Coat White
6308,Melety GP Coil・White,Melety GP Coil White
6309,Melety GP Coat・White,Melety GP Coat White
6310,Melety GP Coil・Red,Melety GP Coil Red
6311,Melety GP Coat・Red,Melety GP Coat Red
6312,Melety GP Coil・Blue,Melety GP Coil Blue
6313,Melety GP Coat・Blue,Melety GP Coat Blue
6314,Melety GP Coil・Black,Melety GP Coil Black
6315,Melety GP Coat・Black,Melety GP Coat Black
6316,Steno GP Elytra ー・Orange,Steno GP Elytra - Orange
6317,Steno GP Coat・Orange,Steno GP Coat Orange
6318,Steno GP Elytra ー・Peach,Steno GP Elytra - Peach
6319,Steno GP Coat・Peach,Steno GP Coat Peach
6320,Steno GP Elytra ー・Blue,Steno GP Elytra - Blue
6321,Steno GP Coat・Blue,Steno GP Coat Blue
6322,Steno GP Elytra ー・Red,Steno GP Elytra - Red
6323,Steno GP Coat・Red,Steno GP Coat Red
6324,Star Festival GP Obi 【 Red 】,
6325,Tanabata GP Obi 【 Red 】,
6326,Star Festival GP Obi 【 Blue 】,
6327,Tanabata GP Obi 【 Blue 】,
6328,Star Festival GP Obi 【 Black 】,
6329,Tanabata GP Obi 【 Black 】,
6330,Star Festival GP Obi 【 White 】,
6331,Tanabata GP Obi 【 White 】,
6332,ダミー,Dummy
6333,ダミー,Dummy
6334,ダミー,Dummy
6335,ダミー,Dummy
6336,ダミー,Dummy
6337,ダミー,Dummy
6338,Historia Coil,
6339,Historia F Coil,
6340,Historia FZ Coil,
6341,Historia HS Coil,
6342,Historia GS Coil,
6343,Historia GP Coil,
6344,Historia Belt,
6345,Historia F Belt,
6346,Historia FZ Belt,
6347,Historia HS Belt,
6348,Historia GS Belt,
6349,Historia GP Belt,
6350,Furoru Waist,
6351,Furoru F Waist,
6352,Furoru FX Waist,
6353,Furoru G Waist,
6354,Furoru GF Waist,
6355,Furoru Belt,
6356,Furoru F Belt,
6357,Furoru FX Belt,
6358,Furoru G Belt,
6359,Furoru GF Belt,
6360,Franky G Waist,
6361,Franky GF Waist,
6362,Franky GX Waist,
6363,Franky G Belt,
6364,Franky GF Belt,
6365,Franky GX Belt,
6366,Diore Faulds,
6367,Diore F Faulds,
6368,Diore FX Faulds,
6369,Diore G Faulds,
6370,Diore GF Faulds,
6371,Diore Coat,
6372,Diore F Coat,
6373,Diore FX Coat,
6374,Diore G Coat,
6375,Diore GF Coat,
6376,Kagura G【腰当て】,Kagura G [Waist]
6377,Kagura GF【腰当て】,Kagura GF[Waist]
6378,Kagura GX【腰当て】,Kagura GX[Waist]
6379,Kamiza G【腰当て】,Kamiza G[Waist]
6380,Kamiza GF【腰当て】,Kamiza GF[Waist]
6381,Kamiza GX【腰当て】,Kamiza GX[Waist]
6382,Jebia G Faulds,
6383,Jebia GF Faulds,
6384,Jebia GX Faulds,
6385,Jebia G Coat,
6386,Jebia GF Coat,
6387,Jebia GX Coat,
6388,Sol G Coil,
6389,Sol GF Coil,
6390,Sol GX Coil,
6391,Sol G Coat,
6392,Sol GF Coat,
6393,Sol GX Coat,
6394,Vulcan G Wing,
6395,Vulcan GF Wing,
6396,Vulcan GX Wing,
6397,Vulcan Gテイル,Vulcan G Tail
6398,Vulcan GFテイル,Vulcan GF Tail
6399,Vulcan GXテイル,Vulcan GX Tail
6400,Algol GF Faulds,
6401,Algol GF Coat,
6402,Odiva GF Faulds,
6403,Odiva GF Coat,
6404,Byakko・Kensei GX Coil,Byakko Kensei GX Coil
6405,Suzaku・Kensei GX Coil,Suzaku Sword Saint GX Coil
6406,Genbu・Kensei GX Coil,Genbu Kensei GX Coil
6407,Seiryu・Kensei GX Coil,Seiryu Kensei GX Coil
6408,Byakko・双龍GX Coil,Byakko Twin Dragon GX Coil
6409,Suzaku・双龍GX Coil,Suzaku Twin Dragon GX Coil
6410,Genbu・双龍GX Coil,Genbu Twin Dragon GX Coil
6411,Seiryu・双龍GX Coil,Seiryu Twin Dragon GX Coil
6412,Byakko・剣王GX Coil,Byakko Sword King GX Coil
6413,Suzaku・剣王GX Coil,Suzaku Sword King GX Coil
6414,Genbu・剣王GX Coil,Genbu Sword King GX Coil
6415,Seiryu・剣王GX Coil,Seiryu Sword King GX Coil
6416,Byakko・刀神GX Coil,Byakko Sword God GX Coil
6417,Suzaku・刀神GX Coil,Vermilion Bird Sword God GX Coil
6418,Genbu・刀神GX Coil,Genbu Kensei GX Coil
6419,Seiryu・刀神GX Coil,Seiryu Sword God GX Coil
6420,Byakko・Heaven 槍GX Coil,Byakko Heaven Lance GX Coil
6421,Suzaku・Heaven 槍GX Coil,Suzaku Heaven Spear GX Coil
6422,Genbu・Heaven 槍GX Coil,Genbu Heaven Lance GX Coil
6423,Seiryu・Heaven 槍GX Coil,Seiryu Heaven Lance GX Coil
6424,Byakko・砲皇GX Coil,Byakko Cannon Emperor GX Coil
6425,Suzaku・砲皇GX Coil,Suzaku Cannon Emperor GX Coil
6426,Genbu・砲皇GX Coil,Genbu Cannon Emperor GX Coil
6427,Seiryu・砲皇GX Coil,Seiryu Cannon Emperor GX Coil
6428,Byakko・鈍器獣GX Coil,Byakko Blunt Beast GX Coil
6429,Suzaku・鈍器獣GX Coil,Suzaku Blunt Beast GX Coil
6430,Genbu・鈍器獣GX Coil,Genbu Blunt Beast GX Coil
6431,Seiryu・鈍器獣GX Coil,Seiryu Blunt Beast GX Coil
6432,Byakko・奏帝GX Coil,Byakko Maestro GX Coil
6433,Suzaku・奏帝GX Coil,Suzaku Melody Emperor GX Coil
6434,Genbu・奏帝GX Coil,Genbu Melody Emperor GX Coil
6435,Seiryu・奏帝GX Coil,Seiryu Melody Emperor GX Coil
6436,Byakko・銃傑GX Coat,White Tiger Gunner GX Coat
6437,Suzaku・銃傑GX Coat,Suzaku Gunmaster GX Coat
6438,Genbu・銃傑GX Coat,Genbu Gun Master GX Coat
6439,Seiryu・銃傑GX Coat,Seiryu Gun Master GX Coat
6440,Byakko・銃仙GX Coat,Byakko Gun Hermit GX Coat
6441,Suzaku・銃仙GX Coat,Suzaku Gun Sage GX Coat
6442,Genbu・銃仙GX Coat,Genbu Gun Sage GX Coat
6443,Seiryu・銃仙GX Coat,Seiryu Gun Sage GX Coat
6444,Byakko・Bow 鬼GX Coat,Byakko Bow Demon GX Coat
6445,Suzaku・Bow 鬼GX Coat,Suzaku Bow Demon GX Coat
6446,Genbu・Bow 鬼GX Coat,Genbu Bow Demon GX Coat
6447,Seiryu・Bow 鬼GX Coat,Seiryu Bow Ogre GX Coat
6448,Hisui Coil,
6449,Hisui F Coil,
6450,Hisui FX Coil,
6451,Blood Coil,
6452,Blood F Coil,
6453,Blood FX Coil,
6454,Byakko・穿凰G Coil,Byakko Piercing Phoenix G Coil
6455,Byakko・穿凰GF Coil,Byakko Piercing Phoenix GF Coil
6456,Byakko・穿凰GX Coil,Byakko Piercing Phoenix GX Coil
6457,Suzaku・穿凰G Coil,Suzaku Piercing Phoenix G Coil
6458,Suzaku・穿凰GF Coil,Suzaku Piercing Phoenix GF Coil
6459,Suzaku・穿凰GX Coil,Suzaku Piercing Phoenix GX Coil
6460,Genbu・穿凰G Coil,Genbu Piercing Phoenix G Coil
6461,Genbu・穿凰GF Coil,Genbu Piercing Phoenix GF Coil
6462,Genbu・穿凰GX Coil,Genbu Piercing Phoenix GX Coil
6463,Seiryu・穿凰G Coil,Seiryu Piercing Phoenix G Coil
6464,Seiryu・穿凰GF Coil,Seiryu Piercing Phoenix GF Coil
6465,Seiryu・穿凰GX Coil,Seiryu Piercing Phoenix GX Coil
6466,Honour Coil・Red,Honour Coil Red
6467,Honour F Coil・Red,Honour F Coil Red
6468,Honour FZ Coil・Red,Honour FZ Coil Red
6469,Honour HS Coil・Red,Honour HS Coil Red
6470,Honour GS Coil・Red,Honour GS Coil Red
6471,Honour GP Coil・Red,Honour GP Coil Red
6472,Honour Coat・Red,Honour Coat Red
6473,Honour F Coat・Red,Honour F Coat Red
6474,Honour FZ Coat・Red,Honour FZ Coat Red
6475,Honour HS Coat・Red,Honour HS Coat Red
6476,Honour GS Coat・Red,Honour GS Coat Red
6477,Honour GP Coat・Red,Honour GP Coat Red
6478,Honour Coil・Blue,Honour Coil Blue
6479,Honour F Coil・Blue,Honour F Coil Blue
6480,Honour FZ Coil・Blue,Honour FZ Coil Blue
6481,Honour HS Coil・Blue,Honour HS Coil Blue
6482,Honour GS Coil・Blue,Honour GS Coil Blue
6483,Honour GP Coil・Blue,Honour GP Coil Blue
6484,Honour Coat・Blue,Honour Coat Blue
6485,Honour F Coat・Blue,Honour F Coat Blue
6486,Honour FZ Coat・Blue,Honour FZ Coat Blue
6487,Honour HS Coat・Blue,Honour HS Coat Blue
6488,Honour GS Coat・Blue,Honour GS Coat Blue
6489,Honour GP Coat・Blue,Honour GP Coat Blue
6490,Honour Coil・Green,Honour Coil Green
6491,Honour F Coil・Green,Honour F Coil Green
6492,Honour FZ Coil・Green,Honour FZ Coil Green
6493,Honour HS Coil・Green,Honour HS Coil Green
6494,Honour GS Coil・Green,Honour GS Coil Green
6495,Honour GP Coil・Green,Honour GP Coil Green
6496,Honour Coat・Green,Honour Coat Green
6497,Honour F Coat・Green,Honour F Coat Green
6498,Honour FZ Coat・Green,Honour FZ Coat Green
6499,Honour HS Coat・Green,Honour HS Coat Green
6500,Honour GS Coat・Green,Honour GS Coat Green
6501,Honour GP Coat・Green,Honour GP Coat Green
6502,Honour Coil・紺,Honour Coil Navy
6503,Honour F Coil・紺,Honour F Coil Navy
6504,Honour FZ Coil・紺,Honour FZ Coil Navy
6505,Honour HS Coil・紺,Honour HS Coil Navy
6506,Honour GS Coil・紺,Honour GS Coil Navy
6507,Honour GP Coil・紺,Honour GP Coil Navy
6508,Honour Coat・紺,Honour Coat Navy
6509,Honour F Coat・紺,Honour F Coat Navy
6510,Honour FZ Coat・紺,Honour FZ Coat Navy
6511,Honour HS Coat・紺,Honour HS Coat Navy
6512,Honour GS Coat・紺,Honour GS Coat Navy
6513,Honour GP Coat・紺,Honour GP Coat Navy
6514,Sheriff Coil・Tea,Sheriff Coil Tea
6515,Sheriff F Coil・Tea,Sheriff F Coil Tea
6516,Sheriff FZ Coil・Tea,Sheriff FZ Coil Tea
6517,Sheriff HS Coil・Tea,Sheriff HS Coil Tea
6518,Sheriff GS Coil・Tea,Sheriff GS Coil Tea
6519,Sheriff GP Coil・Tea,Sheriff GP Coil Tea
6520,Sheriff Coat・Tea,Sheriff Coat Tea
6521,Sheriff F Coat・Tea,Sheriff F Coat Tea
6522,Sheriff FZ Coat・Tea,Sheriff FZ Coat Tea
6523,Sheriff HS Coat・Tea,Sheriff HS Coat Tea
6524,Sheriff GS Coat・Tea,Sheriff GS Coat Tea
6525,Sheriff GP Coat・Tea,Sheriff GP Coat Tea
6526,Sheriff Coil・Black,Sheriff Coil Black
6527,Sheriff F Coil・Black,Sheriff F Coil Black
6528,Sheriff FZ Coil・Black,Sheriff FZ Coil Black
6529,Sheriff HS Coil・Black,Sheriff HS Coil Black
6530,Sheriff GS Coil・Black,Sheriff GS Coil Black
6531,Sheriff GP Coil・Black,Sheriff GP Coil Black
6532,Sheriff Coat・Black,Sheriff Coat Black
6533,Sheriff F Coat・Black,Sheriff F Coat Black
6534,Sheriff FZ Coat・Black,Sheriff FZ Coat Black
6535,Sheriff HS Coat・Black,Sheriff HS Coat Black
6536,Sheriff GS Coat・Black,Sheriff GS Coat Black
6537,Sheriff GP Coat・Black,Sheriff GP Coat Black
6538,Sheriff Coil・Blue,Sheriff Coil Blue
6539,Sheriff F Coil・Blue,Sheriff F Coil Blue
6540,Sheriff FZ Coil・Blue,Sheriff FZ Coil Blue
6541,Sheriff HS Coil・Blue,Sheriff HS Coil Blue
6542,Sheriff GS Coil・Blue,Sheriff GS Coil Blue
6543,Sheriff GP Coil・Blue,Sheriff GP Coil Blue
6544,Sheriff Coat・Blue,Sheriff Coat Blue
6545,Sheriff F Coat・Blue,Sheriff F Coat Blue
6546,Sheriff FZ Coat・Blue,Sheriff FZ Coat Blue
6547,Sheriff HS Coat・Blue,Sheriff HS Coat Blue
6548,Sheriff GS Coat・Blue,Sheriff GS Coat Blue
6549,Sheriff GP Coat・Blue,Sheriff GP Coat Blue
6550,Sheriff Coil・White,Sheriff Coil White
6551,Sheriff F Coil・White,Sheriff F Coil White
6552,Sheriff FZ Coil・White,Sheriff FZ Coil White
6553,Sheriff HS Coil・White,Sheriff HS Coil White
6554,Sheriff GS Coil・White,Sheriff GS Coil White
6555,Sheriff GP Coil・White,Sheriff GP Coil White
6556,Sheriff Coat・White,Sheriff Coat White
6557,Sheriff F Coat・White,Sheriff F Coat White
6558,Sheriff FZ Coat・White,Sheriff FZ Coat White
6559,Sheriff HS Coat・White,Sheriff HS Coat White
6560,Sheriff GS Coat・White,Sheriff GS Coat White
6561,Sheriff GP Coat・White,Sheriff GP Coat White
6562,Moonlight Obi,
6563,Moonlight Obi・F,Moonlight Obi F
6564,Moonlight Obi・FZ,Moonlight Obi FZ
6565,Moonlight Obi・HS,Moonlight Obi HS
6566,Moonlight Obi・GS,Moonlight Obi GS
6567,Moonlight Obi・GP,Moonlight Obi GP
6568,Moonlight Cloth,
6569,Moonlight Cloth・F,Moonlight Cloth F
6570,Moonlight Cloth・FZ,Moonlight Cloth FZ
6571,Moonlight Cloth・HS,Moonlight Cloth HS
6572,Moonlight Cloth・GS,Moonlight Cloth GS
6573,Moonlight Cloth・GP,Moonlight Cloth GP
6574,Zodic GS Coil・Blue,Zodic GS Coil Blue
6575,Zodic GP Coil・Blue,Zodic GP Coil Blue
6576,Zodic GS Coat・Blue,Zodic GS Coat Blue
6577,Zodic GP Coat・Blue,Zodic GP Coat Blue
6578,Zodic GS Coil・Tea,Zodic GS Coil Tea
6579,Zodic GP Coil・Tea,Zodic GP Coil Tea
6580,Zodic GS Coat・Tea,Zodic GS Coat Tea
6581,Zodic GP Coat・Tea,Zodic GP Coat Tea
6582,Zodic GS Coil・Green,Zodic GS Coil Green
6583,Zodic GP Coil・Green,Zodic GP Coil Green
6584,Zodic GS Coat・Green,Zodic GS Coat Green
6585,Zodic GP Coat・Green,Zodic GP Coat Green
6586,Zodic GS Coil・Pink,Zodic GS Coil Pink
6587,Zodic GP Coil・Pink,Zodic GP Coil Pink
6588,Zodic GS Coat・Pink,Zodic GS Coat Pink
6589,Zodic GP Coat・Pink,Zodic GP Coat Pink
6590,Bliss FZ Coat 【 White 】,
6591,Bliss HS Coat 【 White 】,
6592,Bliss GS Coat 【 White 】,
6593,Bliss GP Coat 【 White 】,
6594,Bliss FZ Coat 【 Blue 】,
6595,Bliss HS Coat 【 Blue 】,
6596,Bliss GS Coat 【 Blue 】,
6597,Bliss GP Coat 【 Blue 】,
6598,Bliss FZ Coat 【 Purple 】,
6599,Bliss HS Coat 【 Purple 】,
6600,Bliss GS Coat 【 Purple 】,
6601,Bliss GP Coat 【 Purple 】,
6602,Bliss FZ Coat 【 Yellow 】,
6603,Bliss HS Coat 【 Yellow 】,
6604,Bliss GS Coat 【 Yellow 】,
6605,Bliss GP Coat 【 Yellow 】,
6606,White Cat FZテイル,White Cat FZ Tail
6607,White Cat HSテイル,White Cat HS Tail
6608,White Cat GSテイル,White Cat GS Tail
6609,White Cat GPテイル,White Cat GP Tail
6610,Pharan HS Coil・White,Pharan HS Coil White
6611,Pharan GS Coil・White,Pharan GS Coil White
6612,Pharan GP Coil・White,Pharan GP Coil White
6613,Pharan HS Coat・White,Pharan HS Coat White
6614,Pharan GS Coat・White,Pharan GS Coat White
6615,Pharan GP Coat・White,Pharan GP Coat White
6616,Pharan HS Coil・Black,Pharan HS Coil Black
6617,Pharan GS Coil・Black,Pharan GS Coil Black
6618,Pharan GP Coil・Black,Pharan GP Coil Black
6619,Pharan HS Coat・Black,Pharan HS Coat Black
6620,Pharan GS Coat・Black,Pharan GS Coat Black
6621,Pharan GP Coat・Black,Pharan GP Coat Black
6622,Pharan HS Coil・Red,Pharan HS Coil Red
6623,Pharan GS Coil・Red,Pharan GS Coil Red
6624,Pharan GP Coil・Red,Pharan GP Coil Red
6625,Pharan HS Coat・Red,Pharan HS Coat Red
6626,Pharan GS Coat・Red,Pharan GS Coat Red
6627,Pharan GP Coat・Red,Pharan GP Coat Red
6628,Pharan HS Coil・Blue,Pharan HS Coil Blue
6629,Pharan GS Coil・Blue,Pharan GS Coil Blue
6630,Pharan GP Coil・Blue,Pharan GP Coil Blue
6631,Pharan HS Coat・Blue,Pharan HS Coat Blue
6632,Pharan GS Coat・Blue,Pharan GS Coat Blue
6633,Pharan GP Coat・Blue,Pharan GP Coat Blue
6634,Gloria GS Coil・Gold,Gloria GS Coil Gold
6635,Gloria GP Coil・Gold,Gloria GP Coil Gold
6636,Gloria GS Coat・Gold,Gloria GS Coat Gold
6637,Gloria GP Coat・Gold,Gloria GP Coat Gold
6638,Gloria GS Coil・Blue,Gloria GS Coil Blue
6639,Gloria GP Coil・Blue,Gloria GP Coil Blue
6640,Gloria GS Coat・Blue,Gloria GS Coat Blue
6641,Gloria GP Coat・Blue,Gloria GP Coat Blue
6642,Gloria GS Coil・Water,Gloria GS Coil Water
6643,Gloria GP Coil・Water,Gloria GP Coil Water
6644,Gloria GS Coat・Water,Gloria GS Coat Water
6645,Gloria GP Coat・Water,Gloria GP Coat Water
6646,Gloria GS Coil・Red,Gloria GS Coil Red
6647,Gloria GP Coil・Red,Gloria GP Coil Red
6648,Gloria GS Coat・Red,Gloria GS Coat Red
6649,Gloria GP Coat・Red,Gloria GP Coat Red
6650,蘭蛮の Waist・FZ Yellow,Ranban Waist FZ Yellow
6651,蘭蛮の Waist・HS Yellow,Ranban Waist HS Yellow
6652,蘭蛮の Waist・GS Yellow,Ranban Waist GS Yellow
6653,蘭蛮の Waist・GP Yellow,Ranban Waist GP Yellow
6654,蘭蛮の Obi・FZ Yellow,Ranban Obi FZ Yellow
6655,蘭蛮の Obi・HS Yellow,Ranban Obi HS Yellow
6656,蘭蛮の Obi・GS Yellow,Ranban Obi GS Yellow
6657,蘭蛮の Obi・GP Yellow,Ranban Obi GP Yellow
6658,蘭蛮の Waist・FZ Red,Ranban Waist FZ Red
6659,蘭蛮の Waist・HS Red,Ranban Waist HS Red
6660,蘭蛮の Waist・GS Red,Ranban Waist GS Red
6661,蘭蛮の Waist・GP Red,Ranban Waist GP Red
6662,蘭蛮の Obi・FZ Red,Ranban Obi FZ Red
6663,蘭蛮の Obi・HS Red,Ranban Obi HS Red
6664,蘭蛮の Obi・GS Red,Ranban Obi GS Red
6665,蘭蛮の Obi・GP Red,Ranban Obi GP Red
6666,蘭蛮の Waist・FZ Purple,Ranban Waist FZ Purple
6667,蘭蛮の Waist・HS Purple,Ranban Waist HS Purple
6668,蘭蛮の Waist・GS Purple,Ranban Waist GS Purple
6669,蘭蛮の Waist・GP Purple,Ranban Waist GP Purple
6670,蘭蛮の Obi・FZ Purple,Ranban Obi FZ Purple
6671,蘭蛮の Obi・HS Purple,Ranban Obi HS Purple
6672,蘭蛮の Obi・GS Purple,Ranban Obi GS Purple
6673,蘭蛮の Obi・GP Purple,Ranban Obi GP Purple
6674,蘭蛮の Waist・FZ Gold,Ranban Waist FZ Gold
6675,蘭蛮の Waist・HS Gold,Ranban Waist HS Gold
6676,蘭蛮の Waist・GS Gold,Ranban Waist GS Gold
6677,蘭蛮の Waist・GP Gold,Ranban Waist GP Gold
6678,蘭蛮の Obi・FZ Gold,Ranban Obi FZ Gold
6679,蘭蛮の Obi・HS Gold,Ranban Obi HS Gold
6680,蘭蛮の Obi・GS Gold,Ranban Obi GS Gold
6681,蘭蛮の Obi・GP Gold,Ranban Obi GP Gold
6682,Ferme FZ Coil・Black,Ferme FZ Coil Black
6683,Ferme HS Coil・Black,Ferme HS Coil Black
6684,Ferme GS Coil・Black,Ferme GS Coil Black
6685,Ferme GP Coil・Black,Ferme GP Coil Black
6686,Ferme FZ Coat・Black,Ferme FZ Coat Black
6687,Ferme HS Coat・Black,Ferme HS Coat Black
6688,Ferme GS Coat・Black,Ferme GS Coat Black
6689,Ferme GP Coat・Black,Ferme GP Coat Black
6690,Ferme FZ Coil・Red,Ferme FZ Coil Red
6691,Ferme HS Coil・Red,Ferme HS Coil Red
6692,Ferme GS Coil・Red,Ferme GS Coil Red
6693,Ferme GP Coil・Red,Ferme GP Coil Red
6694,Ferme FZ Coat・Red,Ferme FZ Coat Red
6695,Ferme HS Coat・Red,Ferme HS Coat Red
6696,Ferme GS Coat・Red,Ferme GS Coat Red
6697,Ferme GP Coat・Red,Ferme GP Coat Red
6698,Ferme FZ Coil・White,Ferme FZ Coil White
6699,Ferme HS Coil・White,Ferme HS Coil White
6700,Ferme GS Coil・White,Ferme GS Coil White
6701,Ferme GP Coil・White,Ferme GP Coil White
6702,Ferme FZ Coat・White,Ferme FZ Coat White
6703,Ferme HS Coat・White,Ferme HS Coat White
6704,Ferme GS Coat・White,Ferme GS Coat White
6705,Ferme GP Coat・White,Ferme GP Coat White
6706,Ferme FZ Coil・Blue,Ferme FZ Coil Blue
6707,Ferme HS Coil・Blue,Ferme HS Coil Blue
6708,Ferme GS Coil・Blue,Ferme GS Coil Blue
6709,Ferme GP Coil・Blue,Ferme GP Coil Blue
6710,Ferme FZ Coat・Blue,Ferme FZ Coat Blue
6711,Ferme HS Coat・Blue,Ferme HS Coat Blue
6712,Ferme GS Coat・Blue,Ferme GS Coat Blue
6713,Ferme GP Coat・Blue,Ferme GP Coat Blue
6714,Truss FZ Belt Blue,
6715,Truss HS Belt Blue,
6716,Truss GS Belt Blue,
6717,Truss GP Belt Blue,
6718,Truss FZサッシュ Blue,Truss FZ Sash Blue
6719,Truss HSサッシュ Blue,Truss HS Sash Blue
6720,Truss GSサッシュ Blue,Truss GS Sash Blue
6721,Truss GPサッシュ Blue,Truss GP Sash Blue
6722,Truss FZ Belt Red,
6723,Truss HS Belt Red,
6724,Truss GS Belt Red,
6725,Truss GP Belt Red,
6726,Truss FZサッシュ Red,Truss FZ Sash Red
6727,Truss HSサッシュ Red,Truss HS Sash Red
6728,Truss GSサッシュ Red,Truss GS Sash Red
6729,Truss GPサッシュ Red,Truss GP Sash Red
6730,Truss FZ Belt White,
6731,Truss HS Belt White,
6732,Truss GS Belt White,
6733,Truss GP Belt White,
6734,Truss FZサッシュ White,Truss FZ Sash White
6735,Truss HSサッシュ White,Truss HS Sash White
6736,Truss GSサッシュ White,Truss GS Sash White
6737,Truss GPサッシュ White,Truss GP Sash White
6738,Truss FZ Belt Purple,
6739,Truss HS Belt Purple,
6740,Truss GS Belt Purple,
6741,Truss GP Belt Purple,
6742,Truss FZサッシュ Purple,Truss FZ Sash Purple
6743,Truss HSサッシュ Purple,Truss HS Sash Purple
6744,Truss GSサッシュ Purple,Truss GS Sash Purple
6745,Truss GPサッシュ Purple,Truss GP Sash Purple
6746,Rail HS Coil,
6747,Rail GS Coil,
6748,Rail GP Coil,
6749,Rail HS Coat,
6750,Rail GS Coat,
6751,Rail GP Coat,
6752,Ridere HS Coil,
6753,Ridere GS Coil,
6754,Ridere GP Coil,
6755,Ridere HS Coat,
6756,Ridere GS Coat,
6757,Ridere GP Coat,
6758,Riot HS Faulds,
6759,Riot GS Faulds,
6760,Riot GP Faulds,
6761,Riot HS Coat,
6762,Riot GS Coat,
6763,Riot GP Coat,
6764,Rutare HS Faulds,
6765,Rutare GS Faulds,
6766,Rutare GP Faulds,
6767,Rutare HS Coat,
6768,Rutare GS Coat,
6769,Rutare GP Coat,
6770,Rolling Flow の腰当て・HS,Rolling Flow Waist HS
6771,Rolling Flow の腰当て・GS,Rolling Flow Waist GS
6772,Rolling Flow の腰当て・GP,Rolling Flow Waist GP
6773,旋転の Waist て・HS,Spinning Waistguard HS
6774,旋転の Waist て・GS,Spinning Waistguard GS
6775,旋転の Waist て・GP,Spinning Waistguard GP
6776,Rolling Sky の腰当て・HS,Rolling Sky Waist Guard HS
6777,Rolling Sky の腰当て・GS,Rolling Sky Waist Guard GS
6778,Rolling Sky の腰当て・GP,Rolling Sky Waist Guard GP
6779,Rolling Earth の腰当て・HS,Rolling Earth Waistguard HS
6780,Rolling Earth の腰当て・GS,Rolling Earth Waistguard GS
6781,Rolling Earth の腰当て・GP,Rolling Earth Waistguard GP
6782,Latria HS Coil,
6783,Latria GS Coil,
6784,Latria GP Coil,
6785,Latria HS Coat,
6786,Latria GS Coat,
6787,Latria GP Coat,
6788,Kontao HS Coil,
6789,Kontao GS Coil,
6790,Kontao GP Coil,
6791,Kontao HS Coat,
6792,Kontao GS Coat,
6793,Kontao GP Coat,
6794,Deliver Faulds,
6795,Deliver F Faulds,
6796,Deliver FY Faulds,
6797,Deliver HS Faulds,
6798,Deliver G Faulds,
6799,Deliver GF Faulds,
6800,Deliver GX Faulds,
6801,Deliver Coat,
6802,Deliver F Coat,
6803,Deliver FY Coat,
6804,Deliver HS Coat,
6805,Deliver G Coat,
6806,Deliver GF Coat,
6807,Deliver GX Coat,
6808,Asaku Faulds,
6809,Asaku F Faulds,
6810,Asaku FY Faulds,
6811,Asaku HS Faulds,
6812,Asaku G Faulds,
6813,Asaku GF Faulds,
6814,Asaku GX Faulds,
6815,Asaku Coat,
6816,Asaku F Coat,
6817,Asaku FY Coat,
6818,Asaku HS Coat,
6819,Asaku G Coat,
6820,Asaku GF Coat,
6821,Asaku GX Coat,
6822,Nisuru Faulds,
6823,Nisuru F Faulds,
6824,Nisuru FY Faulds,
6825,Nisuru HS Faulds,
6826,Nisuru G Faulds,
6827,Nisuru GF Faulds,
6828,Nisuru GX Faulds,
6829,Nisuru Coat,
6830,Nisuru F Coat,
6831,Nisuru FY Coat,
6832,Nisuru HS Coat,
6833,Nisuru G Coat,
6834,Nisuru GF Coat,
6835,Nisuru GX Coat,
6836,Coord Faulds,
6837,Coord F Faulds,
6838,Coord FY Faulds,
6839,Coord HS Faulds,
6840,Coord G Faulds,
6841,Coord GF Faulds,
6842,Coord GX Faulds,
6843,Coord Coat,
6844,Coord F Coat,
6845,Coord FY Coat,
6846,Coord HS Coat,
6847,Coord G Coat,
6848,Coord GF Coat,
6849,Coord GX Coat,
6850,Resega Faulds,
6851,Resega F Faulds,
6852,Resega FY Faulds,
6853,Resega HS Faulds,
6854,Resega G Faulds,
6855,Resega GF Faulds,
6856,Resega GX Faulds,
6857,Resega Coat,
6858,Resega F Coat,
6859,Resega FY Coat,
6860,Resega HS Coat,
6861,Resega G Coat,
6862,Resega GF Coat,
6863,Resega GX Coat,
6864,Suforu Faulds,
6865,Suforu F Faulds,
6866,Suforu FY Faulds,
6867,Suforu HS Faulds,
6868,Suforu G Faulds,
6869,Suforu GF Faulds,
6870,Suforu GX Faulds,
6871,Suforu Coat,
6872,Suforu F Coat,
6873,Suforu FY Coat,
6874,Suforu HS Coat,
6875,Suforu G Coat,
6876,Suforu GF Coat,
6877,Suforu GX Coat,
6878,Perce Faulds,
6879,Perce F Faulds,
6880,Perce FY Faulds,
6881,Perce HS Faulds,
6882,Perce G Faulds,
6883,Perce GF Faulds,
6884,Perce GX Faulds,
6885,Perce Coat,
6886,Perce F Coat,
6887,Perce FY Coat,
6888,Perce HS Coat,
6889,Perce G Coat,
6890,Perce GF Coat,
6891,Perce GX Coat,
6892,VM Equipment,
6893,VM Equipment F,
6894,VM Equipment FZ,
6895,VM Equipment HS,
6896,VM Equipment GS,
6897,VM Equipment GP,
6898,VM Equipment+,
6899,VM Equipment+ F,
6900,VM Equipment+ FZ,
6901,VM Equipment+ HS,
6902,VM Equipment+ GS,
6903,VM Equipment+ GP,
6904,ダミー,Dummy
6905,ダミー,Dummy
6906,ダミー,Dummy
6907,ダミー,Dummy
6908,ダミー,Dummy
6909,ダミー,Dummy
6910,ダミー,Dummy
6911,ダミー,Dummy
6912,ダミー,Dummy
6913,ダミー,Dummy
6914,ダミー,Dummy
6915,ダミー,Dummy
6916,ダミー,Dummy
6917,ダミー,Dummy
6918,ダミー,Dummy
6919,ダミー,Dummy
6920,ダミー,Dummy
6921,ダミー,Dummy
6922,ダミー,Dummy
6923,ダミー,Dummy
6924,ダミー,Dummy
6925,ダミー,Dummy
6926,ダミー,Dummy
6927,ダミー,Dummy
6928,ダミー,Dummy
6929,ダミー,Dummy
6930,ダミー,Dummy
6931,ダミー,Dummy
6932,ダミー,Dummy
6933,ダミー,Dummy
6934,ダミー,Dummy
6935,ダミー,Dummy
6936,ダミー,Dummy
6937,ダミー,Dummy
6938,Carrol Belt・Gold,Carrol Belt Gold
6939,Leila Belt,
6940,IS Academy Coil・White,IS Academy Coil White
6941,IS Academy F Coil・White,IS Academy F Coil White
6942,IS Academy FZ Coil・White,IS Academy FZ Coil White
6943,IS Academy HS Coil・White,IS Academy HS Coil White
6944,IS Academy GS Coil・White,IS Academy GS Coil White
6945,IS Academy GP Coil・White,IS Academy GP Coil White
6946,IS Academy Coat・White,IS Academy Coat White
6947,IS Academy F Coat・White,IS Academy F Coat White
6948,IS Academy FZ Coat・White,IS Academy FZ Coat White
6949,IS Academy HS Coat・White,IS Academy HS Coat White
6950,IS Academy GS Coat・White,IS Academy GS Coat White
6951,IS Academy GP Coat・White,IS Academy GP Coat White
6952,IS Academy Coil・Blue,IS Academy Coil Blue
6953,IS Academy F Coil・Blue,IS Academy F Coil Blue
6954,IS Academy FZ Coil・Blue,IS Academy FZ Coil Blue
6955,IS Academy HS Coil・Blue,IS Academy HS Coil Blue
6956,IS Academy GS Coil・Blue,IS Academy GS Coil Blue
6957,IS Academy GP Coil・Blue,IS Academy GP Coil Blue
6958,IS Academy Coat・Blue,IS Academy Coat Blue
6959,IS Academy F Coat・Blue,IS Academy F Coat Blue
6960,IS Academy FZ Coat・Blue,IS Academy FZ Coat Blue
6961,IS Academy HS Coat・Blue,IS Academy HS Coat Blue
6962,IS Academy GS Coat・Blue,IS Academy GS Coat Blue
6963,IS Academy GP Coat・Blue,IS Academy GP Coat Blue
6964,IS Academy Coil・Black,IS Academy Coil Black
6965,IS Academy F Coil・Black,IS Academy F Coil Black
6966,IS Academy FZ Coil・Black,IS Academy FZ Coil Black
6967,IS Academy HS Coil・Black,IS Academy HS Coil Black
6968,IS Academy GS Coil・Black,IS Academy GS Coil Black
6969,IS Academy GP Coil・Black,IS Academy GP Coil Black
6970,IS Academy Coat・Black,IS Academy Coat Black
6971,IS Academy F Coat・Black,IS Academy F Coat Black
6972,IS Academy FZ Coat・Black,IS Academy FZ Coat Black
6973,IS Academy HS Coat・Black,IS Academy HS Coat Black
6974,IS Academy GS Coat・Black,IS Academy GS Coat Black
6975,IS Academy GP Coat・Black,IS Academy GP Coat Black
6976,IS Academy Coil・Green,IS Academy Coil Green
6977,IS Academy F Coil・Green,IS Academy F Coil Green
6978,IS Academy FZ Coil・Green,IS Academy FZ Coil Green
6979,IS Academy HS Coil・Green,IS Academy HS Coil Green
6980,IS Academy GS Coil・Green,IS Academy GS Coil Green
6981,IS Academy GP Coil・Green,IS Academy GP Coil Green
6982,IS Academy Coat・Green,IS Academy Coat Green
6983,IS Academy F Coat・Green,IS Academy F Coat Green
6984,IS Academy FZ Coat・Green,IS Academy FZ Coat Green
6985,IS Academy HS Coat・Green,IS Academy HS Coat Green
6986,IS Academy GS Coat・Green,IS Academy GS Coat Green
6987,IS Academy GP Coat・Green,IS Academy GP Coat Green
6988,Comrade G Coil・Red,Comrade G Coil Red
6989,Comrade GF Coil・Red,Comrade GF Coil Red
6990,Comrade GX Coil・Red,Comrade GX Coil Red
6991,Comrade G Coat・Red,Comrade G Coat Red
6992,Comrade GF Coat・Red,Comrade GF Coat Red
6993,Comrade GX Coat・Red,Comrade GX Coat Red
6994,Comrade G Coil・Blue,Comrade G Coil Blue
6995,Comrade GF Coil・Blue,Comrade GF Coil Blue
6996,Comrade GX Coil・Blue,Comrade GX Coil Blue
6997,Comrade G Coat・Blue,Comrade G Coat Blue
6998,Comrade GF Coat・Blue,Comrade GF Coat Blue
6999,Comrade GX Coat・Blue,Comrade GX Coat Blue
7000,Comrade G Coil・Green,Comrade G Coil Green
7001,Comrade GF Coil・Green,Comrade GF Coil Green
7002,Comrade GX Coil・Green,Comrade GX Coil Green
7003,Comrade G Coat・Green,Comrade G Coat Green
7004,Comrade GF Coat・Green,Comrade GF Coat Green
7005,Comrade GX Coat・Green,Comrade GX Coat Green
7006,Comrade G Coil・Orange,Comrade G Coil Orange
7007,Comrade GF Coil・Orange,Comrade GF Coil Orange
7008,Comrade GX Coil・Orange,Comrade GX Coil Orange
7009,Comrade G Coat・Orange,Comrade G Coat Orange
7010,Comrade GF Coat・Orange,Comrade GF Coat Orange
7011,Comrade GX Coat・Orange,Comrade GX Coat Orange
7012,Melan G Faulds,
7013,Melan GF Faulds,
7014,Melan GX Faulds,
7015,Melan G Coat,
7016,Melan GF Coat,
7017,Melan GX Coat,
7018,Rouge FY Faulds,
7019,Rouge HC Faulds,
7020,Rouge G Faulds,
7021,Rouge GF Faulds,
7022,Rouge GX Faulds,
7023,Regyukusu GP Coil,
7024,Regyukusu GP Coat,
7025,Beil GP Reflector,
7026,ヴェルフGP Faulds,Velc GP Faulds
7027,ヴェルフGP Coat,Velc GP Coat
7028,テリオグGP Faulds,Terriog GP Faulds
7029,テリオグGP Coat,Terriog GP Coat
7030,Hypnoc G Faulds,
7031,Hypnoc GF Faulds,
7032,Hypnoc GX Faulds,
7033,Hypnoc G Coat,
7034,Hypnoc GF Coat,
7035,Hypnoc GX Coat,
7036,Red Khezu G Faulds,
7037,Red Khezu GF Faulds,
7038,Red Khezu GX Faulds,
7039,Red Khezu G Coat,
7040,Red Khezu GF Coat,
7041,Red Khezu GX Coat,
7042,Monoblos G Coil,
7043,Monoblos GF Coil,
7044,Monoblos GX Coil,
7045,Monoblos G Coat,
7046,Monoblos GF Coat,
7047,Monoblos GX Coat,
7048,Weiss G Navel,
7049,Weiss GF Navel,
7050,Weiss GX Navel,
7051,Weiss G Belly,
7052,Weiss GF Belly,
7053,Weiss GX Belly,
7054,Venom G Faulds,
7055,Venom GF Faulds,
7056,Venom GX Faulds,
7057,Venom G Coat,
7058,Venom GF Coat,
7059,Venom GX Coat,
7060,Elegance [Waistband 】,
7061,Elegance F [Waistband 】,
7062,Elegance FX [Waistband 】,
7063,Elegance G [Waistband 】,
7064,Elegance GF [Waistband 】,
7065,Grace [Waistband 】,
7066,Grace F [Waistband 】,
7067,Grace FX [Waistband 】,
7068,Grace G [Waistband 】,
7069,Grace GF [Waistband 】,
7070,Elegance G [Waistband 】,
7071,Elegance GF [Waistband 】,
7072,Elegance GX [Waistband 】,
7073,Grace G [Waistband 】,
7074,Grace GF [Waistband 】,
7075,Grace GX [Waistband 】,
7076,Garuba アンダ,Garuba Anda
7077,Garuba Fアンダ,Garuba F Anda
7078,Garuba FXアンダ,Garuba FX Anda
7079,Garuba Gアンダ,Garuba G Anda
7080,Garuba GFアンダ,Garuba GF Anda
7081,Garuba アドミ,Garuba Admi
7082,Garuba Fアドミ,Garuba F Admi
7083,Garuba FXアドミ,Garuba FX Admi
7084,Garuba Gアドミ,Garuba G Admi
7085,Garuba GFアドミ,Garuba GF Admi
7086,Wind GFアンダ,Wind GF Anda
7087,Wind GFアドミ,Wind GF Admi
7088,武者GF [Waist て】,Warrior GF [Waist]
7089,日光GF [Waist て】,Sunlight GF [Waist]
7090,White 蘭・Kensei Coil,White Orchid Kensei Coil
7091,White 蘭・Kensei F Coil,White Orchid Kensei F Coil
7092,White 蘭・Kensei FX Coil,White Orchid Kensei FX Coil
7093,Crimson 霞・Kensei Coil,Crimson Mist Kensei Coil
7094,Crimson 霞・Kensei F Coil,Crimson Mist Kensei F Coil
7095,Crimson 霞・Kensei FX Coil,Crimson Mist Kensei FX Coil
7096,White 蘭・Kensei G Coil,White Orchid Kensei G Coil
7097,White 蘭・Kensei GF Coil,White Orchid Kensei GF Coil
7098,White 蘭・Kensei GX Coil,White Orchid Kensei GX Coil
7099,月夜・Kensei G Coil,Moonlit Night Kensei G Coil
7100,月夜・Kensei GF Coil,Moonlit Night Kensei GF Coil
7101,月夜・Kensei GX Coil,Moonlit Night Kensei GX Coil
7102,Crimson 霞・Kensei G Coil,Crimson Mist Kensei G Coil
7103,Crimson 霞・Kensei GF Coil,Crimson Mist Kensei GF Coil
7104,Crimson 霞・Kensei GX Coil,Crimson Mist Kensei GX Coil
7105,Green 穹・Kensei G Coil,Green Sky Kensei G Coil
7106,Green 穹・Kensei GF Coil,Green Sky Kensei GF Coil
7107,Green 穹・Kensei GX Coil,Green Sky Kensei GX Coil
7108,White 蘭・双龍 Coil,White Orchid Twin Dragons Coil
7109,White 蘭・双龍F Coil,White Orchid Twin Dragons F Coil
7110,White 蘭・双龍FX Coil,White Orchid Twin Dragon FX Coil
7111,Crimson 霞・双龍 Coil,Crimson Mist Twin Dragon Coil
7112,Crimson 霞・双龍F Coil,Crimson Mist Twin Dragon F Coil
7113,Crimson 霞・双龍FX Coil,Crimson Mist Twin Dragon FX Coil
7114,White 蘭・双龍G Coil,White Orchid Twin Dragon G Coil
7115,White 蘭・双龍GF Coil,White Orchid Twin Dragon GF Coil
7116,White 蘭・双龍GX Coil,White Orchid Twin Dragon GX Coil
7117,月夜・双龍G Coil,Moonlit Twin Dragon G Coil
7118,月夜・双龍GF Coil,Moonlit Twin Dragon GF Coil
7119,月夜・双龍GX Coil,Moonlit Night Twin Dragon GX Coil
7120,Crimson 霞・双龍G Coil,Crimson Mist Twin Dragon G Coil
7121,Crimson 霞・双龍GF Coil,Crimson Mist Twin Dragon GF Coil
7122,Crimson 霞・双龍GX Coil,Crimson Mist Twin Dragon GX Coil
7123,Green 穹・双龍G Coil,Green Vault Twin Dragon G Coil
7124,Green 穹・双龍GF Coil,Green Vault Twin Dragon GF Coil
7125,Green 穹・双龍GX Coil,Green Vault Twin Dragon GX Coil
7126,White 蘭・剣王 Coil,White Orchid Sword King Coil
7127,White 蘭・剣王F Coil,White Orchid Sword King F Coil
7128,White 蘭・剣王FX Coil,White Orchid Sword King FX Coil
7129,Crimson 霞・剣王 Coil,Crimson Mist Sword King Coil
7130,Crimson 霞・剣王F Coil,Crimson Mist Sword King F Coil
7131,Crimson 霞・剣王FX Coil,Crimson Mist Sword King FX Coil
7132,White 蘭・剣王G Coil,White Orchid Sword King G Coil
7133,White 蘭・剣王GF Coil,White Orchid Sword King GF Coil
7134,White 蘭・剣王GX Coil,White Orchid Sword King GX Coil
7135,月夜・剣王G Coil,Moonlit Night Sword King G Coil
7136,月夜・剣王GF Coil,Moonlit Sword King GF Coil
7137,月夜・剣王GX Coil,Moonlit Sword King GX Coil
7138,Crimson 霞・剣王G Coil,Crimson Mist Sword King G Coil
7139,Crimson 霞・剣王GF Coil,Crimson Mist Sword King GF Coil
7140,Crimson 霞・剣王GX Coil,Crimson Mist Sword King GX Coil
7141,Green 穹・剣王G Coil,Green Firmament Sword King G Coil
7142,Green 穹・剣王GF Coil,Green Firmament Sword King GF Coil
7143,Green 穹・剣王GX Coil,Green Vault Sword King GX Coil
7144,White 蘭・刀神 Coil,White Orchid Sword God Coil
7145,White 蘭・刀神F Coil,White Orchid Sword God F Coil
7146,White 蘭・刀神FX Coil,White Orchid Sword God FX Coil
7147,Crimson 霞・刀神 Coil,Crimson Mist Kensei Coil
7148,Crimson 霞・刀神F Coil,Crimson Mist Blade God F Coil
7149,Crimson 霞・刀神FX Coil,Crimson Mist Blade God FX Coil
7150,White 蘭・刀神G Coil,White Orchid Sword God G Coil
7151,White 蘭・刀神GF Coil,White Orchid Sword God GF Coil
7152,White 蘭・刀神GX Coil,White Orchid Sword God GX Coil
7153,月夜・刀神G Coil,Moonlit Night Kensei G Coil
7154,月夜・刀神GF Coil,Moonlit Night Kensei GF Coil
7155,月夜・刀神GX Coil,Moonlit Night Kensei GX Coil
7156,Crimson 霞・刀神G Coil,Crimson Mist Blade God G Coil
7157,Crimson 霞・刀神GF Coil,Crimson Mist Blade God GF Coil
7158,Crimson 霞・刀神GX Coil,Crimson Mist Sword God GX Coil
7159,Green 穹・刀神G Coil,Green Sky Blade God G Coil
7160,Green 穹・刀神GF Coil,Green Firmament Blade God GF Coil
7161,Green 穹・刀神GX Coil,Green Firmament Blade God GX Coil
7162,White 蘭・鈍器獣 Coil,White Orchid Blunt Beast Coil
7163,White 蘭・鈍器獣F Coil,White Orchid Blunt Beast F Coil
7164,White 蘭・鈍器獣FX Coil,White Orchid Blunt Beast FX Coil
7165,Crimson 霞・鈍器獣 Coil,Crimson Haze Blunt Beast Coil
7166,Crimson 霞・鈍器獣F Coil,Crimson Haze Blunt BeastF Coil
7167,Crimson 霞・鈍器獣FX Coil,Crimson Haze Blunt BeastFX Coil
7168,White 蘭・鈍器獣G Coil,White Orchid Blunt Beast G Coil
7169,White 蘭・鈍器獣GF Coil,White Orchid Blunt Beast GF Coil
7170,White 蘭・鈍器獣GX Coil,White Orchid Blunt Beast GX Coil
7171,月夜・鈍器獣G Coil,Moonlit Night Blunt Beast G Coil
7172,月夜・鈍器獣GF Coil,Moonlit Night Blunt Beast GF Coil
7173,月夜・鈍器獣GX Coil,Moonlit Night Blunt Beast GX Coil
7174,Crimson 霞・鈍器獣G Coil,Crimson Haze Blunt BeastG Coil
7175,Crimson 霞・鈍器獣GF Coil,Crimson Haze Blunt Beast GF Coil
7176,Crimson 霞・鈍器獣GX Coil,Crimson Haze Blunt Beast GX Coil
7177,Green 穹・鈍器獣G Coil,Green Sky Blunt Beast G Coil
7178,Green 穹・鈍器獣GF Coil,Green Sky Blunt Beast GF Coil
7179,Green 穹・鈍器獣GX Coil,Green Sky Blunt Beast GX Coil
7180,White 蘭・奏帝 Coil,White Orchid Emperor Coil
7181,White 蘭・奏帝F Coil,White Orchid Emperor F Coil
7182,White 蘭・奏帝FX Coil,White Orchid Emperor FX Coil
7183,Crimson 霞・奏帝 Coil,Crimson Mist Melody Emperor Coil
7184,Crimson 霞・奏帝F Coil,Crimson Mist Melody EmperorF Coil
7185,Crimson 霞・奏帝FX Coil,Crimson Mist Melody EmperorFX Coil
7186,White 蘭・奏帝G Coil,White Orchid Emperor G Coil
7187,White 蘭・奏帝GF Coil,White Orchid Music Emperor GF Coil
7188,White 蘭・奏帝GX Coil,White Orchid Music Emperor GX Coil
7189,月夜・奏帝G Coil,Moonlit Night Melody Emperor G Coil
7190,月夜・奏帝GF Coil,Moonlit Night Melody Emperor GF Coil
7191,月夜・奏帝GX Coil,Moonlit Night Melody Emperor GX Coil
7192,Crimson 霞・奏帝G Coil,Crimson Mist Melody Emperor G Coil
7193,Crimson 霞・奏帝GF Coil,Crimson Mist Melody Emperor GF Coil
7194,Crimson 霞・奏帝GX Coil,Crimson Mist Melody Emperor GX Coil
7195,Green 穹・奏帝G Coil,Green Sky Melody Emperor G Coil
7196,Green 穹・奏帝GF Coil,Green Sky Melody Emperor GF Coil
7197,Green 穹・奏帝GX Coil,Green Sky Melody Emperor GX Coil
7198,White 蘭・Heaven 槍 Coil,White Orchid Heaven Spear Coil
7199,White 蘭・Heaven 槍F Coil,White Orchid Heaven Spear F Coil
7200,White 蘭・Heaven 槍FX Coil,White Orchid Heaven Spear FX Coil
7201,Crimson 霞・Heaven 槍 Coil,Crimson Mist Heaven Lance Coil
7202,Crimson 霞・Heaven 槍F Coil,Crimson Mist Heaven LanceF Coil
7203,Crimson 霞・Heaven 槍FX Coil,Crimson Mist Heaven Lance FX Waist
7204,White 蘭・Heaven 槍G Coil,White Orchid Heaven Lance G Coil
7205,White 蘭・Heaven 槍GF Coil,White Orchid Heaven Lance GF Coil
7206,White 蘭・Heaven 槍GX Coil,White Orchid Heaven Lance GX Coil
7207,月夜・Heaven 槍G Coil,Moonlit Heaven Lance G Coil
7208,月夜・Heaven 槍GF Coil,Moonlit Heaven Lance GF Coil
7209,月夜・Heaven 槍GX Coil,Moonlit Night Heaven Lance GX Coil
7210,Crimson 霞・Heaven 槍G Coil,Crimson Mist Heaven Lance G Waist
7211,Crimson 霞・Heaven 槍GF Coil,Crimson Mist Heaven Lance GF Waist
7212,Crimson 霞・Heaven 槍GX Coil,Crimson Mist Heaven Lance GX Waist
7213,Green 穹・Heaven 槍G Coil,Green Sky Heaven Lance G Coil
7214,Green 穹・Heaven 槍GF Coil,Green Sky Heaven Lance GF Coil
7215,Green 穹・Heaven 槍GX Coil,Green Sky Heaven Lance GX Coil
7216,White 蘭・砲皇 Coil,White Orchid Cannon Emperor Coil
7217,White 蘭・砲皇F Coil,White Orchid Cannon Emperor F Coil
7218,White 蘭・砲皇FX Coil,White Orchid Cannon Emperor FX Coil
7219,Crimson 霞・砲皇 Coil,Crimson Haze Cannon Emperor Coil
7220,Crimson 霞・砲皇F Coil,Crimson Haze Cannon EmperorF Coil
7221,Crimson 霞・砲皇FX Coil,Crimson Haze Cannon Emperor FX Coil
7222,White 蘭・砲皇G Coil,White Orchid Cannon Emperor G Coil
7223,White 蘭・砲皇GF Coil,White Orchid Cannon Emperor GF Coil
7224,White 蘭・砲皇GX Coil,White Orchid Cannon Emperor GX Coil
7225,月夜・砲皇G Coil,Moonlit Night Cannon Emperor G Coil
7226,月夜・砲皇GF Coil,Moonlit Night Cannon Emperor GF Coil
7227,月夜・砲皇GX Coil,Moonlit Night Cannon Emperor GX Coil
7228,Crimson 霞・砲皇G Coil,Crimson Haze Cannon Emperor G Coil
7229,Crimson 霞・砲皇GF Coil,Crimson Haze Cannon Emperor GF Coil
7230,Crimson 霞・砲皇GX Coil,Crimson Haze Cannon Emperor GX Coil
7231,Green 穹・砲皇G Coil,Green Vault Cannon Emperor G Coil
7232,Green 穹・砲皇GF Coil,Green Vault Cannon Emperor GF Coil
7233,Green 穹・砲皇GX Coil,Green Vault Cannon Emperor GX Coil
7234,White 蘭・穿凰 Coil,White Orchid Piercing Phoenix Coil
7235,White 蘭・穿凰F Coil,White Orchid Piercing Phoenix F Coil
7236,White 蘭・穿凰FX Coil,White Orchid Piercing Phoenix FX Coil
7237,Crimson 霞・穿凰 Coil,Crimson Mist Piercing Phoenix Coil
7238,Crimson 霞・穿凰F Coil,Crimson Mist Piercing Phoenix F Coil
7239,Crimson 霞・穿凰FX Coil,Crimson Haze Piercing Phoenix FX Coil
7240,White 蘭・穿凰G Coil,White Orchid Piercing Phoenix G Coil
7241,White 蘭・穿凰GF Coil,White Orchid Piercing Phoenix GF Coil
7242,White 蘭・穿凰GX Coil,White Orchid Piercing Phoenix GX Coil
7243,月夜・穿凰G Coil,Moonlit Piercing Phoenix G Coil
7244,月夜・穿凰GF Coil,Moonlit Piercing Phoenix GF Coil
7245,月夜・穿凰GX Coil,Moonlit Piercing Phoenix GX Coil
7246,Crimson 霞・穿凰G Coil,Crimson Haze Piercing Phoenix G Coil
7247,Crimson 霞・穿凰GF Coil,Crimson Haze Piercing Phoenix GF Coil
7248,Crimson 霞・穿凰GX Coil,Crimson Haze Piercing Phoenix GX Coil
7249,Green 穹・穿凰G Coil,Green Sky Piercing Phoenix G Coil
7250,Green 穹・穿凰GF Coil,Green Sky Piercing Phoenix GF Coil
7251,Green 穹・穿凰GX Coil,Green Sky Piercing Phoenix GX Coil
7252,White 蘭・銃仙 Coat,White Orchid Gun Sage Coat
7253,White 蘭・銃仙F Coat,White Orchid Gun Sage F Coat
7254,White 蘭・銃仙FX Coat,White Orchid Gun Sage FX Coat
7255,Crimson 霞・銃仙 Coat,Crimson Haze Gun Hermit Coat
7256,Crimson 霞・銃仙F Coat,Crimson Haze Gun Hermit F Coat
7257,Crimson 霞・銃仙FX Coat,Crimson Mist Gun Sage FX Coat
7258,White 蘭・銃仙G Coat,White Orchid Gun Sage G Coat
7259,White 蘭・銃仙GF Coat,White Orchid Gun Sage GF Coat
7260,White 蘭・銃仙GX Coat,White Orchid Gun Sage GX Coat
7261,月夜・銃仙G Coat,Moonlit Night Gun Sage G Coat
7262,月夜・銃仙GF Coat,Moonlight Gun Sage GF Coat
7263,月夜・銃仙GX Coat,Moonlight Gun Sage GX Coat
7264,Crimson 霞・銃仙G Coat,Crimson Mist Gun Sage G Coat
7265,Crimson 霞・銃仙GF Coat,Crimson Mist Gun Sage GF Coat
7266,Crimson 霞・銃仙GX Coat,Crimson Mist Gun Sage GX Coat
7267,Green 穹・銃仙G Coat,Green Sky Gun Sage G Coat
7268,Green 穹・銃仙GF Coat,Green Sky Gun Sage GF Coat
7269,Green 穹・銃仙GX Coat,Green Sky Gunsage GX Coat
7270,White 蘭・銃傑 Coat,White Orchid Gun Hero Coat
7271,White 蘭・銃傑F Coat,White Orchid Gunmaster F Coat
7272,White 蘭・銃傑FX Coat,White Orchid Gunmaster FX Coat
7273,Crimson 霞・銃傑 Coat,Crimson Mist Gun Master Coat
7274,Crimson 霞・銃傑F Coat,Crimson Mist Gun Master F Coat
7275,Crimson 霞・銃傑FX Coat,Crimson Mist Gun Master FX Coat
7276,White 蘭・銃傑G Coat,White Orchid Gunmaster G Coat
7277,White 蘭・銃傑GF Coat,White Orchid Gunmaster GF Coat
7278,White 蘭・銃傑GX Coat,White Orchid Gunmaster GX Coat
7279,月夜・銃傑G Coat,Moonlight Gun Master G Coat
7280,月夜・銃傑GF Coat,Moonlight Gun Master GF Coat
7281,月夜・銃傑GX Coat,Moonlit Night Gunmaster GX Coat
7282,Crimson 霞・銃傑G Coat,Crimson Mist Gun Ace G Coat
7283,Crimson 霞・銃傑GF Coat,Crimson Mist Gun Ace GF Coat
7284,Crimson 霞・銃傑GX Coat,Crimson Mist Gun Ace GX Coat
7285,Green 穹・銃傑G Coat,Green Sky Gunmaster G Coat
7286,Green 穹・銃傑GF Coat,Green Sky Gunmaster GF Coat
7287,Green 穹・銃傑GX Coat,Green Sky Gunmaster GX Coat
7288,White 蘭・Bow 鬼 Coat,White Orchid Bow Demon Coat
7289,White 蘭・Bow 鬼F Coat,White Orchid Bow Demon F Coat
7290,White 蘭・Bow 鬼FX Coat,White Orchid Bow Demon FX Coat
7291,Crimson 霞・Bow 鬼 Coat,Crimson Mist Bow Ogre Coat
7292,Crimson 霞・Bow 鬼F Coat,Crimson Mist Bow OgreF Coat
7293,Crimson 霞・Bow 鬼FX Coat,Crimson Mist Bow OgreFX Coat
7294,White 蘭・Bow 鬼G Coat,White Orchid Bow Demon G Coat
7295,White 蘭・Bow 鬼GF Coat,White Orchid Bow Demon GF Coat
7296,White 蘭・Bow 鬼GX Coat,White Orchid Bow Ogre GX Coat
7297,月夜・Bow 鬼G Coat,Moonlit Night Bow OgreG Coat
7298,月夜・Bow 鬼GF Coat,Moonlit Bow Ogre GF Coat
7299,月夜・Bow 鬼GX Coat,Moonlit Bow Ogre GX Coat
7300,Crimson 霞・Bow 鬼G Coat,Crimson Mist Bow OgreG Coat
7301,Crimson 霞・Bow 鬼GF Coat,Crimson Mist Bow Oni GF Coat
7302,Crimson 霞・Bow 鬼GX Coat,Crimson Mist Bow Oni GX Coat
7303,Green 穹・Bow 鬼G Coat,Green Sky Bow Demon G Coat
7304,Green 穹・Bow 鬼GF Coat,Green Sky Bow Demon GF Coat
7305,Green 穹・Bow 鬼GX Coat,Green Sky Bow Ogre GX Coat
7306,Flight Obi・White,Flight Obi White
7307,Flight Obi F・White,Flight Obi F White
7308,Flight Obi FZ・White,Flight Obi FZ White
7309,Flight Obi HS・White,Flight Obi HS White
7310,Flight Obi GS・White,Flight Obi GS White
7311,Flight Obi GP・White,Flight Obi GP White
7312,Flight Cloth・White,Flight Cloth White
7313,Flight Cloth F・White,Flight Cloth F White
7314,Flight Cloth FZ・White,Flight Cloth FZ White
7315,Flight Cloth HS・White,Flight Cloth HS White
7316,Flight Cloth GS・White,Flight Cloth GS White
7317,Flight Cloth GP・White,Flight Cloth GP White
7318,Flight Obi・Red,Flight Obi Red
7319,Flight Obi F・Red,Flight Obi F Red
7320,Flight Obi FZ・Red,Flight Obi FZ Red
7321,Flight Obi HS・Red,Flight Obi HS Red
7322,Flight Obi GS・Red,Flight Obi GS Red
7323,Flight Obi GP・Red,Flight Obi GP Red
7324,Flight Cloth・Red,Flight Cloth Red
7325,Flight Cloth F・Red,Flight Cloth F Red
7326,Flight Cloth FZ・Red,Flight Cloth FZ Red
7327,Flight Cloth HS・Red,Flight Cloth HS Red
7328,Flight Cloth GS・Red,Flight Cloth GS Red
7329,Flight Cloth GP・Red,Flight Cloth GP Red
7330,Flight Obi・Tea,Flight Obi Tea
7331,Flight Obi F・Tea,Flight Obi F Tea
7332,Flight Obi FZ・Tea,Flight Obi FZ Tea
7333,Flight Obi HS・Tea,Flight Obi HS Tea
7334,Flight Obi GS・Tea,Flight Obi GS Tea
7335,Flight Obi GP・Tea,Flight Obi GP Tea
7336,Flight Cloth・Tea,Flight Cloth Tea
7337,Flight Cloth F・Tea,Flight Cloth F Tea
7338,Flight Cloth FZ・Tea,Flight Cloth FZ Tea
7339,Flight Cloth HS・Tea,Flight Cloth HS Tea
7340,Flight Cloth GS・Tea,Flight Cloth GS Tea
7341,Flight Cloth GP・Tea,Flight Cloth GP Tea
7342,Flight Obi・Blue,Flight Obi Blue
7343,Flight Obi F・Blue,Flight Obi F Blue
7344,Flight Obi FZ・Blue,Flight Obi FZ Blue
7345,Flight Obi HS・Blue,Flight Obi HS Blue
7346,Flight Obi GS・Blue,Flight Obi GS Blue
7347,Flight Obi GP・Blue,Flight Obi GP Blue
7348,Flight Cloth・Blue,Flight Cloth Blue
7349,Flight Cloth F・Blue,Flight Cloth F Blue
7350,Flight Cloth FZ・Blue,Flight Cloth FZ Blue
7351,Flight Cloth HS・Blue,Flight Cloth HS Blue
7352,Flight Cloth GS・Blue,Flight Cloth GS Blue
7353,Flight Cloth GP・Blue,Flight Cloth GP Blue
7354,Naga Coil・Blue,Naga Coil Blue
7355,Naga F Coil・Blue,Naga F Coil Blue
7356,Naga FZ Coil・Blue,Naga FZ Coil Blue
7357,Naga HS Coil・Blue,Naga HS Coil Blue
7358,Naga GS Coil・Blue,Naga GS Coil Blue
7359,Naga GP Coil・Blue,Naga GP Coil Blue
7360,Naga Coat・Blue,Naga Coat Blue
7361,Naga F Coat・Blue,Naga F Coat Blue
7362,Naga FZ Coat・Blue,Naga FZ Coat Blue
7363,Naga HS Coat・Blue,Naga HS Coat Blue
7364,Naga GS Coat・Blue,Naga GS Coat Blue
7365,Naga GP Coat・Blue,Naga GP Coat Blue
7366,Naga Coil・Red,Naga Coil Red
7367,Naga F Coil・Red,Naga F Coil Red
7368,Naga FZ Coil・Red,Naga FZ Coil Red
7369,Naga HS Coil・Red,Naga HS Coil Red
7370,Naga GS Coil・Red,Naga GS Coil Red
7371,Naga GP Coil・Red,Naga GP Coil Red
7372,Naga Coat・Red,Naga Coat Red
7373,Naga F Coat・Red,Naga F Coat Red
7374,Naga FZ Coat・Red,Naga FZ Coat Red
7375,Naga HS Coat・Red,Naga HS Coat Red
7376,Naga GS Coat・Red,Naga GS Coat Red
7377,Naga GP Coat・Red,Naga GP Coat Red
7378,Naga Coil・White,Naga Coil White
7379,Naga F Coil・White,Naga F Coil White
7380,Naga FZ Coil・White,Naga FZ Coil White
7381,Naga HS Coil・White,Naga HS Coil White
7382,Naga GS Coil・White,Naga GS Coil White
7383,Naga GP Coil・White,Naga GP Coil White
7384,Naga Coat・White,Naga Coat White
7385,Naga F Coat・White,Naga F Coat White
7386,Naga FZ Coat・White,Naga FZ Coat White
7387,Naga HS Coat・White,Naga HS Coat White
7388,Naga GS Coat・White,Naga GS Coat White
7389,Naga GP Coat・White,Naga GP Coat White
7390,Naga Coil・Black,Naga Coil Black
7391,Naga F Coil・Black,Naga F Coil Black
7392,Naga FZ Coil・Black,Naga FZ Coil Black
7393,Naga HS Coil・Black,Naga HS Coil Black
7394,Naga GS Coil・Black,Naga GS Coil Black
7395,Naga GP Coil・Black,Naga GP Coil Black
7396,Naga Coat・Black,Naga Coat Black
7397,Naga F Coat・Black,Naga F Coat Black
7398,Naga FZ Coat・Black,Naga FZ Coat Black
7399,Naga HS Coat・Black,Naga HS Coat Black
7400,Naga GS Coat・Black,Naga GS Coat Black
7401,Naga GP Coat・Black,Naga GP Coat Black
7402,Dawnbreak Obi,
7403,Dawnbreak Obi・F,Dawnbreak Obi F
7404,Dawnbreak Obi・FZ,Dawnbreak Obi FZ
7405,Dawnbreak Obi・HS,Dawnbreak Obi HS
7406,Dawnbreak Obi・GS,Dawnbreak Obi GS
7407,Dawnbreak Obi・GP,Dawnbreak Obi GP
7408,Dawnbreak Cloth,
7409,Dawnbreak Cloth・F,Dawnbreak Cloth F
7410,Dawnbreak Cloth・FZ,Dawnbreak Cloth FZ
7411,Dawnbreak Cloth・HS,Dawnbreak Cloth HS
7412,Dawnbreak Cloth・GS,Dawnbreak Cloth GS
7413,Dawnbreak Cloth・GP,Dawnbreak Cloth GP
7414,Zuibei Navel,
7415,Zuibei F Navel,
7416,Zuibei FZ Navel,
7417,Zuibei HS Navel,
7418,Zuibei GS Navel,
7419,Zuibei GP Navel,
7420,Zuibei Belly,
7421,Zuibei F Belly,
7422,Zuibei FZ Belly,
7423,Zuibei HS Belly,
7424,Zuibei GS Belly,
7425,Zuibei GP Belly,
7426,Oyun Coil・Blue,Oyun Coil Blue
7427,Oyun F Coil・Blue,Oyun F Coil Blue
7428,Oyun FZ Coil・Blue,Oyun FZ Coil Blue
7429,Oyun HS Coil・Blue,Oyun HS Coil Blue
7430,Oyun GS Coil・Blue,Oyun GS Coil Blue
7431,Oyun GP Coil・Blue,Oyun GP Coil Blue
7432,Oyun Coat・Blue,Oyun Coat Blue
7433,Oyun F Coat・Blue,Oyun F Coat Blue
7434,Oyun FZ Coat・Blue,Oyun FZ Coat Blue
7435,Oyun HS Coat・Blue,Oyun HS Coat Blue
7436,Oyun GS Coat・Blue,Oyun GS Coat Blue
7437,Oyun GP Coat・Blue,Oyun GP Coat Blue
7438,Oyun Coil・Red,Oyun Coil Red
7439,Oyun F Coil・Red,Oyun F Coil Red
7440,Oyun FZ Coil・Red,Oyun FZ Coil Red
7441,Oyun HS Coil・Red,Oyun HS Coil Red
7442,Oyun GS Coil・Red,Oyun GS Coil Red
7443,Oyun GP Coil・Red,Oyun GP Coil Red
7444,Oyun Coat・Red,Oyun Coat Red
7445,Oyun F Coat・Red,Oyun F Coat Red
7446,Oyun FZ Coat・Red,Oyun FZ Coat Red
7447,Oyun HS Coat・Red,Oyun HS Coat Red
7448,Oyun GS Coat・Red,Oyun GS Coat Red
7449,Oyun GP Coat・Red,Oyun GP Coat Red
7450,Oyun Coil・Black,Oyun Coil Black
7451,Oyun F Coil・Black,Oyun F Coil Black
7452,Oyun FZ Coil・Black,Oyun FZ Coil Black
7453,Oyun HS Coil・Black,Oyun HS Coil Black
7454,Oyun GS Coil・Black,Oyun GS Coil Black
7455,Oyun GP Coil・Black,Oyun GP Coil Black
7456,Oyun Coat・Black,Oyun Coat Black
7457,Oyun F Coat・Black,Oyun F Coat Black
7458,Oyun FZ Coat・Black,Oyun FZ Coat Black
7459,Oyun HS Coat・Black,Oyun HS Coat Black
7460,Oyun GS Coat・Black,Oyun GS Coat Black
7461,Oyun GP Coat・Black,Oyun GP Coat Black
7462,Oyun Coil・White,Oyun Coil White
7463,Oyun F Coil・White,Oyun F Coil White
7464,Oyun FZ Coil・White,Oyun FZ Coil White
7465,Oyun HS Coil・White,Oyun HS Coil White
7466,Oyun GS Coil・White,Oyun GS Coil White
7467,Oyun GP Coil・White,Oyun GP Coil White
7468,Oyun Coat・White,Oyun Coat White
7469,Oyun F Coat・White,Oyun F Coat White
7470,Oyun FZ Coat・White,Oyun FZ Coat White
7471,Oyun HS Coat・White,Oyun HS Coat White
7472,Oyun GS Coat・White,Oyun GS Coat White
7473,Oyun GP Coat・White,Oyun GP Coat White
7474,Ash Coil・Red,Ash Coil Red
7475,Ash F Coil・Red,Ash F Coil Red
7476,Ash FZ Coil・Red,Ash FZ Coil Red
7477,Ash HS Coil・Red,Ash HS Coil Red
7478,Ash GS Coil・Red,Ash GS Coil Red
7479,Ash GP Coil・Red,Ash GP Coil Red
7480,Ash Coat・Red,Ash Coat Red
7481,Ash F Coat・Red,Ash F Coat Red
7482,Ash FZ Coat・Red,Ash FZ Coat Red
7483,Ash HS Coat・Red,Ash HS Coat Red
7484,Ash GS Coat・Red,Ash GS Coat Red
7485,Ash GP Coat・Red,Ash GP Coat Red
7486,Ash Coil・Blue,Ash Coil Blue
7487,Ash F Coil・Blue,Ash F Coil Blue
7488,Ash FZ Coil・Blue,Ash FZ Coil Blue
7489,Ash HS Coil・Blue,Ash HS Coil Blue
7490,Ash GS Coil・Blue,Ash GS Coil Blue
7491,Ash GP Coil・Blue,Ash GP Coil Blue
7492,Ash Coat・Blue,Ash Coat Blue
7493,Ash F Coat・Blue,Ash F Coat Blue
7494,Ash FZ Coat・Blue,Ash FZ Coat Blue
7495,Ash HS Coat・Blue,Ash HS Coat Blue
7496,Ash GS Coat・Blue,Ash GS Coat Blue
7497,Ash GP Coat・Blue,Ash GP Coat Blue
7498,Ash Coil・White,Ash Coil White
7499,Ash F Coil・White,Ash F Coil White
7500,Ash FZ Coil・White,Ash FZ Coil White
7501,Ash HS Coil・White,Ash HS Coil White
7502,Ash GS Coil・White,Ash GS Coil White
7503,Ash GP Coil・White,Ash GP Coil White
7504,Ash Coat・White,Ash Coat White
7505,Ash F Coat・White,Ash F Coat White
7506,Ash FZ Coat・White,Ash FZ Coat White
7507,Ash HS Coat・White,Ash HS Coat White
7508,Ash GS Coat・White,Ash GS Coat White
7509,Ash GP Coat・White,Ash GP Coat White
7510,Ash Coil・Black,Ash Coil Black
7511,Ash F Coil・Black,Ash F Coil Black
7512,Ash FZ Coil・Black,Ash FZ Coil Black
7513,Ash HS Coil・Black,Ash HS Coil Black
7514,Ash GS Coil・Black,Ash GS Coil Black
7515,Ash GP Coil・Black,Ash GP Coil Black
7516,Ash Coat・Black,Ash Coat Black
7517,Ash F Coat・Black,Ash F Coat Black
7518,Ash FZ Coat・Black,Ash FZ Coat Black
7519,Ash HS Coat・Black,Ash HS Coat Black
7520,Ash GS Coat・Black,Ash GS Coat Black
7521,Ash GP Coat・Black,Ash GP Coat Black
7522,Pistis GP Coil,
7523,Pistis GP Coat,
7524,Blink HS Belt,
7525,Blink GS Belt,
7526,Blink GP Belt,
7527,Blink HS Coat,
7528,Blink GS Coat,
7529,Blink GP Coat,
7530,Ukon GP Belt,
7531,Ukon GPバックル,Ukon GP Buckle
7532,ロットGP Belt,Lot GP Belt
7533,ロットGPバックル,Lot GP Buckle
7534,Arge HS Coil,
7535,Arge GS Coil,
7536,Arge GP Coil,
7537,Arge HS Coat,
7538,Arge GS Coat,
7539,Arge GP Coat,
7540,Camarera HS Coil,
7541,Camarera GS Coil,
7542,Camarera GP Coil,
7543,Camarera HS Coat,
7544,Camarera GS Coat,
7545,Camarera GP Coat,
7546,Metenera HS Coil,
7547,Metenera GS Coil,
7548,Metenera GP Coil,
7549,Metenera HS Coat,
7550,Metenera GS Coat,
7551,Metenera GP Coat,
7552,Abitto HS Coil,
7553,Abitto GS Coil,
7554,Abitto GP Coil,
7555,Abitto HS Coat,
7556,Abitto GS Coat,
7557,Abitto GP Coat,
7558,Riburi HS Coil,
7559,Riburi GS Coil,
7560,Riburi GP Coil,
7561,Riburi HS Coat,
7562,Riburi GS Coat,
7563,Riburi GP Coat,
7564,Jess G Faulds,
7565,Jess GF Faulds,
7566,Jess GX Faulds,
7567,Jess G Coat,
7568,Jess GF Coat,
7569,Jess GX Coat,
7570,Tangusu G Coil,
7571,Tangusu GF Coil,
7572,Tangusu GX Coil,
7573,Kobaruta G Belt,
7574,Kobaruta GF Belt,
7575,Kobaruta GX Belt,
7576,Breo G Faulds,
7577,Breo GF Faulds,
7578,Breo GX Faulds,
7579,Harokyu Coil,
7580,Harokyu F Coil,
7581,Harokyu FY Coil,
7582,Harokyu HS Coil,
7583,Harokyu G Coil,
7584,Harokyu GF Coil,
7585,Harokyu GX Coil,
7586,Brooke Faulds,
7587,Brooke F Faulds,
7588,Brooke FY Faulds,
7589,Brooke HS Faulds,
7590,Brooke G Faulds,
7591,Brooke GF Faulds,
7592,Brooke GX Faulds,
7593,Brooke Coat,
7594,Brooke F Coat,
7595,Brooke FY Coat,
7596,Brooke HS Coat,
7597,Brooke G Coat,
7598,Brooke GF Coat,
7599,Brooke GX Coat,
7600,Pale Sakura 【 Obi 】,
7601,Pale Sakura F【 Obi 】,
7602,Pale Sakura FY【 Obi 】,
7603,Pale Sakura HS【 Obi 】,
7604,Pale Sakura G【 Obi 】,
7605,Pale Sakura GF【 Obi 】,
7606,Pale Sakura GX【 Obi 】,
7607,Sakura Cloud 【 Obi 】,
7608,Sakura Cloud F【 Obi 】,
7609,Sakura Cloud FY【 Obi 】,
7610,Sakura Cloud HS【 Obi 】,
7611,Sakura Cloud G【 Obi 】,
7612,Sakura Cloud GF【 Obi 】,
7613,Sakura Cloud GX【 Obi 】,
7614,Kinioru Faulds,
7615,Kinioru F Faulds,
7616,Kinioru FY Faulds,
7617,Kinioru HS Faulds,
7618,Kinioru G Faulds,
7619,Kinioru GF Faulds,
7620,Kinioru GX Faulds,
7621,Kinioru Coat,
7622,Kinioru F Coat,
7623,Kinioru FY Coat,
7624,Kinioru HS Coat,
7625,Kinioru G Coat,
7626,Kinioru GF Coat,
7627,Kinioru GX Coat,
7628,Kaioru Faulds,
7629,Kaioru F Faulds,
7630,Kaioru FY Faulds,
7631,Kaioru HS Faulds,
7632,Kaioru G Faulds,
7633,Kaioru GF Faulds,
7634,Kaioru GX Faulds,
7635,Kaioru Coat,
7636,Kaioru F Coat,
7637,Kaioru FY Coat,
7638,Kaioru HS Coat,
7639,Kaioru G Coat,
7640,Kaioru GF Coat,
7641,Kaioru GX Coat,
7642,Yurisu Faulds,
7643,Yurisu F Faulds,
7644,Yurisu FY Faulds,
7645,Yurisu HS Faulds,
7646,Yurisu G Faulds,
7647,Yurisu GF Faulds,
7648,Yurisu GX Faulds,
7649,Yurisu Coat,
7650,Yurisu F Coat,
7651,Yurisu FY Coat,
7652,Yurisu HS Coat,
7653,Yurisu G Coat,
7654,Yurisu GF Coat,
7655,Yurisu GX Coat,
7656,Desordre Faulds,
7657,Desordre F Faulds,
7658,Desordre FY Faulds,
7659,Desordre HS Faulds,
7660,Desordre G Faulds,
7661,Desordre GF Faulds,
7662,Desordre GX Faulds,
7663,Desordre Coat,
7664,Desordre F Coat,
7665,Desordre FY Coat,
7666,Desordre HS Coat,
7667,Desordre G Coat,
7668,Desordre GF Coat,
7669,Desordre GX Coat,
7670,Carmine Coil Black,
7671,Carmine F Coil Black,
7672,Carmine FZ Coil Black,
7673,Carmine HS Coil Black,
7674,Carmine GS Coil Black,
7675,Carmine GP Coil Black,
7676,Carmine Belt Black,
7677,Carmine F Belt Black,
7678,Carmine FZ Belt Black,
7679,Carmine HS Belt Black,
7680,Carmine GS Belt Black,
7681,Carmine GP Belt Black,
7682,Carmine Coil Blue,
7683,Carmine F Coil Blue,
7684,Carmine FZ Coil Blue,
7685,Carmine HS Coil Blue,
7686,Carmine GS Coil Blue,
7687,Carmine GP Coil Blue,
7688,Carmine Belt Blue,
7689,Carmine F Belt Blue,
7690,Carmine FZ Belt Blue,
7691,Carmine HS Belt Blue,
7692,Carmine GS Belt Blue,
7693,Carmine GP Belt Blue,
7694,Carmine Coil Purple,
7695,Carmine F Coil Purple,
7696,Carmine FZ Coil Purple,
7697,Carmine HS Coil Purple,
7698,Carmine GS Coil Purple,
7699,Carmine GP Coil Purple,
7700,Carmine Belt Purple,
7701,Carmine F Belt Purple,
7702,Carmine FZ Belt Purple,
7703,Carmine HS Belt Purple,
7704,Carmine GS Belt Purple,
7705,Carmine GP Belt Purple,
7706,Carmine Coil White,
7707,Carmine F Coil White,
7708,Carmine FZ Coil White,
7709,Carmine HS Coil White,
7710,Carmine GS Coil White,
7711,Carmine GP Coil White,
7712,Carmine Belt White,
7713,Carmine F Belt White,
7714,Carmine FZ Belt White,
7715,Carmine HS Belt White,
7716,Carmine GS Belt White,
7717,Carmine GP Belt White,
7718,Ryu Waist・Red,Ryu Waist Red
7719,Ryu F Waist・Red,Ryu F Waist Red
7720,Ryu FZ Waist・Red,Ryu FZ Waist Red
7721,Ryu HS Waist・Red,Ryu HS Waist Red
7722,Ryu GS Waist・Red,Ryu GS Waist Red
7723,Ryu GP Waist・Red,Ryu GP Waist Red
7724,Ryu Belt・Red,Ryu Belt Red
7725,Ryu F Belt・Red,Ryu F Belt Red
7726,Ryu FZ Belt・Red,Ryu FZ Belt Red
7727,Ryu HS Belt・Red,Ryu HS Belt Red
7728,Ryu GS Belt・Red,Ryu GS Belt Red
7729,Ryu GP Belt・Red,Ryu GP Belt Red
7730,Ryu Waist・Blue,Ryu Waist Blue
7731,Ryu F Waist・Blue,Ryu F Waist Blue
7732,Ryu FZ Waist・Blue,Ryu FZ Waist Blue
7733,Ryu HS Waist・Blue,Ryu HS Waist Blue
7734,Ryu GS Waist・Blue,Ryu GS Waist Blue
7735,Ryu GP Waist・Blue,Ryu GP Waist Blue
7736,Ryu Belt・Blue,Ryu Belt Blue
7737,Ryu F Belt・Blue,Ryu F Belt Blue
7738,Ryu FZ Belt・Blue,Ryu FZ Belt Blue
7739,Ryu HS Belt・Blue,Ryu HS Belt Blue
7740,Ryu GS Belt・Blue,Ryu GS Belt Blue
7741,Ryu GP Belt・Blue,Ryu GP Belt Blue
7742,Ryu Waist・Orange,Ryu Waist Orange
7743,Ryu F Waist・Orange,Ryu F Waist Orange
7744,Ryu FZ Waist・Orange,Ryu FZ Waist Orange
7745,Ryu HS Waist・Orange,Ryu HS Waist Orange
7746,Ryu GS Waist・Orange,Ryu GS Waist Orange
7747,Ryu GP Waist・Orange,Ryu GP Waist Orange
7748,Ryu Belt・Orange,Ryu Belt Orange
7749,Ryu F Belt・Orange,Ryu F Belt Orange
7750,Ryu FZ Belt・Orange,Ryu FZ Belt Orange
7751,Ryu HS Belt・Orange,Ryu HS Belt Orange
7752,Ryu GS Belt・Orange,Ryu GS Belt Orange
7753,Ryu GP Belt・Orange,Ryu GP Belt Orange
7754,Ryu Waist・Yellow,Ryu Waist Yellow
7755,Ryu F Waist・Yellow,Ryu F Waist Yellow
7756,Ryu FZ Waist・Yellow,Ryu FZ Waist Yellow
7757,Ryu HS Waist・Yellow,Ryu HS Waist Yellow
7758,Ryu GS Waist・Yellow,Ryu GS Waist Yellow
7759,Ryu GP Waist・Yellow,Ryu GP Waist Yellow
7760,Ryu Belt・Yellow,Ryu Belt Yellow
7761,Ryu F Belt・Yellow,Ryu F Belt Yellow
7762,Ryu FZ Belt・Yellow,Ryu FZ Belt Yellow
7763,Ryu HS Belt・Yellow,Ryu HS Belt Yellow
7764,Ryu GS Belt・Yellow,Ryu GS Belt Yellow
7765,Ryu GP Belt・Yellow,Ryu GP Belt Yellow
7766,Carriage Coil,
7767,Carriage F Coil,
7768,Carriage FZ Coil,
7769,Carriage HS Coil,
7770,Carriage GS Coil,
7771,Carriage GP Coil,
7772,Marble Coil,
7773,Marble F Coil,
7774,Marble FZ Coil,
7775,Marble HS Coil,
7776,Marble GS Coil,
7777,Marble GP Coil,
7778,Shandy Coil,
7779,Shandy F Coil,
7780,Shandy FZ Coil,
7781,Shandy HS Coil,
7782,Shandy GS Coil,
7783,Shandy GP Coil,
7784,Shandy Coat,
7785,Shandy F Coat,
7786,Shandy FZ Coat,
7787,Shandy HS Coat,
7788,Shandy GS Coat,
7789,Shandy GP Coat,
7790,Banquet Coil,
7791,Banquet F Coil,
7792,Banquet FZ Coil,
7793,Banquet HS Coil,
7794,Banquet GS Coil,
7795,Banquet GP Coil,
7796,ヴェラン Coil,Vellan Coil
7797,ヴェランF Coil,Vellan F Coil
7798,ヴェランFZ Coil,Vellan FZ Coil
7799,ヴェランHS Coil,Velan HS Coil
7800,ヴェランGS Coil,Velan GS Coil
7801,ヴェランGP Coil,Velan GP Coil
7802,ランデグ Coil,Landeg Coil
7803,ランデグF Coil,LandegF Coil
7804,ランデグFZ Coil,Randeg FZ Coil
7805,ランデグHS Coil,Randeg HS Coil
7806,ランデグGS Coil,Randeg GS Coil
7807,ランデグGP Coil,Randeg GP Coil
7808,ランデグ Coat,Landeg Coat
7809,ランデグF Coat,LandegF Coat
7810,ランデグFZ Coat,Randeg FZ Coat
7811,ランデグHS Coat,Randeg HS Coat
7812,ランデグGS Coat,Randeg GS Coat
7813,ランデグGP Coat,Randeg GP Coat
7814,Endre Coil,
7815,Endre F Coil,
7816,Endre FZ Coil,
7817,Endre HS Coil,
7818,Endre GS Coil,
7819,Endre GP Coil,
7820,Endre Coat,
7821,Endre F Coat,
7822,Endre FZ Coat,
7823,Endre HS Coat,
7824,Endre GS Coat,
7825,Endre GP Coat,
7826,Sagittario Coil Red,
7827,Sagittario F Coil Red,
7828,Sagittario FZ Coil Red,
7829,Sagittario HS Coil Red,
7830,Sagittario GS Coil Red,
7831,Sagittario GP Coil Red,
7832,Sagittario Belt Red,
7833,Sagittario F Belt Red,
7834,Sagittario FZ Belt Red,
7835,Sagittario HS Belt Red,
7836,Sagittario GS Belt Red,
7837,Sagittario GP Belt Red,
7838,Sagittario Coil Blue,
7839,Sagittario F Coil Blue,
7840,Sagittario FZ Coil Blue,
7841,Sagittario HS Coil Blue,
7842,Sagittario GS Coil Blue,
7843,Sagittario GP Coil Blue,
7844,Sagittario Belt Blue,
7845,Sagittario F Belt Blue,
7846,Sagittario FZ Belt Blue,
7847,Sagittario HS Belt Blue,
7848,Sagittario GS Belt Blue,
7849,Sagittario GP Belt Blue,
7850,Sagittario Coil Purple,
7851,Sagittario F Coil Purple,
7852,Sagittario FZ Coil Purple,
7853,Sagittario HS Coil Purple,
7854,Sagittario GS Coil Purple,
7855,Sagittario GP Coil Purple,
7856,Sagittario Belt Purple,
7857,Sagittario F Belt Purple,
7858,Sagittario FZ Belt Purple,
7859,Sagittario HS Belt Purple,
7860,Sagittario GS Belt Purple,
7861,Sagittario GP Belt Purple,
7862,Sagittario Coil Green,
7863,Sagittario F Coil Green,
7864,Sagittario FZ Coil Green,
7865,Sagittario HS Coil Green,
7866,Sagittario GS Coil Green,
7867,Sagittario GP Coil Green,
7868,Sagittario Belt Green,
7869,Sagittario F Belt Green,
7870,Sagittario FZ Belt Green,
7871,Sagittario HS Belt Green,
7872,Sagittario GS Belt Green,
7873,Sagittario GP Belt Green,
7874,Nina Waist・Red,Nina Waist Red
7875,Nina F Waist・Red,Nina F Waist Red
7876,Nina FZ Waist・Red,Nina FZ Waist Red
7877,Nina HS Waist・Red,Nina HS Waist Red
7878,Nina GS Waist・Red,Nina GS Waist Red
7879,Nina GP Waist・Red,Nina GP Waist Red
7880,Nina Belt・Red,Nina Belt Red
7881,Nina F Belt・Red,Nina F Belt Red
7882,Nina FZ Belt・Red,Nina FZ Belt Red
7883,Nina HS Belt・Red,Nina HS Belt Red
7884,Nina GS Belt・Red,Nina GS Belt Red
7885,Nina GP Belt・Red,Nina GP Belt Red
7886,Nina Waist・Green,Nina Waist Green
7887,Nina F Waist・Green,Nina F Waist Green
7888,Nina FZ Waist・Green,Nina FZ Waist Green
7889,Nina HS Waist・Green,Nina HS Waist Green
7890,Nina GS Waist・Green,Nina GS Waist Green
7891,Nina GP Waist・Green,Nina GP Waist Green
7892,Nina Belt・Green,Nina Belt Green
7893,Nina F Belt・Green,Nina F Belt Green
7894,Nina FZ Belt・Green,Nina FZ Belt Green
7895,Nina HS Belt・Green,Nina HS Belt Green
7896,Nina GS Belt・Green,Nina GS Belt Green
7897,Nina GP Belt・Green,Nina GP Belt Green
7898,Nina Waist・Peach,Nina Waist Peach
7899,Nina F Waist・Peach,Nina F Waist Peach
7900,Nina FZ Waist・Peach,Nina FZ Waist Peach
7901,Nina HS Waist・Peach,Nina HS Waist Peach
7902,Nina GS Waist・Peach,Nina GS Waist Peach
7903,Nina GP Waist・Peach,Nina GP Waist Peach
7904,Nina Belt・Peach,Nina Belt Peach
7905,Nina F Belt・Peach,Nina F Belt Peach
7906,Nina FZ Belt・Peach,Nina FZ Belt Peach
7907,Nina HS Belt・Peach,Nina HS Belt Peach
7908,Nina GS Belt・Peach,Nina GS Belt Peach
7909,Nina GP Belt・Peach,Nina GP Belt Peach
7910,Nina Waist・Blue,Nina Waist Blue
7911,Nina F Waist・Blue,Nina F Waist Blue
7912,Nina FZ Waist・Blue,Nina FZ Waist Blue
7913,Nina HS Waist・Blue,Nina HS Waist Blue
7914,Nina GS Waist・Blue,Nina GS Waist Blue
7915,Nina GP Waist・Blue,Nina GP Waist Blue
7916,Nina Belt・Blue,Nina Belt Blue
7917,Nina F Belt・Blue,Nina F Belt Blue
7918,Nina FZ Belt・Blue,Nina FZ Belt Blue
7919,Nina HS Belt・Blue,Nina HS Belt Blue
7920,Nina GS Belt・Blue,Nina GS Belt Blue
7921,Nina GP Belt・Blue,Nina GP Belt Blue
7922,Harze Belt,
7923,Harze F Belt,
7924,Harze FZ Belt,
7925,Harze HS Belt,
7926,Harze GS Belt,
7927,Harze GP Belt,
7928,Harze Coat,
7929,Harze F Coat,
7930,Harze FZ Coat,
7931,Harze HS Coat,
7932,Harze GS Coat,
7933,Harze GP Coat,
7934,Kuaru G Faulds,
7935,Kuaru GF Faulds,
7936,Kuaru GX Faulds,
7937,Kuaru G Coat,
7938,Kuaru GF Coat,
7939,Kuaru GX Coat,
7940,Empress G Coil,
7941,Empress GF Coil,
7942,Empress GX Coil,
7943,Empress G Coat,
7944,Empress GF Coat,
7945,Empress GX Coat,
7946,Wound Song G【腰当て】,Wound Song G [Waist]
7947,Wound Song GF【腰当て】,Wound Song GF [Waist]
7948,Wound Song GX【腰当て】,Wound Song GX [Waist]
7949,Motion Song G【腰当て】,Motion Song G[Waist]
7950,Motion Song GF【腰当て】,Motion Song GF[Waist]
7951,Motion Song GX【腰当て】,Motion Song GX[Waist]
7952,Pobo Faulds,
7953,Pobo F Faulds,
7954,Pobo FX Faulds,
7955,Pobo G Faulds,
7956,Pobo GF Faulds,
7957,Pobo Coat,
7958,Pobo F Coat,
7959,Pobo FX Coat,
7960,Pobo G Coat,
7961,Pobo GF Coat,
7962,Rath Soul G Coil,
7963,Rath Soul GF Coil,
7964,Rath Soul GX Coil,
7965,Rath Soul G Coat,
7966,Rath Soul GF Coat,
7967,Rath Soul GX Coat,
7968,Rath Heart G Coil,
7969,Rath Heart GF Coil,
7970,Rath Heart GX Coil,
7971,Rath Heart G Coat,
7972,Rath Heart GF Coat,
7973,Rath Heart GX Coat,
7974,Shatemu Waist,
7975,Shatemu F Waist,
7976,Shatemu FZ Waist,
7977,Shatemu HS Waist,
7978,Shatemu GS Waist,
7979,Shatemu GP Waist,
7980,Shatemu Coat,
7981,Shatemu F Coat,
7982,Shatemu FZ Coat,
7983,Shatemu HS Coat,
7984,Shatemu GS Coat,
7985,Shatemu GP Coat,
7986,Hevria Waist,
7987,Hevria F Waist,
7988,Hevria FZ Waist,
7989,Hevria HS Waist,
7990,Hevria GS Waist,
7991,Hevria GP Waist,
7992,Hevria Coat,
7993,Hevria F Coat,
7994,Hevria FZ Coat,
7995,Hevria HS Coat,
7996,Hevria GS Coat,
7997,Hevria GP Coat,
7998,Tiuru Waist,
7999,Tiuru F Waist,
8000,Tiuru FZ Waist,
8001,Tiuru HS Waist,
8002,Tiuru GS Waist,
8003,Tiuru GP Waist,
8004,Tiuru Coat,
8005,Tiuru F Coat,
8006,Tiuru FZ Coat,
8007,Tiuru HS Coat,
8008,Tiuru GS Coat,
8009,Tiuru GP Coat,
8010,Bande Coil・Blue,Bande Coil Blue
8011,Bande F Coil・Blue,Bande F Coil Blue
8012,Bande FZ Coil・Blue,Bande FZ Coil Blue
8013,Bande HS Coil・Blue,Bande HS Coil Blue
8014,Bande GS Coil・Blue,Bande GS Coil Blue
8015,Bande GP Coil・Blue,Bande GP Coil Blue
8016,Bande Coat・Blue,Bande Coat Blue
8017,Bande F Coat・Blue,Bande F Coat Blue
8018,Bande FZ Coat・Blue,Bande FZ Coat Blue
8019,Bande HS Coat・Blue,Bande HS Coat Blue
8020,Bande GS Coat・Blue,Bande GS Coat Blue
8021,Bande GP Coat・Blue,Bande GP Coat Blue
8022,Bande Coil・Red,Bande Coil Red
8023,Bande F Coil・Red,Bande F Coil Red
8024,Bande FZ Coil・Red,Bande FZ Coil Red
8025,Bande HS Coil・Red,Bande HS Coil Red
8026,Bande GS Coil・Red,Bande GS Coil Red
8027,Bande GP Coil・Red,Bande GP Coil Red
8028,Bande Coat・Red,Bande Coat Red
8029,Bande F Coat・Red,Bande F Coat Red
8030,Bande FZ Coat・Red,Bande FZ Coat Red
8031,Bande HS Coat・Red,Bande HS Coat Red
8032,Bande GS Coat・Red,Bande GS Coat Red
8033,Bande GP Coat・Red,Bande GP Coat Red
8034,Bande Coil・Green,Bande Coil Green
8035,Bande F Coil・Green,Bande F Coil Green
8036,Bande FZ Coil・Green,Bande FZ Coil Green
8037,Bande HS Coil・Green,Bande HS Coil Green
8038,Bande GS Coil・Green,Bande GS Coil Green
8039,Bande GP Coil・Green,Bande GP Coil Green
8040,Bande Coat・Green,Bande Coat Green
8041,Bande F Coat・Green,Bande F Coat Green
8042,Bande FZ Coat・Green,Bande FZ Coat Green
8043,Bande HS Coat・Green,Bande HS Coat Green
8044,Bande GS Coat・Green,Bande GS Coat Green
8045,Bande GP Coat・Green,Bande GP Coat Green
8046,Bande Coil・Black,Bande Coil Black
8047,Bande F Coil・Black,Bande F Coil Black
8048,Bande FZ Coil・Black,Bande FZ Coil Black
8049,Bande HS Coil・Black,Bande HS Coil Black
8050,Bande GS Coil・Black,Bande GS Coil Black
8051,Bande GP Coil・Black,Bande GP Coil Black
8052,Bande Coat・Black,Bande Coat Black
8053,Bande F Coat・Black,Bande F Coat Black
8054,Bande FZ Coat・Black,Bande FZ Coat Black
8055,Bande HS Coat・Black,Bande HS Coat Black
8056,Bande GS Coat・Black,Bande GS Coat Black
8057,Bande GP Coat・Black,Bande GP Coat Black
8058,Tenpi ノ佩楯・Red,Tenpi's Haidate Red
8059,Tenpi ノ佩楯F・Red,Tenpi Waist F Red
8060,Tenpi ノ佩楯FZ・Red,Tenpi Waist FZ Red
8061,Tenpi ノ佩楯HS・Red,Tenpi Waist HS Red
8062,Tenpi ノ佩楯GS・Red,Tenpi Waist GS Red
8063,Tenpi ノ佩楯GP・Red,Tenpi Waist GP Red
8064,Tenpi ノ腰当て・Red,Tenpi Waist Red
8065,Tenpi ノ腰当てF・Red,Tenpi's Waist F Red
8066,Tenpi ノ腰当てFZ・Red,Tenpi's Waist FZ Red
8067,Tenpi ノ腰当てHS・Red,Tenpi Waist HS Red
8068,Tenpi ノ腰当てGS・Red,Tenpi Waist GS Red
8069,Tenpi ノ腰当てGP・Red,Tenpi's Waist GP Red
8070,Tenpi ノ佩楯・Blue,Tenpi's Haidate Blue
8071,Tenpi ノ佩楯F・Blue,Tenpi Waist F Blue
8072,Tenpi ノ佩楯FZ・Blue,Tenpi Waist FZ Blue
8073,Tenpi ノ佩楯HS・Blue,Tenpi Waist HS Blue
8074,Tenpi ノ佩楯GS・Blue,Tenpi Waist GS Blue
8075,Tenpi ノ佩楯GP・Blue,Tenpi Waist GP Blue
8076,Tenpi ノ腰当て・Blue,Tenpi Waist Blue
8077,Tenpi ノ腰当てF・Blue,Tenpi's Waist F Blue
8078,Tenpi ノ腰当てFZ・Blue,Tenpi's Waist FZ Blue
8079,Tenpi ノ腰当てHS・Blue,Tenpi Waist HS Blue
8080,Tenpi ノ腰当てGS・Blue,Tenpi Waist GS Blue
8081,Tenpi ノ腰当てGP・Blue,Tenpi's Waist GP Blue
8082,Tenpi ノ佩楯・Black,Tenpi Waist Black
8083,Tenpi ノ佩楯F・Black,Tenpi Waist F Black
8084,Tenpi ノ佩楯FZ・Black,Tenpi Thigh Guard FZ Black
8085,Tenpi ノ佩楯HS・Black,Tenpi Waist HS Black
8086,Tenpi ノ佩楯GS・Black,Tenpi Waist GS Black
8087,Tenpi ノ佩楯GP・Black,Tenpi Waist GP Black
8088,Tenpi ノ腰当て・Black,Tenpi Waist Black
8089,Tenpi ノ腰当てF・Black,Tenpi's Waist F Black
8090,Tenpi ノ腰当てFZ・Black,Tenpi's Waist FZ Black
8091,Tenpi ノ腰当てHS・Black,Tenpi Waist HS Black
8092,Tenpi ノ腰当てGS・Black,Tenpi's Waist GS Black
8093,Tenpi ノ腰当てGP・Black,Tenpi's Waist GP Black
8094,Tenpi ノ佩楯・White,Tenpi's Haidate White
8095,Tenpi ノ佩楯F・White,Tenpi Waist F White
8096,Tenpi ノ佩楯FZ・White,Tenpi Waist FZ White
8097,Tenpi ノ佩楯HS・White,Tenpi Waist HS White
8098,Tenpi ノ佩楯GS・White,Tenpi Waist GS White
8099,Tenpi ノ佩楯GP・White,Tenpi Waist GP White
8100,Tenpi ノ腰当て・White,Tenpi Waist White
8101,Tenpi ノ腰当てF・White,Tenpi's Waist F White
8102,Tenpi ノ腰当てFZ・White,Tenpi's Waist FZ White
8103,Tenpi ノ腰当てHS・White,Tenpi Waist HS White
8104,Tenpi ノ腰当てGS・White,Tenpi Waist GS White
8105,Tenpi ノ腰当てGP・White,Tenpi's Waist GP White
8106,Tenpi Waistband・Red,Tenpi Waistband Red
8107,Tenpi Waistband F・Red,Tenpi Waistband F Red
8108,Tenpi Waistband FZ・Red,Tenpi Waistband FZ Red
8109,Tenpi Waistband HS・Red,Tenpi Waistband HS Red
8110,Tenpi Waistband GS・Red,Tenpi Waistband GS Red
8111,Tenpi Waistband GP・Red,Tenpi Waistband GP Red
8112,Tenpi Colour Belt・Red,Tenpi Colour Belt Red
8113,Tenpi Colour Belt F・Red,Tenpi Colour Belt F Red
8114,Tenpi Colour Belt FZ・Red,Tenpi Colour Belt FZ Red
8115,Tenpi Colour Belt HS・Red,Tenpi Colour Belt HS Red
8116,Tenpi Colour Belt GS・Red,Tenpi Colour Belt GS Red
8117,Tenpi Colour Belt GP・Red,Tenpi Colour Belt GP Red
8118,Tenpi Waistband・Blue,Tenpi Waistband Blue
8119,Tenpi Waistband F・Blue,Tenpi Waistband F Blue
8120,Tenpi Waistband FZ・Blue,Tenpi Waistband FZ Blue
8121,Tenpi Waistband HS・Blue,Tenpi Waistband HS Blue
8122,Tenpi Waistband GS・Blue,Tenpi Waistband GS Blue
8123,Tenpi Waistband GP・Blue,Tenpi Waistband GP Blue
8124,Tenpi Colour Belt・Blue,Tenpi Colour Belt Blue
8125,Tenpi Colour Belt F・Blue,Tenpi Colour Belt F Blue
8126,Tenpi Colour Belt FZ・Blue,Tenpi Colour Belt FZ Blue
8127,Tenpi Colour Belt HS・Blue,Tenpi Colour Belt HS Blue
8128,Tenpi Colour Belt GS・Blue,Tenpi Colour Belt GS Blue
8129,Tenpi Colour Belt GP・Blue,Tenpi Colour Belt GP Blue
8130,Tenpi Waistband・Black,Tenpi Waistband Black
8131,Tenpi Waistband F・Black,Tenpi Waistband F Black
8132,Tenpi Waistband FZ・Black,Tenpi Waistband FZ Black
8133,Tenpi Waistband HS・Black,Tenpi Waistband HS Black
8134,Tenpi Waistband GS・Black,Tenpi Waistband GS Black
8135,Tenpi Waistband GP・Black,Tenpi Waistband GP Black
8136,Tenpi Colour Belt・Black,Tenpi Colour Belt Black
8137,Tenpi Colour Belt F・Black,Tenpi Colour Belt F Black
8138,Tenpi Colour Belt FZ・Black,Tenpi Colour Belt FZ Black
8139,Tenpi Colour Belt HS・Black,Tenpi Colour Belt HS Black
8140,Tenpi Colour Belt GS・Black,Tenpi Colour Belt GS Black
8141,Tenpi Colour Belt GP・Black,Tenpi Colour Belt GP Black
8142,Tenpi Waistband・White,Tenpi Waistband White
8143,Tenpi Waistband F・White,Tenpi Waistband F White
8144,Tenpi Waistband FZ・White,Tenpi Waistband FZ White
8145,Tenpi Waistband HS・White,Tenpi Waistband HS White
8146,Tenpi Waistband GS・White,Tenpi Waistband GS White
8147,Tenpi Waistband GP・White,Tenpi Waistband GP White
8148,Tenpi Colour Belt・White,Tenpi Colour Belt White
8149,Tenpi Colour Belt F・White,Tenpi Colour Belt F White
8150,Tenpi Colour Belt FZ・White,Tenpi Colour Belt FZ White
8151,Tenpi Colour Belt HS・White,Tenpi Colour Belt HS White
8152,Tenpi Colour Belt GS・White,Tenpi Colour Belt GS White
8153,Tenpi Colour Belt GP・White,Tenpi Colour Belt GP White
8154,Ruban Waist,
8155,Ruban F Waist,
8156,Ruban FZ Waist,
8157,Ruban HS Waist,
8158,Ruban GS Waist,
8159,Ruban GP Waist,
8160,Ruban Belt,
8161,Ruban F Belt,
8162,Ruban FZ Belt,
8163,Ruban HS Belt,
8164,Ruban GS Belt,
8165,Ruban GP Belt,
8166,Orloj Waist,
8167,Orloj F Waist,
8168,Orloj FZ Waist,
8169,Orloj HS Waist,
8170,Orloj GS Waist,
8171,Orloj GP Waist,
8172,Orloj Coat,
8173,Orloj F Coat,
8174,Orloj FZ Coat,
8175,Orloj HS Coat,
8176,Orloj GS Coat,
8177,Orloj GP Coat,
8178,L'Amore Coil,
8179,L'Amore F Coil,
8180,L'Amore FZ Coil,
8181,L'Amore HS Coil,
8182,L'Amore GS Coil,
8183,L'Amore GP Coil,
8184,L'Amore Belt,
8185,L'Amore F Belt,
8186,L'Amore FZ Belt,
8187,L'Amore HS Belt,
8188,L'Amore GS Belt,
8189,L'Amore GP Belt,
8190,Dolce Coil,
8191,Dolce F Coil,
8192,Dolce FZ Coil,
8193,Dolce HS Coil,
8194,Dolce GS Coil,
8195,Dolce GP Coil,
8196,Dolce Coat,
8197,Dolce F Coat,
8198,Dolce FZ Coat,
8199,Dolce HS Coat,
8200,Dolce GS Coat,
8201,Dolce GP Coat,
8202,Bendi Faulds,
8203,Bendi F Faulds,
8204,Bendi FZ Faulds,
8205,Bendi HS Faulds,
8206,Bendi GS Faulds,
8207,Bendi GP Faulds,
8208,Bendi Coat,
8209,Bendi F Coat,
8210,Bendi FZ Coat,
8211,Bendi HS Coat,
8212,Bendi GS Coat,
8213,Bendi GP Coat,
8214,Revenants Navel,
8215,Revenants F Navel,
8216,Revenants FZ Navel,
8217,Revenants HS Navel,
8218,Revenants GS Navel,
8219,Revenants GP Navel,
8220,Revenants Belly,
8221,Revenants F Belly,
8222,Revenants FZ Belly,
8223,Revenants HS Belly,
8224,Revenants GS Belly,
8225,Revenants GP Belly,
8226,Lucis F Belt,
8227,Lucis HS Belt,
8228,Lucis GS Belt,
8229,Lucis GP Belt,
8230,Lucis F Pouch,
8231,Lucis HS Pouch,
8232,Lucis GS Pouch,
8233,Lucis GP Pouch,
8234,Risaaza HS Coil,
8235,Risaaza GS Coil,
8236,Risaaza GP Coil,
8237,Risaaza HS Coat,
8238,Risaaza GS Coat,
8239,Risaaza GP Coat,
8240,Anteka Faulds,
8241,Anteka F Faulds,
8242,Anteka FY Faulds,
8243,Anteka HS Faulds,
8244,Anteka G Faulds,
8245,Anteka GF Faulds,
8246,Anteka GX Faulds,
8247,Quoiz Coil,
8248,Quoiz F Coil,
8249,Quoiz FY Coil,
8250,Quoiz HS Coil,
8251,Quoiz G Coil,
8252,Quoiz GF Coil,
8253,Quoiz GX Coil,
8254,Quoiz Coat,
8255,Quoiz F Coat,
8256,Quoiz FY Coat,
8257,Quoiz HS Coat,
8258,Quoiz G Coat,
8259,Quoiz GF Coat,
8260,Quoiz GX Coat,
8261,Kalais Coil,
8262,Kalais F Coil,
8263,Kalais FY Coil,
8264,Kalais HS Coil,
8265,Kalais G Coil,
8266,Kalais GF Coil,
8267,Kalais GX Coil,
8268,Kalais Coat,
8269,Kalais F Coat,
8270,Kalais FY Coat,
8271,Kalais HS Coat,
8272,Kalais G Coat,
8273,Kalais GF Coat,
8274,Kalais GX Coat,
8275,Yoruti Faulds,
8276,Yoruti F Faulds,
8277,Yoruti FY Faulds,
8278,Yoruti HS Faulds,
8279,Yoruti G Faulds,
8280,Yoruti GF Faulds,
8281,Yoruti GX Faulds,
8282,Yoruti Coat,
8283,Yoruti F Coat,
8284,Yoruti FY Coat,
8285,Yoruti HS Coat,
8286,Yoruti G Coat,
8287,Yoruti GF Coat,
8288,Yoruti GX Coat,
8289,Haragan Faulds,
8290,Haragan F Faulds,
8291,Haragan FY Faulds,
8292,Haragan HS Faulds,
8293,Haragan G Faulds,
8294,Haragan GF Faulds,
8295,Haragan GX Faulds,
8296,Haragan Coat,
8297,Haragan F Coat,
8298,Haragan FY Coat,
8299,Haragan HS Coat,
8300,Haragan G Coat,
8301,Haragan GF Coat,
8302,Haragan GX Coat,
8303,Rios Faulds,
8304,Rios F Faulds,
8305,Rios FY Faulds,
8306,Rios HS Faulds,
8307,Rios G Faulds,
8308,Rios GF Faulds,
8309,Rios GX Faulds,
8310,Rios Coat,
8311,Rios F Coat,
8312,Rios FY Coat,
8313,Rios HS Coat,
8314,Rios G Coat,
8315,Rios GF Coat,
8316,Rios GX Coat,
8317,Mist 【 Obi 】,
8318,Mist F【 Obi 】,
8319,Mist FY【 Obi 】,
8320,Mist HS【 Obi 】,
8321,Mist G【 Obi 】,
8322,Mist GF【 Obi 】,
8323,Mist GX【 Obi 】,
8324,Fog 【 Obi 】,
8325,Fog F【 Obi 】,
8326,Fog FY【 Obi 】,
8327,Fog HS【 Obi 】,
8328,Fog G【 Obi 】,
8329,Fog GF【 Obi 】,
8330,Fog GX【 Obi 】,
8331,Rodokuru Faulds,
8332,Rodokuru F Faulds,
8333,Rodokuru FY Faulds,
8334,Rodokuru HS Faulds,
8335,Rodokuru G Faulds,
8336,Rodokuru GF Faulds,
8337,Rodokuru GX Faulds,
8338,Noir FY Faulds,
8339,Noir HS Faulds,
8340,Noir G Faulds,
8341,Noir GF Faulds,
8342,Noir GX Faulds,
8343,Demon Lord ノ虎布G,Demon Lord Tiger Cloth G
8344,Demon Lord ノ虎布GF,Demon Lord Tiger Cloth GF
8345,Demon Lord ノ虎布GX,Demon Lord Tiger Cloth GX
8346,童子ノ虎布G,Youth Tiger Cloth G
8347,童子ノ虎布GF,Youth Tiger Cloth GF
8348,童子ノ虎布GX,Youth Tiger Cloth GX
8349,Trume Coil,
8350,Trume F Coil,
8351,Trume FZ Coil,
8352,Trume HS Coil,
8353,Trume GS Coil,
8354,Trume GP Coil,
8355,Trume Coat,
8356,Trume F Coat,
8357,Trume FZ Coat,
8358,Trume HS Coat,
8359,Trume GS Coat,
8360,Trume GP Coat,
8361,Gogomoa G Faulds,
8362,Gogomoa GF Faulds,
8363,Gogomoa GX Faulds,
8364,Gogomoa G Coat,
8365,Gogomoa GF Coat,
8366,Gogomoa GX Coat,
8367,Varusa Faulds,
8368,Varusa F Faulds,
8369,Varusa FX Faulds,
8370,Varusa G Faulds,
8371,Varusa GF Faulds,
8372,Varusa Coat,
8373,Varusa F Coat,
8374,Varusa FX Coat,
8375,Varusa G Coat,
8376,Varusa GF Coat,
8377,Flame GF Coil,
8378,Flame GF Coat,
8379,Lils GF Faulds,
8380,Lils GF Coat,
8381,Asteli Coil・White,Asteli Coil White
8382,Asteli F Coil・White,Asteli F Coil White
8383,Asteli FZ Coil・White,Asteli FZ Coil White
8384,Asteli HS Coil・White,Asteli HS Coil White
8385,Asteli GS Coil・White,Asteli GS Coil White
8386,Asteli GP Coil・White,Asteli GP Coil White
8387,Asteli Coat・White,Asteli Coat White
8388,Asteli F Coat・White,Asteli F Coat White
8389,Asteli FZ Coat・White,Asteli FZ Coat White
8390,Asteli HS Coat・White,Asteli HS Coat White
8391,Asteli GS Coat・White,Asteli GS Coat White
8392,Asteli GP Coat・White,Asteli GP Coat White
8393,Asteli Coil・Blue,Asteli Coil Blue
8394,Asteli F Coil・Blue,Asteli F Coil Blue
8395,Asteli FZ Coil・Blue,Asteli FZ Coil Blue
8396,Asteli HS Coil・Blue,Asteli HS Coil Blue
8397,Asteli GS Coil・Blue,Asteli GS Coil Blue
8398,Asteli GP Coil・Blue,Asteli GP Coil Blue
8399,Asteli Coat・Blue,Asteli Coat Blue
8400,Asteli F Coat・Blue,Asteli F Coat Blue
8401,Asteli FZ Coat・Blue,Asteli FZ Coat Blue
8402,Asteli HS Coat・Blue,Asteli HS Coat Blue
8403,Asteli GS Coat・Blue,Asteli GS Coat Blue
8404,Asteli GP Coat・Blue,Asteli GP Coat Blue
8405,Asteli Coil・Red,Asteli Coil Red
8406,Asteli F Coil・Red,Asteli F Coil Red
8407,Asteli FZ Coil・Red,Asteli FZ Coil Red
8408,Asteli HS Coil・Red,Asteli HS Coil Red
8409,Asteli GS Coil・Red,Asteli GS Coil Red
8410,Asteli GP Coil・Red,Asteli GP Coil Red
8411,Asteli Coat・Red,Asteli Coat Red
8412,Asteli F Coat・Red,Asteli F Coat Red
8413,Asteli FZ Coat・Red,Asteli FZ Coat Red
8414,Asteli HS Coat・Red,Asteli HS Coat Red
8415,Asteli GS Coat・Red,Asteli GS Coat Red
8416,Asteli GP Coat・Red,Asteli GP Coat Red
8417,Asteli Coil・Black,Asteli Coil Black
8418,Asteli F Coil・Black,Asteli F Coil Black
8419,Asteli FZ Coil・Black,Asteli FZ Coil Black
8420,Asteli HS Coil・Black,Asteli HS Coil Black
8421,Asteli GS Coil・Black,Asteli GS Coil Black
8422,Asteli GP Coil・Black,Asteli GP Coil Black
8423,Asteli Coat・Black,Asteli Coat Black
8424,Asteli F Coat・Black,Asteli F Coat Black
8425,Asteli FZ Coat・Black,Asteli FZ Coat Black
8426,Asteli HS Coat・Black,Asteli HS Coat Black
8427,Asteli GS Coat・Black,Asteli GS Coat Black
8428,Asteli GP Coat・Black,Asteli GP Coat Black
8429,Lucchese Coil,
8430,Lucchese F Coil,
8431,Lucchese FY Coil,
8432,Lucchese HS Coil,
8433,Lucchese G Coil,
8434,Lucchese GF Coil,
8435,Lucchese GX Coil,
8436,Lucchese Coat,
8437,Lucchese F Coat,
8438,Lucchese FY Coat,
8439,Lucchese HS Coat,
8440,Lucchese G Coat,
8441,Lucchese GF Coat,
8442,Lucchese GX Coat,
8443,Orykto G Faulds,
8444,Orykto GF Faulds,
8445,Orykto GX Faulds,
8446,Orykto G Coat,
8447,Orykto GF Coat,
8448,Orykto GX Coat,
8449,Bonito Faulds,
8450,Bonito F Faulds,
8451,Bonito FY Faulds,
8452,Bonito HS Faulds,
8453,Bonito G Faulds,
8454,Bonito GF Faulds,
8455,Bonito GX Faulds,
8456,Bonito Coat,
8457,Bonito F Coat,
8458,Bonito FY Coat,
8459,Bonito HS Coat,
8460,Bonito G Coat,
8461,Bonito GF Coat,
8462,Bonito GX Coat,
8463,Silver Ruler G【腰当て】,Silver Ruler G[Waist]
8464,Silver Ruler GF【腰当て】,Silver Ruler GF[Waist]
8465,Silver Ruler GX【腰当て】,Silver Ruler GX[Waist]
8466,Silver Control G【腰当て】,Silver Control G[Waist]
8467,Silver Control GF【腰当て】,Silver Control GF[Waist]
8468,Silver Control GX【腰当て】,Silver Control GX[Waist]
8469,Harudo Faulds,
8470,Harudo F Faulds,
8471,Harudo FX Faulds,
8472,Harudo G Faulds,
8473,Harudo GF Faulds,
8474,Harudo Coat,
8475,Harudo F Coat,
8476,Harudo FX Coat,
8477,Harudo G Coat,
8478,Harudo GF Coat,
8479,Gureado Faulds,
8480,Gureado F Faulds,
8481,Gureado FX Faulds,
8482,Gureado G Faulds,
8483,Gureado GF Faulds,
8484,Gureado Coat,
8485,Gureado F Coat,
8486,Gureado FX Coat,
8487,Gureado G Coat,
8488,Gureado GF Coat,
8489,Akantor Gイッケク,Akantor G Great Sword
8490,Akantor GFイッケク,Akantor GF Ikkeku
8491,Akantor GXイッケク,Akantor GX Ikkeku
8492,Akantor Gイッケタリ,Akantor G Long Sword
8493,Akantor GFイッケタリ,Akantor GF Ikketari
8494,Akantor GXイッケタリ,Akantor GX Ikketari
8495,G.Plesioth G Faulds,
8496,G.Plesioth GF Faulds,
8497,G.Plesioth GX Faulds,
8498,G.Plesioth G Coat,
8499,G.Plesioth GF Coat,
8500,G.Plesioth GX Coat,
8501,Bright Hypnoc G Faulds,
8502,Bright Hypnoc GF Faulds,
8503,Bright Hypnoc GX Faulds,
8504,Bright Hypnoc G Coat,
8505,Bright Hypnoc GF Coat,
8506,Bright Hypnoc GX Coat,
8507,Blitz GXフープ,Blitz GX Hoop
8508,Blitz GXショルト,Blitz GX Sholt
8509,Stroma GX Faulds,
8510,Stroma GX Coat,
8511,Diboa GX Faulds,
8512,Diboa GX Coat,
8513,Regnum Coil・White,Regnum Coil White
8514,Regnum F Coil・White,Regnum F Coil White
8515,Regnum FZ Coil・White,Regnum FZ Coil White
8516,Regnum HS Coil・White,Regnum HS Coil White
8517,Regnum GS Coil・White,Regnum GS Coil White
8518,Regnum GP Coil・White,Regnum GP Coil White
8519,Regnum Coat・White,Regnum Coat White
8520,Regnum F Coat・White,Regnum F Coat White
8521,Regnum FZ Coat・White,Regnum FZ Coat White
8522,Regnum HS Coat・White,Regnum HS Coat White
8523,Regnum GS Coat・White,Regnum GS Coat White
8524,Regnum GP Coat・White,Regnum GP Coat White
8525,Regnum Coil・Blue,Regnum Coil Blue
8526,Regnum F Coil・Blue,Regnum F Coil Blue
8527,Regnum FZ Coil・Blue,Regnum FZ Coil Blue
8528,Regnum HS Coil・Blue,Regnum HS Coil Blue
8529,Regnum GS Coil・Blue,Regnum GS Coil Blue
8530,Regnum GP Coil・Blue,Regnum GP Coil Blue
8531,Regnum Coat・Blue,Regnum Coat Blue
8532,Regnum F Coat・Blue,Regnum F Coat Blue
8533,Regnum FZ Coat・Blue,Regnum FZ Coat Blue
8534,Regnum HS Coat・Blue,Regnum HS Coat Blue
8535,Regnum GS Coat・Blue,Regnum GS Coat Blue
8536,Regnum GP Coat・Blue,Regnum GP Coat Blue
8537,Regnum Coil・Red,Regnum Coil Red
8538,Regnum F Coil・Red,Regnum F Coil Red
8539,Regnum FZ Coil・Red,Regnum FZ Coil Red
8540,Regnum HS Coil・Red,Regnum HS Coil Red
8541,Regnum GS Coil・Red,Regnum GS Coil Red
8542,Regnum GP Coil・Red,Regnum GP Coil Red
8543,Regnum Coat・Red,Regnum Coat Red
8544,Regnum F Coat・Red,Regnum F Coat Red
8545,Regnum FZ Coat・Red,Regnum FZ Coat Red
8546,Regnum HS Coat・Red,Regnum HS Coat Red
8547,Regnum GS Coat・Red,Regnum GS Coat Red
8548,Regnum GP Coat・Red,Regnum GP Coat Red
8549,Regnum Coil・Tea,Regnum Coil Tea
8550,Regnum F Coil・Tea,Regnum F Coil Tea
8551,Regnum FZ Coil・Tea,Regnum FZ Coil Tea
8552,Regnum HS Coil・Tea,Regnum HS Coil Tea
8553,Regnum GS Coil・Tea,Regnum GS Coil Tea
8554,Regnum GP Coil・Tea,Regnum GP Coil Tea
8555,Regnum Coat・Tea,Regnum Coat Tea
8556,Regnum F Coat・Tea,Regnum F Coat Tea
8557,Regnum FZ Coat・Tea,Regnum FZ Coat Tea
8558,Regnum HS Coat・Tea,Regnum HS Coat Tea
8559,Regnum GS Coat・Tea,Regnum GS Coat Tea
8560,Regnum GP Coat・Tea,Regnum GP Coat Tea
8561,Marin Coil・Blue,Marin Coil Blue
8562,Marin F Coil・Blue,Marin F Coil Blue
8563,Marin FZ Coil・Blue,Marin FZ Coil Blue
8564,Marin HS Coil・Blue,Marin HS Coil Blue
8565,Marin GS Coil・Blue,Marin GS Coil Blue
8566,Marin GP Coil・Blue,Marin GP Coil Blue
8567,Marin Coat・Blue,Marin Coat Blue
8568,Marin F Coat・Blue,Marin F Coat Blue
8569,Marin FZ Coat・Blue,Marin FZ Coat Blue
8570,Marin HS Coat・Blue,Marin HS Coat Blue
8571,Marin GS Coat・Blue,Marin GS Coat Blue
8572,Marin GP Coat・Blue,Marin GP Coat Blue
8573,Marin Coil・Peach,Marin Coil Peach
8574,Marin F Coil・Peach,Marin F Coil Peach
8575,Marin FZ Coil・Peach,Marin FZ Coil Peach
8576,Marin HS Coil・Peach,Marin HS Coil Peach
8577,Marin GS Coil・Peach,Marin GS Coil Peach
8578,Marin GP Coil・Peach,Marin GP Coil Peach
8579,Marin Coat・Peach,Marin Coat Peach
8580,Marin F Coat・Peach,Marin F Coat Peach
8581,Marin FZ Coat・Peach,Marin FZ Coat Peach
8582,Marin HS Coat・Peach,Marin HS Coat Peach
8583,Marin GS Coat・Peach,Marin GS Coat Peach
8584,Marin GP Coat・Peach,Marin GP Coat Peach
8585,Marin Coil・White,Marin Coil White
8586,Marin F Coil・White,Marin F Coil White
8587,Marin FZ Coil・White,Marin FZ Coil White
8588,Marin HS Coil・White,Marin HS Coil White
8589,Marin GS Coil・White,Marin GS Coil White
8590,Marin GP Coil・White,Marin GP Coil White
8591,Marin Coat・White,Marin Coat White
8592,Marin F Coat・White,Marin F Coat White
8593,Marin FZ Coat・White,Marin FZ Coat White
8594,Marin HS Coat・White,Marin HS Coat White
8595,Marin GS Coat・White,Marin GS Coat White
8596,Marin GP Coat・White,Marin GP Coat White
8597,Marin Coil・Black,Marin Coil Black
8598,Marin F Coil・Black,Marin F Coil Black
8599,Marin FZ Coil・Black,Marin FZ Coil Black
8600,Marin HS Coil・Black,Marin HS Coil Black
8601,Marin GS Coil・Black,Marin GS Coil Black
8602,Marin GP Coil・Black,Marin GP Coil Black
8603,Marin Coat・Black,Marin Coat Black
8604,Marin F Coat・Black,Marin F Coat Black
8605,Marin FZ Coat・Black,Marin FZ Coat Black
8606,Marin HS Coat・Black,Marin HS Coat Black
8607,Marin GS Coat・Black,Marin GS Coat Black
8608,Marin GP Coat・Black,Marin GP Coat Black
8609,Reflet Coil・Blue,Reflet Coil Blue
8610,Reflet F Coil・Blue,Reflet F Coil Blue
8611,Reflet FZ Coil・Blue,Reflet FZ Coil Blue
8612,Reflet HS Coil・Blue,Reflet HS Coil Blue
8613,Reflet GS Coil・Blue,Reflet GS Coil Blue
8614,Reflet GP Coil・Blue,Reflet GP Coil Blue
8615,Reflet Coat・Blue,Reflet Coat Blue
8616,Reflet F Coat・Blue,Reflet F Coat Blue
8617,Reflet FZ Coat・Blue,Reflet FZ Coat Blue
8618,Reflet HS Coat・Blue,Reflet HS Coat Blue
8619,Reflet GS Coat・Blue,Reflet GS Coat Blue
8620,Reflet GP Coat・Blue,Reflet GP Coat Blue
8621,Reflet Coil・White,Reflet Coil White
8622,Reflet F Coil・White,Reflet F Coil White
8623,Reflet FZ Coil・White,Reflet FZ Coil White
8624,Reflet HS Coil・White,Reflet HS Coil White
8625,Reflet GS Coil・White,Reflet GS Coil White
8626,Reflet GP Coil・White,Reflet GP Coil White
8627,Reflet Coat・White,Reflet Coat White
8628,Reflet F Coat・White,Reflet F Coat White
8629,Reflet FZ Coat・White,Reflet FZ Coat White
8630,Reflet HS Coat・White,Reflet HS Coat White
8631,Reflet GS Coat・White,Reflet GS Coat White
8632,Reflet GP Coat・White,Reflet GP Coat White
8633,Reflet Coil・Red,Reflet Coil Red
8634,Reflet F Coil・Red,Reflet F Coil Red
8635,Reflet FZ Coil・Red,Reflet FZ Coil Red
8636,Reflet HS Coil・Red,Reflet HS Coil Red
8637,Reflet GS Coil・Red,Reflet GS Coil Red
8638,Reflet GP Coil・Red,Reflet GP Coil Red
8639,Reflet Coat・Red,Reflet Coat Red
8640,Reflet F Coat・Red,Reflet F Coat Red
8641,Reflet FZ Coat・Red,Reflet FZ Coat Red
8642,Reflet HS Coat・Red,Reflet HS Coat Red
8643,Reflet GS Coat・Red,Reflet GS Coat Red
8644,Reflet GP Coat・Red,Reflet GP Coat Red
8645,Reflet Coil・Black,Reflet Coil Black
8646,Reflet F Coil・Black,Reflet F Coil Black
8647,Reflet FZ Coil・Black,Reflet FZ Coil Black
8648,Reflet HS Coil・Black,Reflet HS Coil Black
8649,Reflet GS Coil・Black,Reflet GS Coil Black
8650,Reflet GP Coil・Black,Reflet GP Coil Black
8651,Reflet Coat・Black,Reflet Coat Black
8652,Reflet F Coat・Black,Reflet F Coat Black
8653,Reflet FZ Coat・Black,Reflet FZ Coat Black
8654,Reflet HS Coat・Black,Reflet HS Coat Black
8655,Reflet GS Coat・Black,Reflet GS Coat Black
8656,Reflet GP Coat・Black,Reflet GP Coat Black
8657,CE Kevlar BM Waist Blue,
8658,CE Kevlar F BM Waist Blue,
8659,CE Kevlar FZ BM Waist Blue,
8660,CE Kevlar HS BM Waist Blue,
8661,CE Kevlar GS BM Waist Blue,
8662,CE Kevlar GP BM Waist Blue,
8663,CE Kevlar GN Waist Blue,
8664,CE Kevlar F GN Waist Blue,
8665,CE Kevlar FZ GN Waist Blue,
8666,CE Kevlar HS GN Waist Blue,
8667,CE Kevlar GS GN Waist Blue,
8668,CE Kevlar GP GN Waist Blue,
8669,CE Kevlar BM Waist Red,
8670,CE Kevlar F BM Waist Red,
8671,CE Kevlar FZ BM Waist Red,
8672,CE Kevlar HS BM Waist Red,
8673,CE Kevlar GS BM Waist Red,
8674,CE Kevlar GP BM Waist Red,
8675,CE Kevlar GN Waist Red,
8676,CE Kevlar F GN Waist Red,
8677,CE Kevlar FZ GN Waist Red,
8678,CE Kevlar HS GN Waist Red,
8679,CE Kevlar GS GN Waist Red,
8680,CE Kevlar GP GN Waist Red,
8681,CE Kevlar BM Waist White,
8682,CE Kevlar F BM Waist White,
8683,CE Kevlar FZ BM Waist White,
8684,CE Kevlar HS BM Waist White,
8685,CE Kevlar GS BM Waist White,
8686,CE Kevlar GP BM Waist White,
8687,CE Kevlar GN Waist White,
8688,CE Kevlar F GN Waist White,
8689,CE Kevlar FZ GN Waist White,
8690,CE Kevlar HS GN Waist White,
8691,CE Kevlar GS GN Waist White,
8692,CE Kevlar GP GN Waist White,
8693,CE Kevlar BM Waist Black,
8694,CE Kevlar F BM Waist Black,
8695,CE Kevlar FZ BM Waist Black,
8696,CE Kevlar HS BM Waist Black,
8697,CE Kevlar GS BM Waist Black,
8698,CE Kevlar GP BM Waist Black,
8699,CE Kevlar GN Waist Black,
8700,CE Kevlar F GN Waist Black,
8701,CE Kevlar FZ GN Waist Black,
8702,CE Kevlar HS GN Waist Black,
8703,CE Kevlar GS GN Waist Black,
8704,CE Kevlar GP GN Waist Black,
8705,AB Layer BM Waist Red,
8706,AB Layer F BM Waist Red,
8707,AB Layer FZ BM Waist Red,
8708,AB Layer HS BM Waist Red,
8709,AB Layer GS BM Waist Red,
8710,AB Layer GP BM Waist Red,
8711,AB Layer GN Waist Red,
8712,AB Layer F GN Waist Red,
8713,AB Layer FZ GN Waist Red,
8714,AB Layer HS GN Waist Red,
8715,AB Layer GS GN Waist Red,
8716,AB Layer GP GN Waist Red,
8717,AB Layer BM Waist Blue,
8718,AB Layer F BM Waist Blue,
8719,AB Layer FZ BM Waist Blue,
8720,AB Layer HS BM Waist Blue,
8721,AB Layer GS BM Waist Blue,
8722,AB Layer GP BM Waist Blue,
8723,AB Layer GN Waist Blue,
8724,AB Layer F GN Waist Blue,
8725,AB Layer FZ GN Waist Blue,
8726,AB Layer HS GN Waist Blue,
8727,AB Layer GS GN Waist Blue,
8728,AB Layer GP GN Waist Blue,
8729,AB Layer BM Waist Black,
8730,AB Layer F BM Waist Black,
8731,AB Layer FZ BM Waist Black,
8732,AB Layer HS BM Waist Black,
8733,AB Layer GS BM Waist Black,
8734,AB Layer GP BM Waist Black,
8735,AB Layer GN Waist Black,
8736,AB Layer F GN Waist Black,
8737,AB Layer FZ GN Waist Black,
8738,AB Layer HS GN Waist Black,
8739,AB Layer GS GN Waist Black,
8740,AB Layer GP GN Waist Black,
8741,AB Layer BM Waist White,
8742,AB Layer F BM Waist White,
8743,AB Layer FZ BM Waist White,
8744,AB Layer HS BM Waist White,
8745,AB Layer GS BM Waist White,
8746,AB Layer GP BM Waist White,
8747,AB Layer GN Waist White,
8748,AB Layer F GN Waist White,
8749,AB Layer FZ GN Waist White,
8750,AB Layer HS GN Waist White,
8751,AB Layer GS GN Waist White,
8752,AB Layer GP GN Waist White,
8753,Bronte Coil,
8754,Bronte F Coil,
8755,Bronte FZ Coil,
8756,Bronte HS Coil,
8757,Bronte GS Coil,
8758,Bronte GP Coil,
8759,Bronte Coat,
8760,Bronte F Coat,
8761,Bronte FZ Coat,
8762,Bronte HS Coat,
8763,Bronte GS Coat,
8764,Bronte GP Coat,
8765,Solene Coil,
8766,Solene F Coil,
8767,Solene FZ Coil,
8768,Solene HS Coil,
8769,Solene GS Coil,
8770,Solene GP Coil,
8771,Solene Coat,
8772,Solene F Coat,
8773,Solene FZ Coat,
8774,Solene HS Coat,
8775,Solene GS Coat,
8776,Solene GP Coat,
8777,Lapine Belt,
8778,Lapine F Belt,
8779,Lapine FZ Belt,
8780,Lapine HS Belt,
8781,Lapine GS Belt,
8782,Lapine GP Belt,
8783,Lapine Coat,
8784,Lapine F Coat,
8785,Lapine FZ Coat,
8786,Lapine HS Coat,
8787,Lapine GS Coat,
8788,Lapine GP Coat,
8789,Magos GP Coil・Yellow,Magos GP Coil Yellow
8790,Magos GP Coat・Yellow,Magos GP Coat Yellow
8791,Magos GP Coil・Red,Magos GP Coil Red
8792,Magos GP Coat・Red,Magos GP Coat Red
8793,Magos GP Coil・Water,Magos GP Coil Water
8794,Magos GP Coat・Water,Magos GP Coat Water
8795,Magos GP Coil・Blue,Magos GP Coil Blue
8796,Magos GP Coat・Blue,Magos GP Coat Blue
8797,Yukumo ノオビ・Heaven,Yukumo Sash Heaven
8798,Yukumo ノオビG・Heaven,Yukumo Sash G Heaven
8799,Yukumo ノオビGF・Heaven,Yukumo Sash GF Heaven
8800,Yukumo ノオビGX・Heaven,Yukumo Sash GX Heaven
8801,Furogada G Coil,
8802,Furogada GF Coil,
8803,Furogada GX Coil,
8804,Yukumo ノオビ・Earth,Yukumo Sash Earth
8805,Yukumo ノオビG・Earth,Yukumo Sash G Earth
8806,Yukumo ノオビGF・Earth,Yukumo Sash GF Earth
8807,Yukumo ノオビGX・Earth,Yukumo Sash GX Earth
8808,Furogada G Coat,
8809,Furogada GF Coat,
8810,Furogada GX Coat,
8811,ダミー,Dummy
8812,ダミー,Dummy
8813,ダミー,Dummy
8814,ダミー,Dummy
8815,Rance G Faulds,
8816,Rance GF Faulds,
8817,Rance GX Faulds,
8818,ダミー,Dummy
8819,ダミー,Dummy
8820,ダミー,Dummy
8821,ダミー,Dummy
8822,Rance G Coat,
8823,Rance GF Coat,
8824,Rance GX Coat,
8825,Meirida Faulds,
8826,Meirida F Faulds,
8827,Meirida FY Faulds,
8828,Meirida HS Faulds,
8829,Meirida G Faulds,
8830,Meirida GF Faulds,
8831,Meirida GX Faulds,
8832,Meirida Coat,
8833,Meirida F Coat,
8834,Meirida FY Coat,
8835,Meirida HS Coat,
8836,Meirida G Coat,
8837,Meirida GF Coat,
8838,Meirida GX Coat,
8839,Maaden Faulds,
8840,Maaden F Faulds,
8841,Maaden FY Faulds,
8842,Maaden HS Faulds,
8843,Maaden G Faulds,
8844,Maaden GF Faulds,
8845,Maaden GX Faulds,
8846,Maaden Coat,
8847,Maaden F Coat,
8848,Maaden FY Coat,
8849,Maaden HS Coat,
8850,Maaden G Coat,
8851,Maaden GF Coat,
8852,Maaden GX Coat,
8853,Kosho 【 Obi 】,
8854,Kosho F【 Obi 】,
8855,Kosho FY【 Obi 】,
8856,Kosho HS【 Obi 】,
8857,Kosho G【 Obi 】,
8858,Kosho GF【 Obi 】,
8859,Kosho GX【 Obi 】,
8860,Koro [Obi 】,
8861,Koro F [Obi 】,
8862,Koro FY [Obi 】,
8863,Koro HS [Obi 】,
8864,Koro G [Obi 】,
8865,Koro GF [Obi 】,
8866,Koro GX [Obi 】,
8867,Abuyado Faulds,
8868,Abuyado F Faulds,
8869,Abuyado FY Faulds,
8870,Abuyado HS Faulds,
8871,Abuyado G Faulds,
8872,Abuyado GF Faulds,
8873,Abuyado GX Faulds,
8874,Abuyado Coat,
8875,Abuyado F Coat,
8876,Abuyado FY Coat,
8877,Abuyado HS Coat,
8878,Abuyado G Coat,
8879,Abuyado GF Coat,
8880,Abuyado GX Coat,
8881,Gorukku Faulds,
8882,Gorukku F Faulds,
8883,Gorukku FY Faulds,
8884,Gorukku HS Faulds,
8885,Gorukku G Faulds,
8886,Gorukku GF Faulds,
8887,Gorukku GX Faulds,
8888,Gorukku Coat,
8889,Gorukku F Coat,
8890,Gorukku FY Coat,
8891,Gorukku HS Coat,
8892,Gorukku G Coat,
8893,Gorukku GF Coat,
8894,Gorukku GX Coat,
8895,Shimashima Waist,
8896,Shimashima F Waist,
8897,Shimashima FY Waist,
8898,Shimashima HS Waist,
8899,Shimashima G Waist,
8900,Shimashima GF Waist,
8901,Shimashima GX Waist,
8902,Shimashima Coat,
8903,Shimashima F Coat,
8904,Shimashima FY Coat,
8905,Shimashima HS Coat,
8906,Shimashima G Coat,
8907,Shimashima GF Coat,
8908,Shimashima GX Coat,
8909,Rath Duo FY Coil,
8910,Rath Duo HS Coil,
8911,Rath Duo G Coil,
8912,Rath Duo GF Coil,
8913,Rath Duo GX Coil,
8914,Rath Duo FY Coat,
8915,Rath Duo HS Coat,
8916,Rath Duo G Coat,
8917,Rath Duo GF Coat,
8918,Rath Duo GX Coat,
8919,Tandress HS Coil,
8920,Tandress G Coil,
8921,Tandress GF Coil,
8922,Tandress GX Coil,
8923,Tandress HS Coat,
8924,Tandress G Coat,
8925,Tandress GF Coat,
8926,Tandress GX Coat,
8927,Ranvuo Coil,
8928,Ranvuo F Coil,
8929,Ranvuo FY Coil,
8930,Ranvuo HS Coil,
8931,Ranvuo G Coil,
8932,Ranvuo GF Coil,
8933,Ranvuo GX Coil,
8934,Ranvuo Coat,
8935,Ranvuo F Coat,
8936,Ranvuo FY Coat,
8937,Ranvuo HS Coat,
8938,Ranvuo G Coat,
8939,Ranvuo GF Coat,
8940,Ranvuo GX Coat,
8941,Nyui Coil,
8942,Nyui F Coil,
8943,Nyui FY Coil,
8944,Nyui HS Coil,
8945,Nyui G Coil,
8946,Nyui GF Coil,
8947,Nyui GX Coil,
8948,Nyui Coat,
8949,Nyui F Coat,
8950,Nyui FY Coat,
8951,Nyui HS Coat,
8952,Nyui G Coat,
8953,Nyui GF Coat,
8954,Nyui GX Coat,
8955,ダミー,Dummy
8956,ダミー,Dummy
8957,ダミー,Dummy
8958,ダミー,Dummy
8959,Nympha G Coil,
8960,Nympha GF Coil,
8961,Nympha GX Coil,
8962,ダミー,Dummy
8963,ダミー,Dummy
8964,ダミー,Dummy
8965,ダミー,Dummy
8966,Nympha G Coat,
8967,Nympha GF Coat,
8968,Nympha GX Coat,
8969,Harudo GX Faulds,
8970,Harudo GX Coat,
8971,Gureado GX Faulds,
8972,Gureado GX Coat,
8973,Pics GP Coil・Green,Pics GP Coil Green
8974,Pics GP Coat・Green,Pics GP Coat Green
8975,Pics GP Coil・Purple,Pics GP Coil Purple
8976,Pics GP Coat・Purple,Pics GP Coat Purple
8977,Pics GP Coil・Black,Pics GP Coil Black
8978,Pics GP Coat・Black,Pics GP Coat Black
8979,Pics GP Coil・Water,Pics GP Coil Water
8980,Pics GP Coat・Water,Pics GP Coat Water
8981,ダミー,Dummy
8982,ダミー,Dummy
8983,Smart HS Waist,
8984,Smart GS Waist,
8985,Gasura Faulds,
8986,Gasura F Faulds,
8987,Gasura FX Faulds,
8988,Gasura G Faulds,
8989,Gasura GF Faulds,
8990,Gasura GX Faulds,
8991,Gasura Coat,
8992,Gasura F Coat,
8993,Gasura FX Coat,
8994,Gasura G Coat,
8995,Gasura GF Coat,
8996,Gasura GX Coat,
8997,Wrath G【腰当て】,Wrath G [Waist]
8998,Wrath GF【腰当て】,Wrath GF [Waist]
8999,Wrath GX【腰当て】,Wrath GX [Waist]
9000,Anger G【腰当て】,Anger G Waist
9001,Anger GF【腰当て】,Anger GF Waist
9002,Anger GX【腰当て】,Anger GX Waist
9003,Abi G Faulds,
9004,Abi GF Faulds,
9005,Abi GX Faulds,
9006,Abi G Coat,
9007,Abi GF Coat,
9008,Abi GX Coat,
9009,Zinogre Faulds,
9010,Zinogre G Faulds,
9011,Zinogre GF Faulds,
9012,Zinogre GX Faulds,
9013,Zinogre Coat,
9014,Zinogre G Coat,
9015,Zinogre GF Coat,
9016,Zinogre GX Coat,
9017,Gania Coil・Red,Gania Coil Red
9018,Gania F Coil・Red,Gania F Coil Red
9019,Gania FZ Coil・Red,Gania FZ Coil Red
9020,Gania HS Coil・Red,Gania HS Coil Red
9021,Gania GS Coil・Red,Gania GS Coil Red
9022,Gania GP Coil・Red,Gania GP Coil Red
9023,Gania Coat・Red,Gania Coat Red
9024,Gania F Coat・Red,Gania F Coat Red
9025,Gania FZ Coat・Red,Gania FZ Coat Red
9026,Gania HS Coat・Red,Gania HS Coat Red
9027,Gania GS Coat・Red,Gania GS Coat Red
9028,Gania GP Coat・Red,Gania GP Coat Red
9029,Gania Coil・Blue,Gania Coil Blue
9030,Gania F Coil・Blue,Gania F Coil Blue
9031,Gania FZ Coil・Blue,Gania FZ Coil Blue
9032,Gania HS Coil・Blue,Gania HS Coil Blue
9033,Gania GS Coil・Blue,Gania GS Coil Blue
9034,Gania GP Coil・Blue,Gania GP Coil Blue
9035,Gania Coat・Blue,Gania Coat Blue
9036,Gania F Coat・Blue,Gania F Coat Blue
9037,Gania FZ Coat・Blue,Gania FZ Coat Blue
9038,Gania HS Coat・Blue,Gania HS Coat Blue
9039,Gania GS Coat・Blue,Gania GS Coat Blue
9040,Gania GP Coat・Blue,Gania GP Coat Blue
9041,Gania Coil・Tea,Gania Coil Tea
9042,Gania F Coil・Tea,Gania F Coil Tea
9043,Gania FZ Coil・Tea,Gania FZ Coil Tea
9044,Gania HS Coil・Tea,Gania HS Coil Tea
9045,Gania GS Coil・Tea,Gania GS Coil Tea
9046,Gania GP Coil・Tea,Gania GP Coil Tea
9047,Gania Coat・Tea,Gania Coat Tea
9048,Gania F Coat・Tea,Gania F Coat Tea
9049,Gania FZ Coat・Tea,Gania FZ Coat Tea
9050,Gania HS Coat・Tea,Gania HS Coat Tea
9051,Gania GS Coat・Tea,Gania GS Coat Tea
9052,Gania GP Coat・Tea,Gania GP Coat Tea
9053,Gania Coil・Purple,Gania Coil Purple
9054,Gania F Coil・Purple,Gania F Coil Purple
9055,Gania FZ Coil・Purple,Gania FZ Coil Purple
9056,Gania HS Coil・Purple,Gania HS Coil Purple
9057,Gania GS Coil・Purple,Gania GS Coil Purple
9058,Gania GP Coil・Purple,Gania GP Coil Purple
9059,Gania Coat・Purple,Gania Coat Purple
9060,Gania F Coat・Purple,Gania F Coat Purple
9061,Gania FZ Coat・Purple,Gania FZ Coat Purple
9062,Gania HS Coat・Purple,Gania HS Coat Purple
9063,Gania GS Coat・Purple,Gania GS Coat Purple
9064,Gania GP Coat・Purple,Gania GP Coat Purple
9065,Dinato Faulds,
9066,Dinato F Faulds,
9067,Dinato FZ Faulds,
9068,Dinato HS Faulds,
9069,Dinato GS Faulds,
9070,Dinato GP Faulds,
9071,Dinato Coat,
9072,Dinato F Coat,
9073,Dinato FZ Coat,
9074,Dinato HS Coat,
9075,Dinato GS Coat,
9076,Dinato GP Coat,
9077,Duque Faulds,
9078,Duque F Faulds,
9079,Duque FZ Faulds,
9080,Duque HS Faulds,
9081,Duque GS Faulds,
9082,Duque GP Faulds,
9083,Duque Coat,
9084,Duque F Coat,
9085,Duque FZ Coat,
9086,Duque HS Coat,
9087,Duque GS Coat,
9088,Duque GP Coat,
9089,Granu Faulds,
9090,Granu F Faulds,
9091,Granu FZ Faulds,
9092,Granu HS Faulds,
9093,Granu GS Faulds,
9094,Granu GP Faulds,
9095,Granu Coat,
9096,Granu F Coat,
9097,Granu FZ Coat,
9098,Granu HS Coat,
9099,Granu GS Coat,
9100,Granu GP Coat,
9101,Plug Waist :01,
9102,Plug F Waist :01,
9103,Plug FZ Waist :01,
9104,Plug HS Waist :01,
9105,Plug GS Waist :01,
9106,Plug GP Waist :01,
9107,Plug Coat :01,
9108,Plug F Coat :01,
9109,Plug FZ Coat :01,
9110,Plug HS Coat :01,
9111,Plug GS Coat :01,
9112,Plug GP Coat :01,
9113,Plug Waist :00,
9114,Plug F Waist :00,
9115,Plug FZ Waist :00,
9116,Plug HS Waist :00,
9117,Plug GS Waist :00,
9118,Plug GP Waist :00,
9119,Plug Coat :00,
9120,Plug F Coat :00,
9121,Plug FZ Coat :00,
9122,Plug HS Coat :00,
9123,Plug GS Coat :00,
9124,Plug GP Coat :00,
9125,Unit-01 Waist,
9126,Unit-01 F Waist,
9127,Unit-01 FZ Waist,
9128,Unit-01 HS Waist,
9129,Unit-01 GS Waist,
9130,Unit-01 GP Waist,
9131,Unit-01 Coat,
9132,Unit-01 F Coat,
9133,Unit-01 FZ Coat,
9134,Unit-01 HS Coat,
9135,Unit-01 GS Coat,
9136,Unit-01 GP Coat,
9137,Unit-00 Waist,
9138,Unit-00 F Waist,
9139,Unit-00 FZ Waist,
9140,Unit-00 HS Waist,
9141,Unit-00 GS Waist,
9142,Unit-00 GP Waist,
9143,Unit-00 Coat,
9144,Unit-00 F Coat,
9145,Unit-00 FZ Coat,
9146,Unit-00 HS Coat,
9147,Unit-00 GS Coat,
9148,Unit-00 GP Coat,
9149,Dusk Waist・Red,Dusk Waist Red
9150,Dusk F Waist・Red,Dusk F Waist Red
9151,Dusk FZ Waist・Red,Dusk FZ Waist Red
9152,Dusk HS Waist・Red,Dusk HS Waist Red
9153,Dusk GS Waist・Red,Dusk GS Waist Red
9154,Dusk GP Waist・Red,Dusk GP Waist Red
9155,Dusk Coat・Red,Dusk Coat Red
9156,Dusk F Coat・Red,Dusk F Coat Red
9157,Dusk FZ Coat・Red,Dusk FZ Coat Red
9158,Dusk HS Coat・Red,Dusk HS Coat Red
9159,Dusk GS Coat・Red,Dusk GS Coat Red
9160,Dusk GP Coat・Red,Dusk GP Coat Red
9161,Dusk Waist・White,Dusk Waist White
9162,Dusk F Waist・White,Dusk F Waist White
9163,Dusk FZ Waist・White,Dusk FZ Waist White
9164,Dusk HS Waist・White,Dusk HS Waist White
9165,Dusk GS Waist・White,Dusk GS Waist White
9166,Dusk GP Waist・White,Dusk GP Waist White
9167,Dusk Coat・White,Dusk Coat White
9168,Dusk F Coat・White,Dusk F Coat White
9169,Dusk FZ Coat・White,Dusk FZ Coat White
9170,Dusk HS Coat・White,Dusk HS Coat White
9171,Dusk GS Coat・White,Dusk GS Coat White
9172,Dusk GP Coat・White,Dusk GP Coat White
9173,Dusk Waist・Peach,Dusk Waist Peach
9174,Dusk F Waist・Peach,Dusk F Waist Peach
9175,Dusk FZ Waist・Peach,Dusk FZ Waist Peach
9176,Dusk HS Waist・Peach,Dusk HS Waist Peach
9177,Dusk GS Waist・Peach,Dusk GS Waist Peach
9178,Dusk GP Waist・Peach,Dusk GP Waist Peach
9179,Dusk Coat・Peach,Dusk Coat Peach
9180,Dusk F Coat・Peach,Dusk F Coat Peach
9181,Dusk FZ Coat・Peach,Dusk FZ Coat Peach
9182,Dusk HS Coat・Peach,Dusk HS Coat Peach
9183,Dusk GS Coat・Peach,Dusk GS Coat Peach
9184,Dusk GP Coat・Peach,Dusk GP Coat Peach
9185,Dusk Waist・Blue,Dusk Waist Blue
9186,Dusk F Waist・Blue,Dusk F Waist Blue
9187,Dusk FZ Waist・Blue,Dusk FZ Waist Blue
9188,Dusk HS Waist・Blue,Dusk HS Waist Blue
9189,Dusk GS Waist・Blue,Dusk GS Waist Blue
9190,Dusk GP Waist・Blue,Dusk GP Waist Blue
9191,Dusk Coat・Blue,Dusk Coat Blue
9192,Dusk F Coat・Blue,Dusk F Coat Blue
9193,Dusk FZ Coat・Blue,Dusk FZ Coat Blue
9194,Dusk HS Coat・Blue,Dusk HS Coat Blue
9195,Dusk GS Coat・Blue,Dusk GS Coat Blue
9196,Dusk GP Coat・Blue,Dusk GP Coat Blue
9197,トイスト Faulds,Toist Faulds
9198,トイストF Faulds,ToistF Faulds
9199,トイストFZ Faulds,Twisted FZ Faulds
9200,トイストHS Faulds,Toist HS Faulds
9201,トイストGS Faulds,Toist GS Faulds
9202,トイストGP Faulds,Twisted GP Faulds
9203,トイスト Coat,Toist Coat
9204,トイストF Coat,ToistF Coat
9205,トイストFZ Coat,ToistFZ Coat
9206,トイストHS Coat,Toist HS Coat
9207,トイストGS Coat,Twisted GS Coat
9208,トイストGP Coat,Twisted GP Coat
9209,Nekodan Waist,
9210,Nekodan F Waist,
9211,Nekodan FZ Waist,
9212,Nekodan HS Waist,
9213,Nekodan GS Waist,
9214,Nekodan GP Waist,
9215,Aelucanth Elytra,
9216,Aelucanth G Elytra,
9217,Aelucanth GF Elytra,
9218,Aelucanth GX Elytra,
9219,Aelucanth コクサ,Aelucanth Coxa
9220,Aelucanth Gコクサ,Aelucanth G Coxa
9221,Aelucanth GFコクサ,Aelucanth GF Coxa
9222,Aelucanth GXコクサ,Aelucanth GX Coxa
9223,Rhopessa Elytra,
9224,Rhopessa G Elytra,
9225,Rhopessa GF Elytra,
9226,Rhopessa GX Elytra,
9227,Rhopessa コクサ,Rhopessa Coxa
9228,Rhopessa Gコクサ,Rhopessa G Coxa
9229,Rhopessa GFコクサ,Rhopessa GF Coxa
9230,Rhopessa GXコクサ,Rhopessa GX Coxa
9231,Riaruo G Coil,
9232,Riaruo GF Coil,
9233,Riaruo GX Coil,
9234,Riaruo G Coat,
9235,Riaruo GF Coat,
9236,Riaruo GX Coat,
9237,Ordre Faulds,
9238,Ordre F Faulds,
9239,Ordre FY Faulds,
9240,Ordre HS Faulds,
9241,Ordre G Faulds,
9242,Ordre GF Faulds,
9243,Ordre GX Faulds,
9244,Ordre Coat,
9245,Ordre F Coat,
9246,Ordre FY Coat,
9247,Ordre HS Coat,
9248,Ordre G Coat,
9249,Ordre GF Coat,
9250,Ordre GX Coat,
9251,Cheni Faulds,
9252,Cheni F Faulds,
9253,Cheni FY Faulds,
9254,Cheni HS Faulds,
9255,Cheni G Faulds,
9256,Cheni GF Faulds,
9257,Cheni GX Faulds,
9258,Cheni Coat,
9259,Cheni F Coat,
9260,Cheni FY Coat,
9261,Cheni HS Coat,
9262,Cheni G Coat,
9263,Cheni GF Coat,
9264,Cheni GX Coat,
9265,Miniomu Faulds,
9266,Miniomu F Faulds,
9267,Miniomu FY Faulds,
9268,Miniomu HS Faulds,
9269,Miniomu G Faulds,
9270,Miniomu GF Faulds,
9271,Miniomu GX Faulds,
9272,Miniomu Coat,
9273,Miniomu F Coat,
9274,Miniomu FY Coat,
9275,Miniomu HS Coat,
9276,Miniomu G Coat,
9277,Miniomu GF Coat,
9278,Miniomu GX Coat,
9279,Once Faulds,
9280,Once F Faulds,
9281,Once FY Faulds,
9282,Once HS Faulds,
9283,Once G Faulds,
9284,Once GF Faulds,
9285,Once GX Faulds,
9286,Once Coat,
9287,Once F Coat,
9288,Once FY Coat,
9289,Once HS Coat,
9290,Once G Coat,
9291,Once GF Coat,
9292,Once GX Coat,
9293,Kurai 【腰当て】,Kurai Waist
9294,Kurai F【腰当て】,Kurai F Waist
9295,Kurai FX【腰当て】,Kurai FX Waist
9296,Kurai G【腰当て】,Kurai G Waist
9297,Kurai GF【腰当て】,Kurai GF Waist
9298,Kurai GX【腰当て】,Kurai GX Waist
9299,Kurai 【腰当て】,Kurai Waist
9300,Kurai F【腰当て】,Kurai F Waist
9301,Kurai FX【腰当て】,Kurai FX Waist
9302,Kurai G【腰当て】,Kurai G Waist
9303,Kurai GF【腰当て】,Kurai GF Waist
9304,Kurai GX【腰当て】,Kurai GX Waist
9305,Monodevil G Coil,
9306,Monodevil GF Coil,
9307,Monodevil GX Coil,
9308,Monodevil G Coat,
9309,Monodevil GF Coat,
9310,Monodevil GX Coat,
9311,Black Diablos G Coil,
9312,Black Diablos GF Coil,
9313,Black Diablos GX Coil,
9314,Black Diablos G Coat,
9315,Black Diablos GF Coat,
9316,Black Diablos GX Coat,
9317,Wadatsumi GX【丸 Obi 】,Wadatsumi GX [Maru Obi]
9318,Okami GX【丸 Obi 】,Okami GX (Maru Obi)
9319,Odiva GX Faulds,
9320,Odiva GX Coat,
9321,Elegance GX [Waistband 】,
9322,Grace GX [Waistband 】,
9323,Vangis Coil,
9324,Vangis G Coil,
9325,Vangis GF Coil,
9326,Vangis GX Coil,
9327,Vangis Coat,
9328,Vangis G Coat,
9329,Vangis GF Coat,
9330,Vangis GX Coat,
9331,Shiruti Faulds,
9332,Shiruti F Faulds,
9333,Shiruti FZ Faulds,
9334,Shiruti HS Faulds,
9335,Shiruti GS Faulds,
9336,Shiruti GP Faulds,
9337,Shiruti Coat,
9338,Shiruti F Coat,
9339,Shiruti FZ Coat,
9340,Shiruti HS Coat,
9341,Shiruti GS Coat,
9342,Shiruti GP Coat,
9343,Brachy Faulds,
9344,Brachy G Faulds,
9345,Brachy GF Faulds,
9346,Brachy GX Faulds,
9347,Brachy Coat,
9348,Brachy G Coat,
9349,Brachy GF Coat,
9350,Brachy GX Coat,
9351,Torid Faulds,
9352,Torid F Faulds,
9353,Torid FX Faulds,
9354,Torid G Faulds,
9355,Torid GF Faulds,
9356,Torid GX Faulds,
9357,Torid Coat,
9358,Torid F Coat,
9359,Torid FX Coat,
9360,Torid G Coat,
9361,Torid GF Coat,
9362,Torid GX Coat,
9363,Lightning G【腰当て】,Lightning G Waist
9364,Lightning GF【腰当て】,Lightning GF Waist
9365,Lightning GX【腰当て】,Lightning GX Waist
9366,Thunder G【腰当て】,Thunder G[Waist]
9367,Thunder GF【腰当て】,Thunder GF[Waist]
9368,Thunder GX【腰当て】,Thunder GX[Waist]
9369,B.Espinas G Navel,
9370,B.Espinas GF Navel,
9371,B.Espinas GX Navel,
9372,B.Espinas G Belly,
9373,B.Espinas GF Belly,
9374,B.Espinas GX Belly,
9375,Red Volga G Faulds,
9376,Red Volga GF Faulds,
9377,Red Volga GX Faulds,
9378,Red Volga G Coat,
9379,Red Volga GF Coat,
9380,Red Volga GX Coat,
9381,Ravi G Coil:Berserk,
9382,Ravi GF Coil:Berserk,
9383,Ravi GX Coil:Berserk,
9384,Ravi G Coat:Berserk,
9385,Ravi GF Coat:Berserk,
9386,Ravi GX Coat:Berserk,
9387,Ravi Coil:Violent,
9388,Ravi HS Coil:Violent,
9389,Ravi G Coil:Violent,
9390,Ravi GF Coil:Violent,
9391,Ravi GX Coil:Violent,
9392,Ravi Coat:Violent,
9393,Ravi HS Coat:Violent,
9394,Ravi G Coat:Violent,
9395,Ravi GF Coat:Violent,
9396,Ravi GX Coat:Violent,
9397,Raviente G Faulds,
9398,Raviente GF Faulds,
9399,Raviente GX Faulds,
9400,Raviente G Coat,
9401,Raviente GF Coat,
9402,Raviente GX Coat,
9403,S.Hypnoc G Faulds,
9404,S.Hypnoc GF Faulds,
9405,S.Hypnoc GX Faulds,
9406,S.Hypnoc G Coat,
9407,S.Hypnoc GF Coat,
9408,S.Hypnoc GX Coat,
9409,Vichi Coil,
9410,Vichi F Coil,
9411,Vichi FZ Coil,
9412,Vichi HS Coil,
9413,Vichi GS Coil,
9414,Vichi GP Coil,
9415,Vichi Coat,
9416,Vichi F Coat,
9417,Vichi FZ Coat,
9418,Vichi HS Coat,
9419,Vichi GS Coat,
9420,Vichi GP Coat,
9421,Guild Bard Coil,
9422,Guild Bard G Coil,
9423,Guild Bard GF Coil,
9424,Guild Bard GX Coil,
9425,Guild Bard Coat,
9426,Guild Bard G Coat,
9427,Guild Bard GF Coat,
9428,Guild Bard GX Coat,
9429,Scholar Skirt,
9430,Scholar G Skirt,
9431,Scholar GF Skirt,
9432,Scholar GX Skirt,
9433,Scholar Frill,
9434,Scholar G Frill,
9435,Scholar GF Frill,
9436,Scholar GX Frill,
9437,Amistad Coil・Black,Amistad Coil Black
9438,Amistad F Coil・Black,Amistad F Coil Black
9439,Amistad FZ Coil・Black,Amistad FZ Coil Black
9440,Amistad HS Coil・Black,Amistad HS Coil Black
9441,Amistad GS Coil・Black,Amistad GS Coil Black
9442,Amistad GP Coil・Black,Amistad GP Coil Black
9443,Amistad Coat・Black,Amistad Coat Black
9444,Amistad F Coat・Black,Amistad F Coat Black
9445,Amistad FZ Coat・Black,Amistad FZ Coat Black
9446,Amistad HS Coat・Black,Amistad HS Coat Black
9447,Amistad GS Coat・Black,Amistad GS Coat Black
9448,Amistad GP Coat・Black,Amistad GP Coat Black
9449,Amistad Coil・White,Amistad Coil White
9450,Amistad F Coil・White,Amistad F Coil White
9451,Amistad FZ Coil・White,Amistad FZ Coil White
9452,Amistad HS Coil・White,Amistad HS Coil Crimson
9453,Amistad GS Coil・White,Amistad GS Coil White
9454,Amistad GP Coil・White,Amistad GP Coil White
9455,Amistad Coat・White,Amistad Coat White
9456,Amistad F Coat・White,Amistad F Coat White
9457,Amistad FZ Coat・White,Amistad FZ Coat White
9458,Amistad HS Coat・White,Amistad HS Coat White
9459,Amistad GS Coat・White,Amistad GS Coat White
9460,Amistad GP Coat・White,Amistad GP Coat White
9461,Amistad Coil・Blue,Amistad Coil Blue
9462,Amistad F Coil・Blue,Amistad F Coil Blue
9463,Amistad FZ Coil・Blue,Amistad FZ Coil Blue
9464,Amistad HS Coil・Blue,Amistad HS Coil Black
9465,Amistad GS Coil・Blue,Amistad GS Coil Blue
9466,Amistad GP Coil・Blue,Amistad GP Coil Blue
9467,Amistad Coat・Blue,Amistad Coat Blue
9468,Amistad F Coat・Blue,Amistad F Coat Blue
9469,Amistad FZ Coat・Blue,Amistad FZ Coat Blue
9470,Amistad HS Coat・Blue,Amistad HS Coat Blue
9471,Amistad GS Coat・Blue,Amistad GS Coat Blue
9472,Amistad GP Coat・Blue,Amistad GP Coat Blue
9473,Amistad Coil・Crimson,Amistad Coil Crimson
9474,Amistad F Coil・Crimson,Amistad F Coil Crimson
9475,Amistad FZ Coil・Crimson,Amistad FZ Coil Crimson
9476,Amistad HS Coil・Crimson,Amistad HS Coil Blue
9477,Amistad GS Coil・Crimson,Amistad GS Coil Crimson
9478,Amistad GP Coil・Crimson,Amistad GP Coil Crimson
9479,Amistad Coat・Crimson,Amistad Coat Crimson
9480,Amistad F Coat・Crimson,Amistad F Coat Crimson
9481,Amistad FZ Coat・Crimson,Amistad FZ Coat Crimson
9482,Amistad HS Coat・Crimson,Amistad HS Coat Crimson
9483,Amistad GS Coat・Crimson,Amistad GS Coat Crimson
9484,Amistad GP Coat・Crimson,Amistad GP Coat Crimson
9485,Plug Waist :06,
9486,Plug F Waist :06,
9487,Plug FZ Waist :06,
9488,Plug HS Waist :06,
9489,Plug GS Waist :06,
9490,Plug GP Waist :06,
9491,Plug Coat :06,
9492,Plug F Coat :06,
9493,Plug FZ Coat :06,
9494,Plug HS Coat :06,
9495,Plug GS Coat :06,
9496,Plug GP Coat :06,
9497,Plug Waist :02,
9498,Plug F Waist :02,
9499,Plug FZ Waist :02,
9500,Plug HS Waist :02,
9501,Plug GS Waist :02,
9502,Plug GP Waist :02,
9503,Plug Coat :02,
9504,Plug F Coat :02,
9505,Plug FZ Coat :02,
9506,Plug HS Coat :02,
9507,Plug GS Coat :02,
9508,Plug GP Coat :02,
9509,Mark.06 Coil,
9510,Mark.06F Coil,
9511,Mark.06FZ Coil,
9512,Mark.06HS Coil,
9513,Mark.06GS Coil,
9514,Mark.06GP Coil,
9515,Mark.06 Coat,
9516,Mark.06F Coat,
9517,Mark.06FZ Coat,
9518,Mark.06HS Coat,
9519,Mark.06GS Coat,
9520,Mark.06GP Coat,
9521,Unit-02 Waist,
9522,Unit-02 F Waist,
9523,Unit-02 FZ Waist,
9524,Unit-02 HS Waist,
9525,Unit-02 GS Waist,
9526,Unit-02 GP Waist,
9527,Unit-02 Coat,
9528,Unit-02 F Coat,
9529,Unit-02 FZ Coat,
9530,Unit-02 HS Coat,
9531,Unit-02 GS Coat,
9532,Unit-02 GP Coat,
9533,Kaila Coil,
9534,Kaila F Coil,
9535,Kaila FZ Coil,
9536,Kaila HS Coil,
9537,Kaila GS Coil,
9538,Kaila GP Coil,
9539,Kaila Coat,
9540,Kaila F Coat,
9541,Kaila FZ Coat,
9542,Kaila HS Coat,
9543,Kaila GS Coat,
9544,Kaila GP Coat,
9545,ダミー,Dummy
9546,ダミー,Dummy
9547,ダミー,Dummy
9548,ダミー,Dummy
9549,ダミー,Dummy
9550,ダミー,Dummy
9551,Otono Faulds,
9552,Otono F Faulds,
9553,Otono FY Faulds,
9554,Otono HS Faulds,
9555,Otono G Faulds,
9556,Otono GF Faulds,
9557,Otono GX Faulds,
9558,Kabariba Faulds,
9559,Kabariba F Faulds,
9560,Kabariba FY Faulds,
9561,Kabariba HS Faulds,
9562,Kabariba G Faulds,
9563,Kabariba GF Faulds,
9564,Kabariba GX Faulds,
9565,Kabariba Coat,
9566,Kabariba F Coat,
9567,Kabariba FY Coat,
9568,Kabariba HS Coat,
9569,Kabariba G Coat,
9570,Kabariba GF Coat,
9571,Kabariba GX Coat,
9572,Toruboda Coil,
9573,Toruboda F Coil,
9574,Toruboda FY Coil,
9575,Toruboda HS Coil,
9576,Toruboda G Coil,
9577,Toruboda GF Coil,
9578,Toruboda GX Coil,
9579,Toruboda Coat,
9580,Toruboda F Coat,
9581,Toruboda FY Coat,
9582,Toruboda HS Coat,
9583,Toruboda G Coat,
9584,Toruboda GF Coat,
9585,Toruboda GX Coat,
9586,Orykto Faulds,
9587,Orykto F Faulds,
9588,Orykto FY Faulds,
9589,Orykto HS Faulds,
9590,Orykto Coat,
9591,Orykto F Coat,
9592,Orykto FY Coat,
9593,Orykto HS Coat,
9594,Reuasu G Coil,
9595,Reuasu GF Coil,
9596,Reuasu GX Coil,
9597,Reuasu G Coat,
9598,Reuasu GF Coat,
9599,Reuasu GX Coat,
9600,Harimeno Faulds,
9601,Harimeno F Faulds,
9602,Harimeno FY Faulds,
9603,Harimeno HS Faulds,
9604,Harimeno G Faulds,
9605,Harimeno GF Faulds,
9606,Harimeno GX Faulds,
9607,Harimeno Coat,
9608,Harimeno F Coat,
9609,Harimeno FY Coat,
9610,Harimeno HS Coat,
9611,Harimeno G Coat,
9612,Harimeno GF Coat,
9613,Harimeno GX Coat,
9614,Shiusu G Faulds,
9615,Shiusu GF Faulds,
9616,Shiusu GX Faulds,
9617,Shiusu G Coat,
9618,Shiusu GF Coat,
9619,Shiusu GX Coat,
9620,Barioth Faulds,
9621,Barioth G Faulds,
9622,Barioth GF Faulds,
9623,Barioth GX Faulds,
9624,Barioth Coat,
9625,Barioth G Coat,
9626,Barioth GF Coat,
9627,Barioth GX Coat,
9628,Will G Faulds,
9629,Will GF Faulds,
9630,Will GX Faulds,
9631,Will G Coat,
9632,Will GF Coat,
9633,Will GX Coat,
9634,Keisu Faulds,
9635,Keisu F Faulds,
9636,Keisu FY Faulds,
9637,Keisu HS Faulds,
9638,Keisu G Faulds,
9639,Keisu GF Faulds,
9640,Keisu GX Faulds,
9641,Keisu Coat,
9642,Keisu F Coat,
9643,Keisu FY Coat,
9644,Keisu HS Coat,
9645,Keisu G Coat,
9646,Keisu GF Coat,
9647,Keisu GX Coat,
9648,Lumiere Faulds,
9649,Lumiere F Faulds,
9650,Lumiere FY Faulds,
9651,Lumiere HS Faulds,
9652,Lumiere G Faulds,
9653,Lumiere GF Faulds,
9654,Lumiere GX Faulds,
9655,Lumiere Coat,
9656,Lumiere F Coat,
9657,Lumiere FY Coat,
9658,Lumiere HS Coat,
9659,Lumiere G Coat,
9660,Lumiere GF Coat,
9661,Lumiere GX Coat,
9662,Cleora Coil,
9663,Cleora F Coil,
9664,Cleora FY Coil,
9665,Cleora HS Coil,
9666,Cleora G Coil,
9667,Cleora GF Coil,
9668,Cleora GX Coil,
9669,Cleora Coat,
9670,Cleora F Coat,
9671,Cleora FY Coat,
9672,Cleora HS Coat,
9673,Cleora G Coat,
9674,Cleora GF Coat,
9675,Cleora GX Coat,
9676,Doragyurosu G Faulds,
9677,Doragyurosu GF Faulds,
9678,Doragyurosu GX Faulds,
9679,Doragyurosu G Coat,
9680,Doragyurosu GF Coat,
9681,Doragyurosu GX Coat,
9682,Wind GXアンダ,Wind GX Anda
9683,Wind GXアドミ,Wind GX Admi
9684,Meraginasu GX Faulds,
9685,Meraginasu GX Coat,
9686,Pobo GX Faulds,
9687,Pobo GX Coat,
9688,Toa Faulds,
9689,Toa F Faulds,
9690,Toa FX Faulds,
9691,Toa G Faulds,
9692,Toa GF Faulds,
9693,Toa GX Faulds,
9694,Toa Coat,
9695,Toa F Coat,
9696,Toa FX Coat,
9697,Toa G Coat,
9698,Toa GF Coat,
9699,Toa GX Coat,
9700,Blue Kut Ku G Faulds,
9701,Blue Kut Ku GF Faulds,
9702,Blue Kut Ku GX Faulds,
9703,Blue Kut Ku G Coat,
9704,Blue Kut Ku GF Coat,
9705,Blue Kut Ku GX Coat,
9706,Dreadrock G【腰当て】,Dreadrock G [Waist]
9707,Dreadrock GF【腰当て】,Dreadrock GF [Waist]
9708,Dreadrock GX【腰当て】,Dreadrock GX [Waist]
9709,Redrock G【腰当て】,Redrock G[Waist]
9710,Redrock GF【腰当て】,Redrock GF[Waist]
9711,Redrock GX【腰当て】,Redrock GX[Waist]
9712,Cielo Coil,
9713,Cielo F Coil,
9714,Cielo FZ Coil,
9715,Cielo HS Coil,
9716,Cielo GS Coil,
9717,Cielo GP Coil,
9718,Cielo Coat,
9719,Cielo F Coat,
9720,Cielo FZ Coat,
9721,Cielo HS Coat,
9722,Cielo GS Coat,
9723,Cielo GP Coat,
9724,Gagachu Coil,
9725,Gagachu F Coil,
9726,Gagachu FZ Coil,
9727,Gagachu HS Coil,
9728,Gagachu GS Coil,
9729,Gagachu GP Coil,
9730,Gagachu Coat,
9731,Gagachu F Coat,
9732,Gagachu FZ Coat,
9733,Gagachu HS Coat,
9734,Gagachu GS Coat,
9735,Gagachu GP Coat,
9736,Salta Coil,
9737,Salta F Coil,
9738,Salta FZ Coil,
9739,Salta HS Coil,
9740,Salta GS Coil,
9741,Salta GP Coil,
9742,Salta Coat,
9743,Salta F Coat,
9744,Salta FZ Coat,
9745,Salta HS Coat,
9746,Salta GS Coat,
9747,Salta GP Coat,
9748,Chiru G Faulds,
9749,Chiru GF Faulds,
9750,Chiru GX Faulds,
9751,Chiru G Coat,
9752,Chiru GF Coat,
9753,Chiru GX Coat,
9754,Ganeto G Faulds,
9755,Ganeto GF Faulds,
9756,Ganeto GX Faulds,
9757,Ganeto G Coat,
9758,Ganeto GF Coat,
9759,Ganeto GX Coat,
9760,Chiyo Waistband,
9761,Chiyo Waistband F,
9762,Chiyo Waistband FZ,
9763,Chiyo Waistband HS,
9764,Chiyo Waistband GS,
9765,Chiyo Waistband GP,
9766,Chiyo Colour Belt,
9767,Chiyo Colour Belt F,
9768,Chiyo Colour Belt FZ,
9769,Chiyo Colour Belt HS,
9770,Chiyo Colour Belt GS,
9771,Chiyo Colour Belt GP,
9772,Uragaan Faulds,
9773,Uragaan G Faulds,
9774,Uragaan GF Faulds,
9775,Uragaan GX Faulds,
9776,Uragaan Coat,
9777,Uragaan G Coat,
9778,Uragaan GF Coat,
9779,Uragaan GX Coat,
9780,祭のあとに【負け犬】,After the Festival [Loser]
9781,祭のあとに【負け犬】,After the Festival [Loser]
9782,祭のあとに【負け犬】,After the Festival [Loser]
9783,祭のあとに【負け犬】,After the Festival [Loser]
9784,祭のあとに【負け犬】,After the Festival [Loser]
9785,祭のあとに【負け犬】,After the Festival [Loser]
9786,祭のあとに【負け犬】,After the Festival [Loser]
9787,祭のあとに【負け犬】,After the Festival [Loser]
9788,祭のあとに【負け犬】,After the Festival [Loser]
9789,祭のあとに【負け犬】,After the Festival [Loser]
9790,祭のあとに【負け犬】,After the Festival [Loser]
9791,祭のあとに【負け犬】,After the Festival [Loser]
9792,祭のあとに【負け犬】,After the Festival [Loser]
9793,祭のあとに【負け犬】,After the Festival [Loser]
9794,祭のあとに【負け犬】,After the Festival [Loser]
9795,祭のあとに【負け犬】,After the Festival [Loser]
9796,祭のあとに【負け犬】,After the Festival [Loser]
9797,祭のあとに【負け犬】,After the Festival [Loser]
9798,祭のあとに【負け犬】,After the Festival [Loser]
9799,祭のあとに【負け犬】,After the Festival [Loser]
9800,祭のあとに【負け犬】,After the Festival [Loser]
9801,祭のあとに【負け犬】,After the Festival [Loser]
9802,祭のあとに【負け犬】,After the Festival [Loser]
9803,祭のあとに【負け犬】,After the Festival [Loser]
9804,祭のあとに【負け犬】,After the Festival [Loser]
9805,祭のあとに【負け犬】,After the Festival [Loser]
9806,祭のあとに【負け犬】,After the Festival [Loser]
9807,祭のあとに【負け犬】,After the Festival [Loser]
9808,祭のあとに【負け犬】,After the Festival [Loser]
9809,祭のあとに【負け犬】,After the Festival [Loser]
9810,祭のあとに【負け犬】,After the Festival [Loser]
9811,祭のあとに【負け犬】,After the Festival [Loser]
9812,祭のあとに【負け犬】,After the Festival [Loser]
9813,祭のあとに【負け犬】,After the Festival [Loser]
9814,祭のあとに【負け犬】,After the Festival [Loser]
9815,祭のあとに【負け犬】,After the Festival [Loser]
9816,祭のあとに【負け犬】,After the Festival [Loser]
9817,祭のあとに【負け犬】,After the Festival [Loser]
9818,祭のあとに【負け犬】,After the Festival [Loser]
9819,祭のあとに【負け犬】,After the Festival [Loser]
9820,祭のあとに【負け犬】,After the Festival [Loser]
9821,祭のあとに【負け犬】,After the Festival [Loser]
9822,祭のあとに【負け犬】,After the Festival [Loser]
9823,祭のあとに【負け犬】,After the Festival [Loser]
9824,祭のあとに【負け犬】,After the Festival [Loser]
9825,祭のあとに【負け犬】,After the Festival [Loser]
9826,祭のあとに【負け犬】,After the Festival [Loser]
9827,祭のあとに【負け犬】,After the Festival [Loser]
9828,祭のあとに【負け犬】,After the Festival [Loser]
9829,祭のあとに【負け犬】,After the Festival [Loser]
9830,祭のあとに【負け犬】,After the Festival [Loser]
9831,祭のあとに【負け犬】,After the Festival [Loser]
9832,祭のあとに【負け犬】,After the Festival [Loser]
9833,祭のあとに【負け犬】,After the Festival [Loser]
9834,祭のあとに【負け犬】,After the Festival [Loser]
9835,祭のあとに【負け犬】,After the Festival [Loser]
9836,祭のあとに【負け犬】,After the Festival [Loser]
9837,祭のあとに【負け犬】,After the Festival [Loser]
9838,祭のあとに【負け犬】,After the Festival [Loser]
9839,祭のあとに【負け犬】,After the Festival [Loser]
9840,Onyx Coil,
9841,Onyx F Coil,
9842,Onyx FX Coil,
9843,Rutile Coil,
9844,Rutile F Coil,
9845,Rutile FX Coil,
9846,Byakko・斬将G Coil,Byakko Blade General G Coil
9847,Byakko・斬将GF Coil,Byakko Slash General GF Coil
9848,Byakko・斬将GX Coil,Byakko Slash General GX Coil
9849,Suzaku・斬将G Coil,Suzaku Slash General G Coil
9850,Suzaku・斬将GF Coil,Suzaku Slash General GF Coil
9851,Suzaku・斬将GX Coil,Suzaku Slash General GX Coil
9852,Genbu・斬将G Coil,Genbu Slash General G Coil
9853,Genbu・斬将GF Coil,Genbu Slash General GF Coil
9854,Genbu・斬将GX Coil,Genbu Slash General GX Coil
9855,Seiryu・斬将G Coil,Seiryu Slash Commander G Waist
9856,Seiryu・斬将GF Coil,Seiryu Slash Commander GF Waist
9857,Seiryu・斬将GX Coil,Seiryu Slash Commander GX Waist
9858,White 蘭・斬将 Coil,White Orchid Slash General Coil
9859,White 蘭・斬将F Coil,White Orchid Slash General F Coil
9860,White 蘭・斬将FX Coil,White Orchid Slaying General FX Coil
9861,Crimson 霞・斬将 Coil,Crimson Mist Slash General Coil
9862,Crimson 霞・斬将F Coil,Crimson Mist Slash GeneralF Coil
9863,Crimson 霞・斬将FX Coil,Crimson Mist Slash GeneralFX Coil
9864,White 蘭・斬将G Coil,White Orchid Slaying General G Coil
9865,White 蘭・斬将GF Coil,White Orchid Slaying General GF Coil
9866,White 蘭・斬将GX Coil,White Orchid Slaying General GX Coil
9867,月夜・斬将G Coil,Moonlit Night Slash General G Coil
9868,月夜・斬将GF Coil,Moonlit Night Slash General GF Coil
9869,月夜・斬将GX Coil,Moonlit Night Slash General GX Coil
9870,Crimson 霞・斬将G Coil,Crimson Mist Slash GeneralG Coil
9871,Crimson 霞・斬将GF Coil,Crimson Mist Slash GeneralGF Coil
9872,Crimson 霞・斬将GX Coil,Crimson Haze Slash General GX Coil
9873,Green 穹・斬将G Coil,Green Sky Slash General G Coil
9874,Green 穹・斬将GF Coil,Green Vault Slash General GF Coil
9875,Green 穹・斬将GX Coil,Green Vault Slash General GX Coil
9876,Guan Coil,
9877,Guan F Coil,
9878,Guan FX Coil,
9879,Guan G Coil,
9880,Guan GF Coil,
9881,Guan GX Coil,
9882,Guan Coat,
9883,Guan F Coat,
9884,Guan FX Coat,
9885,Guan G Coat,
9886,Guan GF Coat,
9887,Guan GX Coat,
9888,Conqueror G【腰当て】,Conqueror G [Waist]
9889,Conqueror GF【腰当て】,Conqueror GF [Waist]
9890,Conqueror GX【腰当て】,Conqueror GX [Waist]
9891,Emperor G【腰当て】,Emperor G (Waist)
9892,Emperor GF【腰当て】,Emperor GF (Waist)
9893,Emperor GX【腰当て】,Emperor GX (Waist)
9894,Kushala Gアンダ,Kushala G Anda
9895,Kushala GFアンダ,Kushala GF Anda
9896,Kushala GXアンダ,Kushala GX Anda
9897,Kushala Gアドミ,Kushala G Adomi
9898,Kushala GFアドミ,Kushala GF Adomi
9899,Kushala GXアドミ,Kushala GX Adomi
9900,Kaiser G Faulds,
9901,Kaiser GF Faulds,
9902,Kaiser GX Faulds,
9903,Kaiser G Coat,
9904,Kaiser GF Coat,
9905,Kaiser GX Coat,
9906,Mizuha G【丸 Obi 】,Mizuha G[Waist]
9907,Mizuha GF【丸 Obi 】,Mizuha GF[Waist]
9908,Mizuha GX【丸 Obi 】,Mizuha GX[Waist]
9909,Toyotama G【丸 Obi 】,Toyotama G [Maru Obi]
9910,Toyotama GF【丸 Obi 】,Toyotama GF [Maru Obi]
9911,Toyotama GX【丸 Obi 】,Toyotama GX [Maru Obi]
9912,Nargacuga Faulds,
9913,Nargacuga G Faulds,
9914,Nargacuga GF Faulds,
9915,Nargacuga GX Faulds,
9916,Nargacuga Coat,
9917,Nargacuga G Coat,
9918,Nargacuga GF Coat,
9919,Nargacuga GX Coat,
9920,Perifu Coil・Blue,Perifu Coil Blue
9921,Perifu F Coil・Blue,Perifu F Coil Blue
9922,Perifu FZ Coil・Blue,Perifu FZ Coil Blue
9923,Perifu HS Coil・Blue,Perifu HS Coil Blue
9924,Perifu GS Coil・Blue,Perifu GS Coil Blue
9925,Perifu GP Coil・Blue,Perifu GP Coil Blue
9926,Perifu Coat・Blue,Perifu Coat Blue
9927,Perifu F Coat・Blue,Perifu F Coat Blue
9928,Perifu FZ Coat・Blue,Perifu FZ Coat Blue
9929,Perifu HS Coat・Blue,Perifu HS Coat Blue
9930,Perifu GS Coat・Blue,Perifu GS Coat Blue
9931,Perifu GP Coat・Blue,Perifu GP Coat Blue
9932,Perifu Coil・Tea,Perifu Coil Tea
9933,Perifu F Coil・Tea,Perifu F Coil Tea
9934,Perifu FZ Coil・Tea,Perifu FZ Coil Tea
9935,Perifu HS Coil・Tea,Perifu HS Coil Tea
9936,Perifu GS Coil・Tea,Perifu GS Coil Tea
9937,Perifu GP Coil・Tea,Perifu GP Coil Tea
9938,Perifu Coat・Tea,Perifu Coat Tea
9939,Perifu F Coat・Tea,Perifu F Coat Tea
9940,Perifu FZ Coat・Tea,Perifu FZ Coat Tea
9941,Perifu HS Coat・Tea,Perifu HS Coat Tea
9942,Perifu GS Coat・Tea,Perifu GS Coat Tea
9943,Perifu GP Coat・Tea,Perifu GP Coat Tea
9944,Perifu Coil・Green,Perifu Coil Green
9945,Perifu F Coil・Green,Perifu F Coil Green
9946,Perifu FZ Coil・Green,Perifu FZ Coil Green
9947,Perifu HS Coil・Green,Perifu HS Coil Green
9948,Perifu GS Coil・Green,Perifu GS Coil Green
9949,Perifu GP Coil・Green,Perifu GP Coil Green
9950,Perifu Coat・Green,Perifu Coat Green
9951,Perifu F Coat・Green,Perifu F Coat Green
9952,Perifu FZ Coat・Green,Perifu FZ Coat Green
9953,Perifu HS Coat・Green,Perifu HS Coat Green
9954,Perifu GS Coat・Green,Perifu GS Coat Green
9955,Perifu GP Coat・Green,Perifu GP Coat Green
9956,Perifu Coil・Purple,Perifu Coil Purple
9957,Perifu F Coil・Purple,Perifu F Coil Purple
9958,Perifu FZ Coil・Purple,Perifu FZ Coil Purple
9959,Perifu HS Coil・Purple,Perifu HS Coil Purple
9960,Perifu GS Coil・Purple,Perifu GS Coil Purple
9961,Perifu GP Coil・Purple,Perifu GP Coil Purple
9962,Perifu Coat・Purple,Perifu Coat Purple
9963,Perifu F Coat・Purple,Perifu F Coat Purple
9964,Perifu FZ Coat・Purple,Perifu FZ Coat Purple
9965,Perifu HS Coat・Purple,Perifu HS Coat Purple
9966,Perifu GS Coat・Purple,Perifu GS Coat Purple
9967,Perifu GP Coat・Purple,Perifu GP Coat Purple
9968,Kaiji Waist,
9969,Kaiji F Waist,
9970,Kaiji FZ Waist,
9971,Kaiji HS Waist,
9972,Kaiji GS Waist,
9973,Kaiji GP Waist,
9974,Kaiji Coat,
9975,Kaiji F Coat,
9976,Kaiji FZ Coat,
9977,Kaiji HS Coat,
9978,Kaiji GS Coat,
9979,Kaiji GP Coat,
9980,Mikoko Waist,
9981,Mikoko F Waist,
9982,Mikoko FZ Waist,
9983,Mikoko HS Waist,
9984,Mikoko GS Waist,
9985,Mikoko GP Waist,
9986,Mikoko Coat,
9987,Mikoko F Coat,
9988,Mikoko FZ Coat,
9989,Mikoko HS Coat,
9990,Mikoko GS Coat,
9991,Mikoko GP Coat,
9992,テリュオ Coil,Teryuo Coil
9993,テリュオF Coil,Teryuo F Coil
9994,テリュオFZ Coil,Teryuo FZ Coil
9995,テリュオHS Coil,Teryuo HS Coil
9996,テリュオGS Coil,Teryuo GS Coil
9997,テリュオGP Coil,Teryuo GP Coil
9998,テリュオ Coat,Teryuo Coat
9999,テリュオF Coat,Teryuo F Coat
10000,テリュオFZ Coat,Teryuo FZ Coat
10001,テリュオHS Coat,Teryuo HS Coat
10002,テリュオGS Coat,Teryuo GS Coat
10003,テリュオGP Coat,Teryuo GP Coat
10004,Sailor Skirt,
10005,Sailor G Skirt,
10006,Sailor GF Skirt,
10007,Sailor GX Skirt,
10008,Sailor Frill,
10009,Sailor G Frill,
10010,Sailor GF Frill,
10011,Sailor GX Frill,
10012,スフレ Coil,Souffle Coil
10013,スフレF Coil,Souffle F Coil
10014,スフレFZ Coil,Souffle FZ Coil
10015,スフレHS Coil,Souffle HS Coil
10016,スフレGS Coil,Souffle GS Coil
10017,スフレGP Coil,Souffle GP Coil
10018,スフレ Coat,Souffle Coat
10019,スフレF Coat,Souffle F Coat
10020,スフレFZ Coat,Souffle FZ Coat
10021,スフレHS Coat,Souffle HS Coat
10022,スフレGS Coat,Souffle GS Coat
10023,スフレGP Coat,Souffle GP Coat
10024,Demon Tale ノ虎布G,Demon Tale Tiger Cloth G
10025,Demon Tale ノ虎布GF,Demon Tale Tiger Cloth GF
10026,Demon Tale ノ虎布GX,Demon Tale Tiger Cloth GX
10027,童伝ノ虎布G,Legendary Child Tiger Cloth G
10028,童伝ノ虎布GF,Legendary Child Tiger Cloth GF
10029,童伝ノ虎布GX,Legendary Child Tiger Cloth GX
10030,Valier Faulds,
10031,Valier F Faulds,
10032,Valier FY Faulds,
10033,Valier HS Faulds,
10034,Valier G Faulds,
10035,Valier GF Faulds,
10036,Valier GX Faulds,
10037,Valier Coat,
10038,Valier F Coat,
10039,Valier FY Coat,
10040,Valier HS Coat,
10041,Valier G Coat,
10042,Valier GF Coat,
10043,Valier GX Coat,
10044,Lars Faulds,
10045,Lars F Faulds,
10046,Lars FY Faulds,
10047,Lars HS Faulds,
10048,Lars G Faulds,
10049,Lars GF Faulds,
10050,Lars GX Faulds,
10051,Lars Coat,
10052,Lars F Coat,
10053,Lars FY Coat,
10054,Lars HS Coat,
10055,Lars G Coat,
10056,Lars GF Coat,
10057,Lars GX Coat,
10058,Shirukku Faulds,
10059,Shirukku F Faulds,
10060,Shirukku FY Faulds,
10061,Shirukku HS Faulds,
10062,Shirukku G Faulds,
10063,Shirukku GF Faulds,
10064,Shirukku GX Faulds,
10065,Shirukku Coat,
10066,Shirukku F Coat,
10067,Shirukku FY Coat,
10068,Shirukku HS Coat,
10069,Shirukku G Coat,
10070,Shirukku GF Coat,
10071,Shirukku GX Coat,
10072,Norukku Faulds,
10073,Norukku F Faulds,
10074,Norukku FY Faulds,
10075,Norukku HS Faulds,
10076,Norukku G Faulds,
10077,Norukku GF Faulds,
10078,Norukku GX Faulds,
10079,Norukku Coat,
10080,Norukku F Coat,
10081,Norukku FY Coat,
10082,Norukku HS Coat,
10083,Norukku G Coat,
10084,Norukku GF Coat,
10085,Norukku GX Coat,
10086,Reiresu G Coil,
10087,Reiresu GF Coil,
10088,Reiresu GX Coil,
10089,Reiresu G Coat,
10090,Reiresu GF Coat,
10091,Reiresu GX Coat,
10092,Saint G Coil,
10093,Saint GF Coil,
10094,Saint GX Coil,
10095,Saint G Coat,
10096,Saint GF Coat,
10097,Saint GX Coat,
10098,Solflare Coil,
10099,Solflare F Coil,
10100,Solflare FZ Coil,
10101,Solflare HS Coil,
10102,Solflare GS Coil,
10103,Solflare GP Coil,
10104,Solflare Coat,
10105,Solflare F Coat,
10106,Solflare FZ Coat,
10107,Solflare HS Coat,
10108,Solflare GS Coat,
10109,Solflare GP Coat,
10110,Arben Coil,
10111,Arben F Coil,
10112,Arben FZ Coil,
10113,Arben HS Coil,
10114,Arben GS Coil,
10115,Arben GP Coil,
10116,Arben Coat,
10117,Arben F Coat,
10118,Arben FZ Coat,
10119,Arben HS Coat,
10120,Arben GS Coat,
10121,Arben GP Coat,
10122,Keravuno Coil,
10123,Keravuno F Coil,
10124,Keravuno FZ Coil,
10125,Keravuno HS Coil,
10126,Keravuno GS Coil,
10127,Keravuno GP Coil,
10128,Keravuno Coat,
10129,Keravuno F Coat,
10130,Keravuno FZ Coat,
10131,Keravuno HS Coat,
10132,Keravuno GS Coat,
10133,Keravuno GP Coat,
10134,Sailor Coil,
10135,Sailor G Coil,
10136,Sailor GF Coil,
10137,Sailor GX Coil,
10138,Sailor Coat,
10139,Sailor G Coat,
10140,Sailor GF Coat,
10141,Sailor GX Coat,
10142,Waka Waistband,
10143,Waka Waistband F,
10144,Waka Waistband FZ,
10145,Waka Waistband HS,
10146,Waka Waistband GS,
10147,Waka Waistband GP,
10148,Waka Colour Belt,
10149,Waka Colour Belt F,
10150,Waka Colour Belt FZ,
10151,Waka Colour Belt HS,
10152,Waka Colour Belt GS,
10153,Waka Colour Belt GP,
10154,Ruko G Wing,
10155,Ruko GF Wing,
10156,Ruko GX Wing,
10157,Ruko Gテイル,Ruko G Tail
10158,Ruko GFテイル,Ruko GF Tail
10159,Ruko GXテイル,Ruko GX Tail
10160,Kirin Gフープ,Kirin G Hoop
10161,Kirin GFフープ,Kirin GF Hoop
10162,Kirin GXフープ,Kirin GX Hoop
10163,Kirin Gショルト,Kirin G Schult
10164,Kirin GFショルト,Kirin GF Schult
10165,Kirin GXショルト,Kirin GX Schult
10166,Voljang Coil,
10167,Voljang F Coil,
10168,Voljang FX Coil,
10169,Voljang G Coil,
10170,Voljang GF Coil,
10171,Voljang GX Coil,
10172,Voljang Coat,
10173,Voljang F Coat,
10174,Voljang FX Coat,
10175,Voljang G Coat,
10176,Voljang GF Coat,
10177,Voljang GX Coat,
10178,Flame GX Coil,
10179,Flame GX Coat,
10180,Furoru GX Waist,
10181,Furoru GX Belt,
10182,Varusa GX Faulds,
10183,Varusa GX Coat,
10184,Stygian Faulds,
10185,Stygian G Faulds,
10186,Stygian GF Faulds,
10187,Stygian GX Faulds,
10188,Stygian Coat,
10189,Stygian G Coat,
10190,Stygian GF Coat,
10191,Stygian GX Coat,
10192,Melynx Coil,
10193,Melynx F Coil,
10194,Melynx FZ Coil,
10195,Melynx HS Coil,
10196,Melynx GS Coil,
10197,Melynx GP Coil,
10198,Melynx Coat,
10199,Melynx F Coat,
10200,Melynx FZ Coat,
10201,Melynx HS Coat,
10202,Melynx GS Coat,
10203,Melynx GP Coat,
10204,Felyne Coil,
10205,Felyne F Coil,
10206,Felyne FZ Coil,
10207,Felyne HS Coil,
10208,Felyne GS Coil,
10209,Felyne GP Coil,
10210,Felyne Coat,
10211,Felyne F Coat,
10212,Felyne FZ Coat,
10213,Felyne HS Coat,
10214,Felyne GS Coat,
10215,Felyne GP Coat,
10216,Tabby Coil,
10217,Tabby F Coil,
10218,Tabby FZ Coil,
10219,Tabby HS Coil,
10220,Tabby GS Coil,
10221,Tabby GP Coil,
10222,Tabby Coat,
10223,Tabby F Coat,
10224,Tabby FZ Coat,
10225,Tabby HS Coat,
10226,Tabby GS Coat,
10227,Tabby GP Coat,
10228,Brown Coil,
10229,Brown F Coil,
10230,Brown FZ Coil,
10231,Brown HS Coil,
10232,Brown GS Coil,
10233,Brown GP Coil,
10234,Brown Coat,
10235,Brown F Coat,
10236,Brown FZ Coat,
10237,Brown HS Coat,
10238,Brown GS Coat,
10239,Brown GP Coat,
10240,Calico Coil,
10241,Calico F Coil,
10242,Calico FZ Coil,
10243,Calico HS Coil,
10244,Calico GS Coil,
10245,Calico GP Coil,
10246,Calico Coat,
10247,Calico F Coat,
10248,Calico FZ Coat,
10249,Calico HS Coat,
10250,Calico GS Coat,
10251,Calico GP Coat,
10252,Monotone Coil,
10253,Monotone F Coil,
10254,Monotone FZ Coil,
10255,Monotone HS Coil,
10256,Monotone GS Coil,
10257,Monotone GP Coil,
10258,Monotone Coat,
10259,Monotone F Coat,
10260,Monotone FZ Coat,
10261,Monotone HS Coat,
10262,Monotone GS Coat,
10263,Monotone GP Coat,
10264,Chashiro Coil,
10265,Chashiro F Coil,
10266,Chashiro FZ Coil,
10267,Chashiro HS Coil,
10268,Chashiro GS Coil,
10269,Chashiro GP Coil,
10270,Chashiro Coat,
10271,Chashiro F Coat,
10272,Chashiro FZ Coat,
10273,Chashiro HS Coat,
10274,Chashiro GS Coat,
10275,Chashiro GP Coat,
10276,Two-tone Coil,
10277,Two-tone F Coil,
10278,Two-tone FZ Coil,
10279,Two-tone HS Coil,
10280,Two-tone GS Coil,
10281,Two-tone GP Coil,
10282,Two-tone Coat,
10283,Two-tone F Coat,
10284,Two-tone FZ Coat,
10285,Two-tone HS Coat,
10286,Two-tone GS Coat,
10287,Two-tone GP Coat,
10288,Elegant Waist,
10289,Elegant F Waist,
10290,Elegant FZ Waist,
10291,Elegant HS Waist,
10292,Elegant GS Waist,
10293,Elegant GP Waist,
10294,Elegant Coat,
10295,Elegant F Coat,
10296,Elegant FZ Coat,
10297,Elegant HS Coat,
10298,Elegant GS Coat,
10299,Elegant GP Coat,
10300,Aura Coil,
10301,Aura F Coil,
10302,Aura FZ Coil,
10303,Aura HS Coil,
10304,Aura GS Coil,
10305,Aura GP Coil,
10306,Aura Coat,
10307,Aura F Coat,
10308,Aura FZ Coat,
10309,Aura HS Coat,
10310,Aura GS Coat,
10311,Aura GP Coat,
10312,Wasou Waistband,
10313,Wasou Waistband F,
10314,Wasou Waistband FZ,
10315,Wasou Waistband HS,
10316,Wasou Waistband GS,
10317,Wasou Waistband GP,
10318,Wasou Colour Belt,
10319,Wasou Colour Belt F,
10320,Wasou Colour Belt FZ,
10321,Wasou Colour Belt HS,
10322,Wasou Colour Belt GS,
10323,Wasou Colour Belt GP,
10324,Blue Ice Emperor Coil,
10325,Blue Ice Emperor F Coil,
10326,Blue Ice Emperor FZ Coil,
10327,Blue Ice Emperor HS Coil,
10328,Blue Ice Emperor GS Coil,
10329,Blue Ice Emperor GP Coil,
10330,Blue Ice Emperor Coat,
10331,Blue Ice Emperor F Coat,
10332,Blue Ice Emperor FZ Coat,
10333,Blue Ice Emperor HS Coat,
10334,Blue Ice Emperor GS Coat,
10335,Blue Ice Emperor GP Coat,
10336,White Ice Emperor Coil,
10337,White Ice Emperor F Coil,
10338,White Ice Emperor FZ Coil,
10339,White Ice Emperor HS Coil,
10340,White Ice Emperor GS Coil,
10341,White Ice Emperor GP Coil,
10342,White Ice Emperor Coat,
10343,White Ice Emperor F Coat,
10344,White Ice Emperor FZ Coat,
10345,White Ice Emperor HS Coat,
10346,White Ice Emperor GS Coat,
10347,White Ice Emperor GP Coat,
10348,Red Ice Emperor Coil,
10349,Red Ice Emperor F Coil,
10350,Red Ice Emperor FZ Coil,
10351,Red Ice Emperor HS Coil,
10352,Red Ice Emperor GS Coil,
10353,Red Ice Emperor GP Coil,
10354,Red Ice Emperor Coat,
10355,Red Ice Emperor F Coat,
10356,Red Ice Emperor FZ Coat,
10357,Red Ice Emperor HS Coat,
10358,Red Ice Emperor GS Coat,
10359,Red Ice Emperor GP Coat,
10360,Taruta Coil,
10361,Taruta F Coil,
10362,Taruta FZ Coil,
10363,Taruta HS Coil,
10364,Taruta GS Coil,
10365,Taruta GP Coil,
10366,Taruta Coat,
10367,Taruta F Coat,
10368,Taruta FZ Coat,
10369,Taruta HS Coat,
10370,Taruta GS Coat,
10371,Taruta GP Coat,
10372,Ruruta Coil,
10373,Ruruta F Coil,
10374,Ruruta FZ Coil,
10375,Ruruta HS Coil,
10376,Ruruta GS Coil,
10377,Ruruta GP Coil,
10378,Ruruta Coat,
10379,Ruruta F Coat,
10380,Ruruta FZ Coat,
10381,Ruruta HS Coat,
10382,Ruruta GS Coat,
10383,Ruruta GP Coat,
10384,Kurofi Coil,
10385,Kurofi F Coil,
10386,Kurofi FZ Coil,
10387,Kurofi HS Coil,
10388,Kurofi GS Coil,
10389,Kurofi GP Coil,
10390,Kurofi Coat,
10391,Kurofi F Coat,
10392,Kurofi FZ Coat,
10393,Kurofi HS Coat,
10394,Kurofi GS Coat,
10395,Kurofi GP Coat,
10396,Gudan Coil,
10397,Gudan F Coil,
10398,Gudan FZ Coil,
10399,Gudan HS Coil,
10400,Gudan GS Coil,
10401,Gudan GP Coil,
10402,Chiarim Coil,
10403,Chiarim F Coil,
10404,Chiarim FZ Coil,
10405,Chiarim HS Coil,
10406,Chiarim GS Coil,
10407,Chiarim GP Coil,
10408,Chiarim Coat,
10409,Chiarim F Coat,
10410,Chiarim FZ Coat,
10411,Chiarim HS Coat,
10412,Chiarim GS Coat,
10413,Chiarim GP Coat,
10414,Rohokku Faulds,
10415,Rohokku F Faulds,
10416,Rohokku FY Faulds,
10417,Rohokku HS Faulds,
10418,Rohokku G Faulds,
10419,Rohokku GF Faulds,
10420,Rohokku GX Faulds,
10421,Rohokku Coat,
10422,Rohokku F Coat,
10423,Rohokku FY Coat,
10424,Rohokku HS Coat,
10425,Rohokku G Coat,
10426,Rohokku GF Coat,
10427,Rohokku GX Coat,
10428,Cure Faulds,
10429,Cure F Faulds,
10430,Cure FY Faulds,
10431,Cure HS Faulds,
10432,Cure G Faulds,
10433,Cure GF Faulds,
10434,Cure GX Faulds,
10435,Cure Coat,
10436,Cure F Coat,
10437,Cure FY Coat,
10438,Cure HS Coat,
10439,Cure G Coat,
10440,Cure GF Coat,
10441,Cure GX Coat,
10442,鬼凛ノ虎布G,Onirin Tiger Cloth G
10443,鬼凛ノ虎布GF,Onirin Tiger Cloth GF
10444,鬼凛ノ虎布GX,Onirin Tiger Cloth GX
10445,童凛ノ虎布G,Noble Child Tiger Cloth G
10446,童凛ノ虎布GF,Youngling's Tiger Cloth GF
10447,童凛ノ虎布GX,Youngling's Tiger Cloth GX
10448,Eguiene Faulds,
10449,Eguiene F Faulds,
10450,Eguiene FY Faulds,
10451,Eguiene HS Faulds,
10452,Eguiene G Faulds,
10453,Eguiene GF Faulds,
10454,Eguiene GX Faulds,
10455,Eguiene Coat,
10456,Eguiene F Coat,
10457,Eguiene FY Coat,
10458,Eguiene HS Coat,
10459,Eguiene G Coat,
10460,Eguiene GF Coat,
10461,Eguiene GX Coat,
10462,Vakusu Faulds,
10463,Vakusu F Faulds,
10464,Vakusu FY Faulds,
10465,Vakusu HS Faulds,
10466,Vakusu G Faulds,
10467,Vakusu GF Faulds,
10468,Vakusu GX Faulds,
10469,Vakusu Coat,
10470,Vakusu F Coat,
10471,Vakusu FY Coat,
10472,Vakusu HS Coat,
10473,Vakusu G Coat,
10474,Vakusu GF Coat,
10475,Vakusu GX Coat,
10476,Nympha Coil,
10477,Chloe Coil,
10478,Espinas Z Navel,
10479,Espinas ZF Navel,
10480,Espinas ZY Navel,
10481,Espinas ZX Navel,
10482,Espinas Z Belly,
10483,Espinas ZF Belly,
10484,Espinas ZY Belly,
10485,Espinas ZX Belly,
10486,Hypnoc Z Faulds,
10487,Hypnoc ZF Faulds,
10488,Hypnoc ZY Faulds,
10489,Hypnoc ZX Faulds,
10490,Hypnoc Z Coat,
10491,Hypnoc ZF Coat,
10492,Hypnoc ZY Coat,
10493,Hypnoc ZX Coat,
10494,Khezu Z Faulds,
10495,Khezu ZF Faulds,
10496,Khezu ZY Faulds,
10497,Khezu ZX Faulds,
10498,Khezu Z Coat,
10499,Khezu ZF Coat,
10500,Khezu ZY Coat,
10501,Khezu ZX Coat,
10502,Hermitaur Z Faulds,
10503,Hermitaur ZF Faulds,
10504,Hermitaur ZY Faulds,
10505,Hermitaur ZX Faulds,
10506,Hermitaur Z Coat,
10507,Hermitaur ZF Coat,
10508,Hermitaur ZY Coat,
10509,Hermitaur ZX Coat,
10510,Dios Coil,
10511,Dios F Coil,
10512,Dios FZ Coil,
10513,Dios HS Coil,
10514,Dios GS Coil,
10515,Dios GP Coil,
10516,Dios ZP Coil,
10517,Dios Coat,
10518,Dios F Coat,
10519,Dios FZ Coat,
10520,Dios HS Coat,
10521,Dios GS Coat,
10522,Dios GP Coat,
10523,Dios ZP Coat,
10524,Evol Coil・White,Evol Coil White
10525,Evol F Coil・White,Evol F Coil White
10526,Evol FZ Coil・White,Evol FZ Coil White
10527,Evol HS Coil・White,Evol HS Coil White
10528,Evol GS Coil・White,Evol GS Coil White
10529,Evol GP Coil・White,Evol GP Coil White
10530,Evol ZP Coil・White,Evol ZP Coil White
10531,Evol Coat・White,Evol Coat White
10532,Evol F Coat・White,Evol F Coat White
10533,Evol FZ Coat・White,Evol FZ Coat White
10534,Evol HS Coat・White,Evol HS Coat White
10535,Evol GS Coat・White,Evol GS Coat White
10536,Evol GP Coat・White,Evol GP Coat White
10537,Evol ZP Coat・White,Evol ZP Coat White
10538,Evol Coil・Red,Evol Coil Red
10539,Evol F Coil・Red,Evol F Coil Red
10540,Evol FZ Coil・Red,Evol FZ Coil Red
10541,Evol HS Coil・Red,Evol HS Coil Red
10542,Evol GS Coil・Red,Evol GS Coil Red
10543,Evol GP Coil・Red,Evol GP Coil Red
10544,Evol ZP Coil・Red,Evol ZP Coil Red
10545,Evol Coat・Red,Evol Coat Red
10546,Evol F Coat・Red,Evol F Coat Red
10547,Evol FZ Coat・Red,Evol FZ Coat Red
10548,Evol HS Coat・Red,Evol HS Coat Red
10549,Evol GS Coat・Red,Evol GS Coat Red
10550,Evol GP Coat・Red,Evol GP Coat Red
10551,Evol ZP Coat・Red,Evol ZP Coat Red
10552,Evol Coil・Blue,Evol Coil Blue
10553,Evol F Coil・Blue,Evol F Coil Blue
10554,Evol FZ Coil・Blue,Evol FZ Coil Blue
10555,Evol HS Coil・Blue,Evol HS Coil Blue
10556,Evol GS Coil・Blue,Evol GS Coil Blue
10557,Evol GP Coil・Blue,Evol GP Coil Blue
10558,Evol ZP Coil・Blue,Evol ZP Coil Blue
10559,Evol Coat・Blue,Evol Coat Blue
10560,Evol F Coat・Blue,Evol F Coat Blue
10561,Evol FZ Coat・Blue,Evol FZ Coat Blue
10562,Evol HS Coat・Blue,Evol HS Coat Blue
10563,Evol GS Coat・Blue,Evol GS Coat Blue
10564,Evol GP Coat・Blue,Evol GP Coat Blue
10565,Evol ZP Coat・Blue,Evol ZP Coat Blue
10566,Evol Coil・Purple,Evol Coil Purple
10567,Evol F Coil・Purple,Evol F Coil Purple
10568,Evol FZ Coil・Purple,Evol FZ Coil Purple
10569,Evol HS Coil・Purple,Evol HS Coil Purple
10570,Evol GS Coil・Purple,Evol GS Coil Purple
10571,Evol GP Coil・Purple,Evol GP Coil Purple
10572,Evol ZP Coil・Purple,Evol ZP Coil Purple
10573,Evol Coat・Purple,Evol Coat Purple
10574,Evol F Coat・Purple,Evol F Coat Purple
10575,Evol FZ Coat・Purple,Evol FZ Coat Purple
10576,Evol HS Coat・Purple,Evol HS Coat Purple
10577,Evol GS Coat・Purple,Evol GS Coat Purple
10578,Evol GP Coat・Purple,Evol GP Coat Purple
10579,Evol ZP Coat・Purple,Evol ZP Coat Purple
10580,Sakufi Coil,
10581,Sakufi F Coil,
10582,Sakufi FZ Coil,
10583,Sakufi HS Coil,
10584,Sakufi GS Coil,
10585,Sakufi GP Coil,
10586,Sakufi ZP Coil,
10587,Sakufi Coat,
10588,Sakufi F Coat,
10589,Sakufi FZ Coat,
10590,Sakufi HS Coat,
10591,Sakufi GS Coat,
10592,Sakufi GP Coat,
10593,Sakufi ZP Coat,
10594,Asumo Coil,
10595,Asumo F Coil,
10596,Asumo FZ Coil,
10597,Asumo HS Coil,
10598,Asumo GS Coil,
10599,Asumo GP Coil,
10600,Asumo ZP Coil,
10601,Asumo Coat,
10602,Asumo F Coat,
10603,Asumo FZ Coat,
10604,Asumo HS Coat,
10605,Asumo GS Coat,
10606,Asumo GP Coat,
10607,Asumo ZP Coat,
10608,Carrol C Belt,
10609,Zyra C Coil,
10610,Loose C Waist,
10611,Asteli ZP Coil・White,Asteli ZP Coil White
10612,Asteli ZP Coat・White,Asteli ZP Coat White
10613,Asteli ZP Coil・Blue,Asteli ZP Coil Blue
10614,Asteli ZP Coat・Blue,Asteli ZP Coat Blue
10615,Asteli ZP Coil・Red,Asteli ZP Coil Red
10616,Asteli ZP Coat・Red,Asteli ZP Coat Red
10617,Asteli ZP Coil・Black,Asteli ZP Coil Black
10618,Asteli ZP Coat・Black,Asteli ZP Coat Black
10619,Lien ZP Coil・Blue,Lien ZP Coil Blue
10620,Lien ZP Coat・Blue,Lien ZP Coat Blue
10621,Lien ZP Coil・Red,Lien ZP Coil Red
10622,Lien ZP Coat・Red,Lien ZP Coat Red
10623,Lien ZP Coil・Black,Lien ZP Coil Black
10624,Lien ZP Coat・Black,Lien ZP Coat Black
10625,Lien ZP Coil・White,Lien ZP Coil White
10626,Lien ZP Coat・White,Lien ZP Coat White
10627,Carrol ZP Belt・Black,Carrol ZP Belt Black
10628,Carrol ZP Coat・Black,Carrol ZP Coat Black
10629,Carrol ZP Belt・Blue,Carrol ZP Belt Blue
10630,Carrol ZP Coat・Blue,Carrol ZP Coat Blue
10631,Carrol ZP Belt・White,Carrol ZP Belt White
10632,Carrol ZP Coat・White,Carrol ZP Coat White
10633,Carrol ZP Belt・Red,Carrol ZP Belt Red
10634,Carrol ZP Coat・Red,Carrol ZP Coat Red
10635,Blize Faulds,
10636,Blize F Faulds,
10637,Blize FY Faulds,
10638,Blize HS Faulds,
10639,Blize G Faulds,
10640,Blize GF Faulds,
10641,Blize GX Faulds,
10642,Blize Coat,
10643,Blize F Coat,
10644,Blize FY Coat,
10645,Blize HS Coat,
10646,Blize G Coat,
10647,Blize GF Coat,
10648,Blize GX Coat,
10649,Higakure C Faulds,
10650,Harokyu D Coil,
10651,Evol D Coil・White,Evol D Coil White
10652,Evol D Coil・Red,Evol D Coil Red
10653,Evol D Coil・Blue,Evol D Coil Blue
10654,Evol D Coil・Purple,Evol D Coil Purple
10655,狩衛部隊 Coil・男,Hunting Guard Coil Male
10656,狩衛部隊 Coil・女,Hunting Guard Coil Female
10657,Blue Ice Emperor ZP Coil,
10658,Blue Ice Emperor ZP Coat,
10659,White Ice Emperor ZP Coil,
10660,White Ice Emperor ZP Coat,
10661,Red Ice Emperor ZP Coil,
10662,Red Ice Emperor ZP Coat,
10663,Wander Coil・Blue,Wander Coil Blue
10664,Wander F Coil・Blue,Wander F Coil Blue
10665,Wander FZ Coil・Blue,Wander FZ Coil Blue
10666,Wander HS Coil・Blue,Wander HS Coil Blue
10667,Wander GS Coil・Blue,Wander GS Coil Blue
10668,Wander GP Coil・Blue,Wander GP Coil Blue
10669,Wander ZP Coil・Blue,Wander ZP Coil Blue
10670,Wander Coat・Blue,Wander Coat Blue
10671,Wander F Coat・Blue,Wander F Coat Blue
10672,Wander FZ Coat・Blue,Wander FZ Coat Blue
10673,Wander HS Coat・Blue,Wander HS Coat Blue
10674,Wander GS Coat・Blue,Wander GS Coat Blue
10675,Wander GP Coat・Blue,Wander GP Coat Blue
10676,Wander ZP Coat・Blue,Wander ZP Coat Blue
10677,Wander Coil・Red,Wander Coil Red
10678,Wander F Coil・Red,Wander F Coil Red
10679,Wander FZ Coil・Red,Wander FZ Coil Red
10680,Wander HS Coil・Red,Wander HS Coil Red
10681,Wander GS Coil・Red,Wander GS Coil Red
10682,Wander GP Coil・Red,Wander GP Coil Red
10683,Wander ZP Coil・Red,Wander ZP Coil Red
10684,Wander Coat・Red,Wander Coat Red
10685,Wander F Coat・Red,Wander F Coat Red
10686,Wander FZ Coat・Red,Wander FZ Coat Red
10687,Wander HS Coat・Red,Wander HS Coat Red
10688,Wander GS Coat・Red,Wander GS Coat Red
10689,Wander GP Coat・Red,Wander GP Coat Red
10690,Wander ZP Coat・Red,Wander ZP Coat Red
10691,Wander Coil・White,Wander Coil White
10692,Wander F Coil・White,Wander F Coil White
10693,Wander FZ Coil・White,Wander FZ Coil White
10694,Wander HS Coil・White,Wander HS Coil White
10695,Wander GS Coil・White,Wander GS Coil White
10696,Wander GP Coil・White,Wander GP Coil White
10697,Wander ZP Coil・White,Wander ZP Coil White
10698,Wander Coat・White,Wander Coat White
10699,Wander F Coat・White,Wander F Coat White
10700,Wander FZ Coat・White,Wander FZ Coat White
10701,Wander HS Coat・White,Wander HS Coat White
10702,Wander GS Coat・White,Wander GS Coat White
10703,Wander GP Coat・White,Wander GP Coat White
10704,Wander ZP Coat・White,Wander ZP Coat White
10705,Wander Coil・Black,Wander Coil Black
10706,Wander F Coil・Black,Wander F Coil Black
10707,Wander FZ Coil・Black,Wander FZ Coil Black
10708,Wander HS Coil・Black,Wander HS Coil Black
10709,Wander GS Coil・Black,Wander GS Coil Black
10710,Wander GP Coil・Black,Wander GP Coil Black
10711,Wander ZP Coil・Black,Wander ZP Coil Black
10712,Wander Coat・Black,Wander Coat Black
10713,Wander F Coat・Black,Wander F Coat Black
10714,Wander FZ Coat・Black,Wander FZ Coat Black
10715,Wander HS Coat・Black,Wander HS Coat Black
10716,Wander GS Coat・Black,Wander GS Coat Black
10717,Wander GP Coat・Black,Wander GP Coat Black
10718,Wander ZP Coat・Black,Wander ZP Coat Black
10719,Gore Faulds,
10720,Gore G Faulds,
10721,Gore GF Faulds,
10722,Gore GX Faulds,
10723,Gore Coat,
10724,Gore G Coat,
10725,Gore GF Coat,
10726,Gore GX Coat,
10727,Zena G Faulds,
10728,Zena GF Faulds,
10729,Zena GX Faulds,
10730,Zena G Coat,
10731,Zena GF Coat,
10732,Zena GX Coat,
10733,Rathalos Z Coil,
10734,Rathalos ZF Coil,
10735,Rathalos ZY Coil,
10736,Rathalos ZX Coil,
10737,Rathalos Z Coat,
10738,Rathalos ZF Coat,
10739,Rathalos ZY Coat,
10740,Rathalos ZX Coat,
10741,Blango Z Coil,
10742,Blango ZF Coil,
10743,Blango ZY Coil,
10744,Blango ZX Coil,
10745,Blango Z Coat,
10746,Blango ZF Coat,
10747,Blango ZY Coat,
10748,Blango ZX Coat,
10749,Muruta Coil,
10750,Muruta F Coil,
10751,Muruta FZ Coil,
10752,Muruta HS Coil,
10753,Muruta GS Coil,
10754,Muruta GP Coil,
10755,Muruta ZP Coil,
10756,Muruta Coat,
10757,Muruta F Coat,
10758,Muruta FZ Coat,
10759,Muruta HS Coat,
10760,Muruta GS Coat,
10761,Muruta GP Coat,
10762,Muruta ZP Coat,
10763,Howla Coil,
10764,Howla F Coil,
10765,Howla FZ Coil,
10766,Howla HS Coil,
10767,Howla GS Coil,
10768,Howla GP Coil,
10769,Howla ZP Coil,
10770,Howla Coat,
10771,Howla F Coat,
10772,Howla FZ Coat,
10773,Howla HS Coat,
10774,Howla GS Coat,
10775,Howla GP Coat,
10776,Howla ZP Coat,
10777,Panse Coil,
10778,Panse F Coil,
10779,Panse FZ Coil,
10780,Panse HS Coil,
10781,Panse GS Coil,
10782,Panse GP Coil,
10783,Panse ZP Coil,
10784,Panse Coat,
10785,Panse F Coat,
10786,Panse FZ Coat,
10787,Panse HS Coat,
10788,Panse GS Coat,
10789,Panse GP Coat,
10790,Panse ZP Coat,
10791,Marriage Coil,
10792,Marriage F Coil,
10793,Marriage FZ Coil,
10794,Marriage HS Coil,
10795,Marriage GS Coil,
10796,Marriage GP Coil,
10797,Marriage ZP Coil,
10798,Marriage Coat,
10799,Marriage F Coat,
10800,Marriage FZ Coat,
10801,Marriage HS Coat,
10802,Marriage GS Coat,
10803,Marriage GP Coat,
10804,Marriage ZP Coat,
10805,Yukine Coil,
10806,Yukine F Coil,
10807,Yukine FZ Coil,
10808,Yukine HS Coil,
10809,Yukine GS Coil,
10810,Yukine GP Coil,
10811,Yukine ZP Coil,
10812,Yukine Coat,
10813,Yukine F Coat,
10814,Yukine FZ Coat,
10815,Yukine HS Coat,
10816,Yukine GS Coat,
10817,Yukine GP Coat,
10818,Yukine ZP Coat,
10819,Snow Miku Coil,
10820,Snow Miku F Coil,
10821,Snow Miku FZ Coil,
10822,Snow Miku HS Coil,
10823,Snow Miku GS Coil,
10824,Snow Miku GP Coil,
10825,Snow Miku ZP Coil,
10826,Snow Miku Coat,
10827,Snow Miku F Coat,
10828,Snow Miku FZ Coat,
10829,Snow Miku HS Coat,
10830,Snow Miku GS Coat,
10831,Snow Miku GP Coat,
10832,Snow Miku ZP Coat,
10833,Miku ZP Coil,
10834,Miku ZP Coat,
10835,Oyun ZP Coil・Blue,Oyun ZP Coil Blue
10836,Oyun ZP Coat・Blue,Oyun ZP Coat Blue
10837,Oyun ZP Coil・Red,Oyun ZP Coil Red
10838,Oyun ZP Coat・Red,Oyun ZP Coat Red
10839,Oyun ZP Coil・Black,Oyun ZP Coil Black
10840,Oyun ZP Coat・Black,Oyun ZP Coat Black
10841,Oyun ZP Coil・White,Oyun ZP Coil White
10842,Oyun ZP Coat・White,Oyun ZP Coat White
10843,Demonclad ノ虎布G,Demonclad Tiger Cloth G
10844,Demonclad ノ虎布GF,Demonclad Tiger Cloth GF
10845,Demonclad ノ虎布GX,Demonclad Tiger Cloth GX
10846,Youthclad ノ虎布G,Youthclad Tiger Cloth G
10847,Youthclad ノ虎布GF,Youthclad Tiger Cloth GF
10848,Youthclad ノ虎布GX,Youthclad Tiger Cloth GX
10849,Rave Coil,
10850,Rave F Coil,
10851,Rave FY Coil,
10852,Rave HS Coil,
10853,Rave G Coil,
10854,Rave GF Coil,
10855,Rave GX Coil,
10856,Rave Coat,
10857,Rave F Coat,
10858,Rave FY Coat,
10859,Rave HS Coat,
10860,Rave G Coat,
10861,Rave GF Coat,
10862,Rave GX Coat,
10863,Wander D Coil・Blue,Wander D Coil Blue
10864,Wander D Coil・Red,Wander D Coil Red
10865,Wander D Coil・White,Wander D Coil White
10866,Wander D Coil・Black,Wander D Coil Black
10867,Blue Ice Emperor D Coil,
10868,White Ice Emperor D Coil,
10869,Red Ice Emperor D Coil,
10870,Rance C Faulds,
10871,Santa D Faulds,
10872,Anteka D Faulds,
10873,Chiarim ZP Coil,
10874,Chiarim ZP Coat,
10875,Katante Z Coil,
10876,Katante ZF Coil,
10877,Katante ZY Coil,
10878,Katante ZX Coil,
10879,Katante Z Coat,
10880,Katante ZF Coat,
10881,Katante ZY Coat,
10882,Katante ZX Coat,
10883,Sakufi D Coil,
10884,Asumo D Coil,
10885,Dios D Coil,
10886,Asteli D Coil・White,Asteli D Coil White
10887,Asteli D Coil・Blue,Asteli D Coil Blue
10888,Asteli D Coil・Red,Asteli D Coil Red
10889,Asteli D Coil・Black,Asteli D Coil Black
10890,Lien D Coil・Blue,Lien D Coil Blue
10891,Lien D Coil・Red,Lien D Coil Red
10892,Lien D Coil・Black,Lien D Coil Black
10893,Lien D Coil・White,Lien D Coil White
10894,Lien D Coil・Crimson,Lien D Coil Crimson
10895,Lien D Coil・藍,Lien D Coil Indigo
10896,Lien D Coil・Peach,Lien D Coil Peach
10897,Carrol D Belt・Black,Carrol D Belt Black
10898,Carrol D Belt・Blue,Carrol D Belt Blue
10899,Carrol D Belt・White,Carrol D Belt White
10900,Carrol D Belt・Red,Carrol D Belt Red
10901,Carrol D Belt・Peach,Carrol D Belt Peach
10902,Gothic D Faulds,
10903,Kirin Dフープ,Kirin D Hoop
10904,Farunokku D Faulds,
10905,Farunokku D Coat,
10906,Pokara D Faulds,
10907,Pokara D Coat,
10908,Genesis D【腰当て】,Genesis D (Waistguard)
10909,Motion D【腰当て】,Motion D[Waist]
10910,Lightning D【腰当て】,Lightning D Waist
10911,Thunder D【腰当て】,Thunder D[Waist]
10912,Toridcless D Faulds,
10913,Toridcless D Coat,
10914,Guan D Coil,
10915,Guan D Coat,
10916,Varusa D Faulds,
10917,Varusa D Coat,
10918,Toa D Faulds,
10919,Toa D Coat,
10920,Blitz Dフープ,Blitz D Hoop
10921,Stroma D Faulds,
10922,Stroma D Coat,
10923,Inagami D【腰 Obi 】,Inagami D [Waist Obi]
10924,Inagami D【腰 Obi 】,Inagami D [Waist Obi]
10925,Altera D Faulds,
10926,Altera D Coat,
10927,Pobo D Faulds,
10928,Pobo D Coat,
10929,Zinogre C Faulds,
10930,Zinogre C Coat,
10931,Hornetaur UD Faulds,
10932,Hornetaur UD Coat,
10933,Rathalos D Faulds,
10934,Rathalos D Coat,
10935,Gogomoa D Faulds,
10936,Gogomoa D Coat,
10937,Azul D Faulds,
10938,Azul D Coat,
10939,Harvest D Coil,
10940,Harvest D Coat,
10941,Melan D Faulds,
10942,Melan D Coat,
10943,Diru D Faulds,
10944,Diru D Coat,
10945,Tandress D Coil,
10946,Tandress D Coat,
10947,Rance D Faulds,
10948,Rance D Coat,
10949,Ganeto D Faulds,
10950,Ganeto D Coat,
10951,Chiru D Faulds,
10952,Chiru D Coat,
10953,Shiusu D Faulds,
10954,Shiusu D Coat,
10955,Once D Coat・無,Once D Coat None
10956,Pale Sakura D【 Obi 】,
10957,Pelegri Coil,
10958,Pelegri F Coil,
10959,Pelegri FZ Coil,
10960,Pelegri HS Coil,
10961,Pelegri GS Coil,
10962,Pelegri GP Coil,
10963,Pelegri ZP Coil,
10964,Pelegri Coat,
10965,Pelegri F Coat,
10966,Pelegri FZ Coat,
10967,Pelegri HS Coat,
10968,Pelegri GS Coat,
10969,Pelegri GP Coat,
10970,Pelegri ZP Coat,
10971,Melynx ZP Coil,
10972,Melynx ZP Coat,
10973,Felyne ZP Coil,
10974,Felyne ZP Coat,
10975,Tabby ZP Coil,
10976,Tabby ZP Coat,
10977,Brown ZP Coil,
10978,Brown ZP Coat,
10979,Calico ZP Coil,
10980,Calico ZP Coat,
10981,Monotone ZP Coil,
10982,Monotone ZP Coat,
10983,Chashiro ZP Coil,
10984,Chashiro ZP Coat,
10985,Two-tone ZP Coil,
10986,Two-tone ZP Coat,
10987,Wasou Waistband ZP,
10988,Wasou Colour Belt ZP,
10989,Howla D Coil,
10990,Panse D Coil,
10991,Marriage D Coil,
10992,Yukine D Coil,
10993,Snow Miku D Coil,
10994,Miku D Coil,
10995,Wasou Waistband D,
10996,Melynx D Coil,
10997,Felyne D Coil,
10998,Tabby D Coil,
10999,Brown D Coil,
11000,Calico D Coil,
11001,Monotone D Coil,
11002,Chashiro D Coil,
11003,Two-tone D Coil,
11004,Bistro D Apron,
11005,King Beetle D Elytra,
11006,Butterfly D Elytra,
11007,Demon Lord ノ虎布D,Demon Lord Tiger Cloth D
11008,Demon Tale ノ虎布D,Demon Tale Tiger Cloth D
11009,鬼凛ノ虎布D,Onirin Tiger Cloth D
11010,Empress C Coil,
11011,Empress C Coat,
11012,Kaiser C Faulds,
11013,Kaiser C Coat,
11014,Dragon D Wing,
11015,Dragon Dテイル,Dragon D Tail
11016,Nargacuga C Faulds,
11017,Nargacuga C Coat,
11018,Burning Cliff GX [Waist て】,Burning Cliff GX [Waist Guard]
11019,Crimson Cliff GX [Waist て】,Crimson Cliff GX [Waist]
11020,Vashimu Z Coil,
11021,Vashimu ZF Coil,
11022,Vashimu ZY Coil,
11023,Vashimu ZX Coil,
11024,Vashimu Z Coat,
11025,Vashimu ZF Coat,
11026,Vashimu ZY Coat,
11027,Vashimu ZX Coat,
11028,Tigrex Z Coil,
11029,Tigrex ZF Coil,
11030,Tigrex ZY Coil,
11031,Tigrex ZX Coil,
11032,Tigrex Z Coat,
11033,Tigrex ZF Coat,
11034,Tigrex ZY Coat,
11035,Tigrex ZX Coat,
11036,Adel Coil,
11037,Adel F Coil,
11038,Adel FZ Coil,
11039,Adel HS Coil,
11040,Adel GS Coil,
11041,Adel GP Coil,
11042,Adel ZP Coil,
11043,Adel Coat,
11044,Adel F Coat,
11045,Adel FZ Coat,
11046,Adel HS Coat,
11047,Adel GS Coat,
11048,Adel GP Coat,
11049,Adel ZP Coat,
11050,Rocbouquet Coil,
11051,Rocbouquet F Coil,
11052,Rocbouquet FZ Coil,
11053,Rocbouquet HS Coil,
11054,Rocbouquet GS Coil,
11055,Rocbouquet GP Coil,
11056,Rocbouquet ZP Coil,
11057,Rocbouquet Coat,
11058,Rocbouquet F Coat,
11059,Rocbouquet FZ Coat,
11060,Rocbouquet HS Coat,
11061,Rocbouquet GS Coat,
11062,Rocbouquet GP Coat,
11063,Rocbouquet ZP Coat,
11064,Alkaiser Coil,
11065,Alkaiser F Coil,
11066,Alkaiser FZ Coil,
11067,Alkaiser HS Coil,
11068,Alkaiser GS Coil,
11069,Alkaiser GP Coil,
11070,Alkaiser ZP Coil,
11071,Alkaiser Coat,
11072,Alkaiser F Coat,
11073,Alkaiser FZ Coat,
11074,Alkaiser HS Coat,
11075,Alkaiser GS Coat,
11076,Alkaiser GP Coat,
11077,Alkaiser ZP Coat,
11078,Claudia Coil,
11079,Claudia F Coil,
11080,Claudia FZ Coil,
11081,Claudia HS Coil,
11082,Claudia GS Coil,
11083,Claudia GP Coil,
11084,Claudia ZP Coil,
11085,Claudia Coat,
11086,Claudia F Coat,
11087,Claudia FZ Coat,
11088,Claudia HS Coat,
11089,Claudia GS Coat,
11090,Claudia GP Coat,
11091,Claudia ZP Coat,
11092,Hesyumu Coil,
11093,Hesyumu F Coil,
11094,Hesyumu FZ Coil,
11095,Hesyumu HS Coil,
11096,Hesyumu GS Coil,
11097,Hesyumu GP Coil,
11098,Hesyumu ZP Coil,
11099,Hesyumu Coat,
11100,Hesyumu F Coat,
11101,Hesyumu FZ Coat,
11102,Hesyumu HS Coat,
11103,Hesyumu GS Coat,
11104,Hesyumu GP Coat,
11105,Hesyumu ZP Coat,
11106,Kasamie Coil,
11107,Kasamie F Coil,
11108,Kasamie FZ Coil,
11109,Kasamie HS Coil,
11110,Kasamie GS Coil,
11111,Kasamie GP Coil,
11112,Kasamie ZP Coil,
11113,Kasamie Coat,
11114,Kasamie F Coat,
11115,Kasamie FZ Coat,
11116,Kasamie HS Coat,
11117,Kasamie GS Coat,
11118,Kasamie GP Coat,
11119,Kasamie ZP Coat,
11120,Cielo ZP Coil,
11121,Cielo ZP Coat,
11122,Vichi ZP Coil,
11123,Vichi ZP Coat,
11124,Lapine ZP Belt,
11125,Lapine ZP Coat,
11126,Beil ZP Reflector,
11127,Pashio Faulds,
11128,Pashio F Faulds,
11129,Pashio FY Faulds,
11130,Pashio HS Faulds,
11131,Pashio G Faulds,
11132,Pashio GF Faulds,
11133,Pashio GX Faulds,
11134,Pashio Coat,
11135,Pashio F Coat,
11136,Pashio FY Coat,
11137,Pashio HS Coat,
11138,Pashio G Coat,
11139,Pashio GF Coat,
11140,Pashio GX Coat,
11141,Harudo D Faulds,
11142,Harudo D Coat,
11143,Elegance D [Waistband 】,
11144,Grace D [Waistband 】,
11145,Meraginasu D Faulds,
11146,Meraginasu D Coat,
11147,Hesyumu D Coil,
11148,Kasamie D Coil,
11149,Cielo D Coil,
11150,Vichi D Coil,
11151,Adel D Coil,
11152,Rocbouquet D Coil,
11153,Alkaiser D Coil,
11154,Claudia D Coil,
11155,Kinosu D Faulds,
11156,Himeros D Faulds,
11157,Charien D Coat,
11158,Arietta D Waist,
11159,Craft D Coil,
11160,Shieri D Faulds,
11161,Pupen D Faulds,
11162,Moss Covered D Faulds,
11163,Excelle D Faulds,
11164,Ordre D Faulds,
11165,Rath Duo D Coil,
11166,Atra D Coil,
11167,Madaru D Coil,
11168,Shasse D Faulds,
11169,Orchesis D Coil,
11170,Blize D Faulds,
11171,Quoiz D Coil,
11172,Kalais D Coil,
11173,Lucchese D Coil,
11174,Entora D Coil,
11175,YoRHa No.9 Type S Coil,
11176,YoRHa No.9 Type S F Coil,
11177,YoRHa No.9 Type S FZ Coil,
11178,YoRHa No.9 Type S HS Coil,
11179,YoRHa No.9 Type S GS Coil,
11180,YoRHa No.9 Type S GP Coil,
11181,YoRHa No.9 Type S ZP Coil,
11182,YoRHa No.9 Type S Coat,
11183,YoRHa No.9 Type S F Coat,
11184,YoRHa No.9 Type S FZ Coat,
11185,YoRHa No.9 Type S HS Coat,
11186,YoRHa No.9 Type S GS Coat,
11187,YoRHa No.9 Type S GP Coat,
11188,YoRHa No.9 Type S ZP Coat,
11189,YoRHa No.2 Type B Coil,
11190,YoRHa No.2 Type B F Coil,
11191,YoRHa No.2 Type B FZ Coil,
11192,YoRHa No.2 Type B HS Coil,
11193,YoRHa No.2 Type B GS Coil,
11194,YoRHa No.2 Type B GP Coil,
11195,YoRHa No.2 Type B ZP Coil,
11196,YoRHa No.2 Type B Coat,
11197,YoRHa No.2 Type B F Coat,
11198,YoRHa No.2 Type B FZ Coat,
11199,YoRHa No.2 Type B HS Coat,
11200,YoRHa No.2 Type B GS Coat,
11201,YoRHa No.2 Type B GP Coat,
11202,YoRHa No.2 Type B ZP Coat,
11203,Shagaru Faulds,
11204,Shagaru G Faulds,
11205,Shagaru GF Faulds,
11206,Shagaru GX Faulds,
11207,Shagaru Coat,
11208,Shagaru G Coat,
11209,Shagaru GF Coat,
11210,Shagaru GX Coat,
11211,Hyujikiki Z Coil,
11212,Hyujikiki ZF Coil,
11213,Hyujikiki ZY Coil,
11214,Hyujikiki ZX Coil,
11215,Hyujikiki Z Coat,
11216,Hyujikiki ZF Coat,
11217,Hyujikiki ZY Coat,
11218,Hyujikiki ZX Coat,
11219,Gear Z Coil,
11220,Gear ZF Coil,
11221,Gear ZY Coil,
11222,Gear ZX Coil,
11223,Gear Z Coat,
11224,Gear ZF Coat,
11225,Gear ZY Coat,
11226,Gear ZX Coat,
11227,Rokka Coil,
11228,Rokka F Coil,
11229,Rokka FZ Coil,
11230,Rokka HS Coil,
11231,Rokka GS Coil,
11232,Rokka GP Coil,
11233,Rokka ZP Coil,
11234,Rokka Coat,
11235,Rokka F Coat,
11236,Rokka FZ Coat,
11237,Rokka HS Coat,
11238,Rokka GS Coat,
11239,Rokka GP Coat,
11240,Rokka ZP Coat,
11241,Penre Coil,
11242,Penre F Coil,
11243,Penre FZ Coil,
11244,Penre HS Coil,
11245,Penre GS Coil,
11246,Penre GP Coil,
11247,Penre ZP Coil,
11248,Penre Coat,
11249,Penre F Coat,
11250,Penre FZ Coat,
11251,Penre HS Coat,
11252,Penre GS Coat,
11253,Penre GP Coat,
11254,Penre ZP Coat,
11255,Akahara Reisou BM Waist ZP Red,
11256,Akahara Reisou GN Waist ZP Red,
11257,Akahara Reisou BM Waist ZP Blue,
11258,Akahara Reisou GN Waist ZP Blue,
11259,Akahara Reisou BM Waist ZP Black,
11260,Akahara Reisou GN Waist ZP Black,
11261,Akahara Reisou BM Waist ZP White,
11262,Akahara Reisou GN Waist ZP White,
11263,Knight King Waist BM ZP Blue,
11264,Knight King Waist GN ZP Blue,
11265,Knight King Waist BM ZP Red,
11266,Knight King Waist GN ZP Red,
11267,Knight King Waist BM ZP Black,
11268,Knight King Waist GN ZP Black,
11269,Knight King Waist BM ZP White,
11270,Knight King Waist GN ZP White,
11271,Hero King Waist BM ZP Gold,
11272,Hero King Waist GN ZP Gold,
11273,Hero King Waist BM ZP Black,
11274,Hero King Waist GN ZP Black,
11275,Hero King Waist BM ZP White,
11276,Hero King Waist GN ZP White,
11277,Hero King Waist BM ZP Red,
11278,Hero King Waist GN ZP Red,
11279,Gorgon ZP Coil・Black,Gorgon ZP Coil Black
11280,Gorgon ZP Coat・Black,Gorgon ZP Coat Black
11281,Gorgon ZP Coil・Blue,Gorgon ZP Coil Blue
11282,Gorgon ZP Coat・Blue,Gorgon ZP Coat Blue
11283,Gorgon ZP Coil・White,Gorgon ZP Coil White
11284,Gorgon ZP Coat・White,Gorgon ZP Coat White
11285,Gorgon ZP Coil・Red,Gorgon ZP Coil Red
11286,Gorgon ZP Coat・Red,Gorgon ZP Coat Red
11287,Arben ZP Coil,
11288,Arben ZP Coat,
11289,Aura ZP Coil,
11290,Aura ZP Coat,
11291,Gagachu ZP Coil,
11292,Gagachu ZP Coat,
11293,Kurofi ZP Coil,
11294,Kurofi ZP Coat,
11295,Keravuno ZP Coil,
11296,Keravuno ZP Coat,
11297,Rikante Z Coil,
11298,Rikante ZF Coil,
11299,Rikante ZY Coil,
11300,Rikante ZX Coil,
11301,Rikante Z Coat,
11302,Rikante ZF Coat,
11303,Rikante ZY Coat,
11304,Rikante ZX Coat,
11305,Chatore G Faulds,
11306,Chatore GF Faulds,
11307,Chatore GX Faulds,
11308,Chatore G Coat,
11309,Chatore GF Coat,
11310,Chatore GX Coat,
11311,Donru GX Faulds,
11312,Donru GX Coat,
11313,Penre D Coil,
11314,Rokka D Coil,
11315,YoRHa No.9 Type S D Coil,
11316,YoRHa No.2 Type B D Coil,
11317,トリートC Waist,Treat C Waist
11318,Craft C Coil,
11319,Cielo C Coil,
11320,Felyne C Coil,
11321,Akahara Reisou GN Waist D Red,
11322,Akahara Reisou GN Waist D Blue,
11323,Akahara Reisou GN Waist D Black,
11324,Akahara Reisou GN Waist D White,
11325,Knight King Waist BM D Blue,
11326,Knight King Waist BM D Red,
11327,Knight King Waist BM D Black,
11328,Knight King Waist BM D White,
11329,Hero King Waist BM D Gold,
11330,Hero King Waist BM D Black,
11331,Hero King Waist BM D White,
11332,Hero King Waist BM D Red,
11333,Gorgon D Coil・Black,Gorgon D Coil Black
11334,Gorgon D Coil・Blue,Gorgon D Coil Blue
11335,Gorgon D Coil・White,Gorgon D Coil White
11336,Gorgon D Coil・Red,Gorgon D Coil Red
11337,Arben D Coil,
11338,Aura D Coil,
11339,Gagachu D Coil,
11340,Kurofi D Coil,
11341,Keravuno D Coil,
11342,Espinas ZD Navel,
11343,Espinas ZD Belly,
11344,Hypnoc ZD Faulds,
11345,Hypnoc ZD Coat,
11346,Khezu ZD Faulds,
11347,Khezu ZD Coat,
11348,Hermitaur ZD Faulds,
11349,Hermitaur ZD Coat,
11350,Rathalos ZD Coil,
11351,Rathalos ZD Coat,
11352,Blango ZD Coil,
11353,Blango ZD Coat,
11354,Vashimu ZD Coil,
11355,Vashimu ZD Coat,
11356,Tigrex ZD Coil,
11357,Tigrex ZD Coat,
11358,Hyujikiki ZD Coil,
11359,Hyujikiki ZD Coat,
11360,Gear ZD Coil,
11361,Gear ZD Coat,
11362,Muruta D Coil,
11363,Midogaron Z Coil,
11364,Midogaron ZF Coil,
11365,Midogaron ZY Coil,
11366,Midogaron ZX Coil,
11367,Midogaron Z Coat,
11368,Midogaron ZF Coat,
11369,Midogaron ZY Coat,
11370,Midogaron ZX Coat,
11371,White Fatalis GXスパイン,White Fatalis GX Spine
11372,White Fatalis GXスケイル,White Fatalis GX Scale
11373,Elzelion G Coil,
11374,Elzelion GF Coil,
11375,Elzelion GX Coil,
11376,Elzelion G Coat,
11377,Elzelion GF Coat,
11378,Elzelion GX Coat,
11379,Zakka Coil,
11380,Zakka F Coil,
11381,Zakka FZ Coil,
11382,Zakka HS Coil,
11383,Zakka GS Coil,
11384,Zakka GP Coil,
11385,Zakka ZP Coil,
11386,Zakka Coat,
11387,Zakka F Coat,
11388,Zakka FZ Coat,
11389,Zakka HS Coat,
11390,Zakka GS Coat,
11391,Zakka GP Coat,
11392,Zakka ZP Coat,
11393,Sword Hero Coil,
11394,Sword Hero F Coil,
11395,Sword Hero FZ Coil,
11396,Sword Hero HS Coil,
11397,Sword Hero GS Coil,
11398,Sword Hero GP Coil,
11399,Sword Hero ZP Coil,
11400,Twin Star Coil,
11401,Twin Star F Coil,
11402,Twin Star FZ Coil,
11403,Twin Star HS Coil,
11404,Twin Star GS Coil,
11405,Twin Star GP Coil,
11406,Twin Star ZP Coil,
11407,Heaven Blade Coil,
11408,Heaven Blade F Coil,
11409,Heaven Blade FZ Coil,
11410,Heaven Blade HS Coil,
11411,Heaven Blade GS Coil,
11412,Heaven Blade GP Coil,
11413,Heaven Blade ZP Coil,
11414,Spring Sword Coil,
11415,Spring Sword F Coil,
11416,Spring Sword FZ Coil,
11417,Spring Sword HS Coil,
11418,Spring Sword GS Coil,
11419,Spring Sword GP Coil,
11420,Spring Sword ZP Coil,
11421,Riot Hammer Coil,
11422,Riot Hammer F Coil,
11423,Riot Hammer FZ Coil,
11424,Riot Hammer HS Coil,
11425,Riot Hammer GS Coil,
11426,Riot Hammer GP Coil,
11427,Riot Hammer ZP Coil,
11428,Song Horn Coil,
11429,Song Horn F Coil,
11430,Song Horn FZ Coil,
11431,Song Horn HS Coil,
11432,Song Horn GS Coil,
11433,Song Horn GP Coil,
11434,Song Horn ZP Coil,
11435,Crush Lance Coil,
11436,Crush Lance F Coil,
11437,Crush Lance FZ Coil,
11438,Crush Lance HS Coil,
11439,Crush Lance GS Coil,
11440,Crush Lance GP Coil,
11441,Crush Lance ZP Coil,
11442,Scream Lance Coil,
11443,Scream Lance F Coil,
11444,Scream Lance FZ Coil,
11445,Scream Lance HS Coil,
11446,Scream Lance GS Coil,
11447,Scream Lance GP Coil,
11448,Scream Lance ZP Coil,
11449,Piercing Light Coil,
11450,Piercing Light F Coil,
11451,Piercing Light FZ Coil,
11452,Piercing Light HS Coil,
11453,Piercing Light GS Coil,
11454,Piercing Light GP Coil,
11455,Piercing Light ZP Coil,
11456,Colour Axe Coil,
11457,Colour Axe F Coil,
11458,Colour Axe FZ Coil,
11459,Colour Axe HS Coil,
11460,Colour Axe GS Coil,
11461,Colour Axe GP Coil,
11462,Colour Axe ZP Coil,
11463,Blast Gun Coat,
11464,Blast Gun F Coat,
11465,Blast Gun FZ Coat,
11466,Blast Gun HS Coat,
11467,Blast Gun GS Coat,
11468,Blast Gun GP Coat,
11469,Blast Gun ZP Coat,
11470,Crush Gun Coat,
11471,Crush Gun F Coat,
11472,Crush Gun FZ Coat,
11473,Crush Gun HS Coat,
11474,Crush Gun GS Coat,
11475,Crush Gun GP Coat,
11476,Crush Gun ZP Coat,
11477,Bow Saint Coat,
11478,Bow Saint F Coat,
11479,Bow Saint FZ Coat,
11480,Bow Saint HS Coat,
11481,Bow Saint GS Coat,
11482,Bow Saint GP Coat,
11483,Bow Saint ZP Coat,
11484,Rantana Coil,
11485,Rantana F Coil,
11486,Rantana FZ Coil,
11487,Rantana HS Coil,
11488,Rantana GS Coil,
11489,Rantana GP Coil,
11490,Rantana ZP Coil,
11491,Rantana Coat,
11492,Rantana F Coat,
11493,Rantana FZ Coat,
11494,Rantana HS Coat,
11495,Rantana GS Coat,
11496,Rantana GP Coat,
11497,Rantana ZP Coat,
11498,Eris Coil,
11499,Eris F Coil,
11500,Eris FZ Coil,
11501,Eris HS Coil,
11502,Eris GS Coil,
11503,Eris GP Coil,
11504,Eris ZP Coil,
11505,Eris Coat,
11506,Eris F Coat,
11507,Eris FZ Coat,
11508,Eris HS Coat,
11509,Eris GS Coat,
11510,Eris GP Coat,
11511,Eris ZP Coat,
11512,Magisa ZP Coil・Red,Magisa ZP Coil Red
11513,Magisa ZP Coil・Black,Magisa ZP Coil Black
11514,Magisa ZP Coil・Green,Magisa ZP Coil Green
11515,Magisa ZP Coil・White,Magisa ZP Coil White
11516,Wizard ZP Coat・Red,Wizard ZP Coat Red
11517,Wizard ZP Coat・Black,Wizard ZP Coat Black
11518,Wizard ZP Coat・Green,Wizard ZP Coat Green
11519,Wizard ZP Coat・White,Wizard ZP Coat White
11520,Waka Waistband ZP,
11521,Waka Colour Belt ZP,
11522,Shaln ZP Belt・Blue,Shaln ZP Belt Blue
11523,Shaln ZP Belt・Green,Shaln ZP Belt Green
11524,Shaln ZP Belt・Purple,Shaln ZP Belt Purple
11525,Shaln ZP Belt・White,Shaln ZP Belt White
11526,Shaln ZP Pouch・Blue,Shaln ZP Pouch Blue
11527,Shaln ZP Pouch・Green,Shaln ZP Pouch Green
11528,Shaln ZP Pouch・Purple,Shaln ZP Pouch Purple
11529,Shaln ZP Pouch・White,Shaln ZP Pouch White
11530,Arumyu G Coil,
11531,Arumyu GF Coil,
11532,Arumyu GX Coil,
11533,Arumyu G Coat,
11534,Arumyu GF Coat,
11535,Arumyu GX Coat,
11536,Korinyi Z Belt,
11537,Korinyi ZF Belt,
11538,Korinyi ZY Belt,
11539,Korinyi ZX Belt,
11540,Korinyi Z Coat,
11541,Korinyi ZF Coat,
11542,Korinyi ZY Coat,
11543,Korinyi ZX Coat,
11544,Renka Obi Z,
11545,Renka Obi ZF,
11546,Renka Obi ZY,
11547,Renka Obi ZX,
11548,Renka Cloth Z,
11549,Renka Cloth ZF,
11550,Renka Cloth ZY,
11551,Renka Cloth ZX,
11552,ダミー,Dummy
11553,ダミー,Dummy
11554,ダミー,Dummy
11555,ダミー,Dummy
11556,ダミー,Dummy
11557,ダミー,Dummy
11558,ダミー,Dummy
11559,ダミー,Dummy
11560,Midogaron ZD Coil,
11561,Midogaron ZD Coat,
11562,White Fatalis Dスパイン,White Fatalis D Spine
11563,White Fatalis Dスケイル,White Fatalis D Scale
11564,Elzelion D Coil,
11565,Elzelion D Coat,
11566,Zakka D Coil,
11567,十ノ軌跡C Coil,Ten's Traces C Coil
11568,十ノ至道C Coat,Ten's Path C Coat
11569,Rantana D Coil,
11570,Eris D Coil,
11571,Magisa D Coil・Red,Magisa D Coil Red
11572,Magisa D Coil・Black,Magisa D Coil Black
11573,Magisa D Coil・Green,Magisa D Coil Green
11574,Magisa D Coil・White,Magisa D Coil White
11575,Magisa D Coil・Blue,Magisa D Coil Blue
11576,Waka Waistband D,
11577,Shaln D Belt・Blue,Shaln D Belt Blue
11578,Shaln D Belt・Green,Shaln D Belt Green
11579,Shaln D Belt・Purple,Shaln D Belt Purple
11580,Shaln D Belt・White,Shaln D Belt White
11581,Shaln D Belt・Red,Shaln D Belt Red
11582,Shaln D Belt・Crimson,Shaln D Belt Crimson
11583,Shaln D Belt・Orange,Shaln D Belt Orange
11584,Carriage D Coil,
11585,Marble D Coil,
11586,Shandy D Coil,
11587,Banquet D Coil,
11588,Korinyi D Belt,
11589,Renka Obi D,
11590,Kukubo D Coil,
11591,Kakabu D Coil,
11592,Aruru D Coil,
11593,Red Cat Dテイル,Red Cat D Tail
11594,Rios D Faulds,
11595,Bonito D Faulds,
11596,Meirida D Faulds,
11597,Miniomu D Faulds,
11598,Harimeno D Faulds,
11599,Deliver D Faulds,
11600,Asaku D Faulds,
11601,Desordre D Faulds,
11602,Haragan D Faulds,
11603,Abuyado D Faulds,
11604,Ruko Z Coil,
11605,Ruko ZF Coil,
11606,Ruko ZY Coil,
11607,Ruko ZX Coil,
11608,Ruko Z Coat,
11609,Ruko ZF Coat,
11610,Ruko ZY Coat,
11611,Ruko ZX Coat,
11612,Plesioth Z Coil,
11613,Plesioth ZF Coil,
11614,Plesioth ZY Coil,
11615,Plesioth ZX Coil,
11616,Plesioth Z Coat,
11617,Plesioth ZF Coat,
11618,Plesioth ZY Coat,
11619,Plesioth ZX Coat,
11620,Sharufu Coil,
11621,Sharufu F Coil,
11622,Sharufu FZ Coil,
11623,Sharufu HS Coil,
11624,Sharufu GS Coil,
11625,Sharufu GP Coil,
11626,Sharufu ZP Coil,
11627,Sharufu Coat,
11628,Sharufu F Coat,
11629,Sharufu FZ Coat,
11630,Sharufu HS Coat,
11631,Sharufu GS Coat,
11632,Sharufu GP Coat,
11633,Sharufu ZP Coat,
11634,Kamara Coil,
11635,Kamara F Coil,
11636,Kamara FZ Coil,
11637,Kamara HS Coil,
11638,Kamara GS Coil,
11639,Kamara GP Coil,
11640,Kamara ZP Coil,
11641,Kamara Coat,
11642,Kamara F Coat,
11643,Kamara FZ Coat,
11644,Kamara HS Coat,
11645,Kamara GS Coat,
11646,Kamara GP Coat,
11647,Kamara ZP Coat,
11648,Ruche Coil,
11649,Ruche F Coil,
11650,Ruche FZ Coil,
11651,Ruche HS Coil,
11652,Ruche GS Coil,
11653,Ruche GP Coil,
11654,Ruche ZP Coil,
11655,Ruche Coat,
11656,Ruche F Coat,
11657,Ruche FZ Coat,
11658,Ruche HS Coat,
11659,Ruche GS Coat,
11660,Ruche GP Coat,
11661,Ruche ZP Coat,
11662,Rage HS Coil,
11663,Rage GS Coil,
11664,Rage GP Coil,
11665,Rage ZP Coil,
11666,Rage HS Coat,
11667,Rage GS Coat,
11668,Rage GP Coat,
11669,Rage ZP Coat,
11670,Rampage HS Coil,
11671,Rampage GS Coil,
11672,Rampage GP Coil,
11673,Rampage ZP Coil,
11674,Rampage HS Coat,
11675,Rampage GS Coat,
11676,Rampage GP Coat,
11677,Rampage ZP Coat,
11678,Blaze HS Coil,
11679,Blaze GS Coil,
11680,Blaze GP Coil,
11681,Blaze ZP Coil,
11682,Blaze HS Coat,
11683,Blaze GS Coat,
11684,Blaze GP Coat,
11685,Blaze ZP Coat,
11686,Poogie FZ Hip,
11687,Poogie HS Hip,
11688,Poogie GS Hip,
11689,Poogie GP Hip,
11690,Poogie ZP Hip,
11691,Poogie FZ Nappy,
11692,Poogie HS Nappy,
11693,Poogie GS Nappy,
11694,Poogie GP Nappy,
11695,Poogie ZP Nappy,
11696,Mandora FZ Coil,
11697,Mandora HS Coil,
11698,Mandora GS Coil,
11699,Mandora GP Coil,
11700,Mandora ZP Coil,
11701,Mandora FZ Coat,
11702,Mandora HS Coat,
11703,Mandora GS Coat,
11704,Mandora GP Coat,
11705,Mandora ZP Coat,
11706,Aonoko FZ Coil,
11707,Aonoko HS Coil,
11708,Aonoko GS Coil,
11709,Aonoko GP Coil,
11710,Aonoko ZP Coil,
11711,Aonoko FZ Coat,
11712,Aonoko HS Coat,
11713,Aonoko GS Coat,
11714,Aonoko GP Coat,
11715,Aonoko ZP Coat,
11716,Gauss ZP Coil,
11717,Gauss ZP Coat,
11718,Weber ZP Coil,
11719,Weber ZP Coat,
11720,Gilbert ZP Coil,
11721,Gilbert ZP Coat,
11722,Zuibei ZP Navel,
11723,Zuibei ZP Belly,
11724,Liebre G Coil,
11725,Liebre GF Coil,
11726,Liebre GX Coil,
11727,Liebre G Coat,
11728,Liebre GF Coat,
11729,Liebre GX Coat,
11730,Merente Z Coil,
11731,Merente ZF Coil,
11732,Merente ZY Coil,
11733,Merente ZX Coil,
11734,Merente Z Coat,
11735,Merente ZF Coat,
11736,Merente ZY Coat,
11737,Merente ZX Coat,
11738,Ruko ZD Coil,
11739,Ruko ZD Coat,
11740,Plesioth ZD Coil,
11741,Plesioth ZD Coat,
11742,Sharufu D Coil,
11743,Kamara D Coil,
11744,Liebre D Coil,
11745,Korinyi C Belt,
11746,Ruche D Coil,
11747,Rage D Coil,
11748,Rampage D Coil,
11749,Blaze D Coil,
11750,Poogie D Hip,
11751,Mandora D Coil,
11752,Aonoko D Coil,
11753,Gauss D Coil,
11754,Weber D Coil,
11755,Gilbert D Coil,
11756,Zuibei D Navel,
11757,Chiarim D Coil,
11758,Guild Bard C Coil,
11759,Scholar C Skirt,
11760,Aelucanth C Elytra,
11761,Rhopessa C Elytra,
11762,Yukumo ノオビC・Heaven,Yukumo Sash C Heaven
11763,White 蘭D Coil,White Orchid D Coil
11764,Crimson 霞D Coil,Crimson Mist D Coil
11765,Demonclad ノ虎布D,Demonclad Tiger Cloth D
11766,Tangusu D Coil,
11767,Disu D Faulds,
11768,Disu D Coat,
11769,Lils D Faulds,
11770,Lils D Coat,
11771,Dragon SC Wing,
11772,Dragon SCテイル,Dragon SC Tail
11773,Dragon GD Wing,
11774,Dragon GDテイル,Dragon GD Tail
11775,Vulcan D Wing,
11776,Vulcan Dテイル,Vulcan D Tail
11777,Vulcan GD Wing,
11778,Vulcan GDテイル,Vulcan GD Tail
11779,Garnet D Coil,
11780,Amethyst D Coil,
11781,Coral D Coil,
11782,Quartz D Coil,
11783,Emerald D Coil,
11784,Pearl D Coil,
11785,Ruby D Coil,
11786,Sapphire D Coil,
11787,Topaz D Coat,
11788,Tourmaline D Coat,
11789,Lapis D Coat,
11790,Hisui D Coil,
11791,Onyx D Coil,
11792,Mosswine Hip D,
11793,Remobra ーツ Belt D,Remobra Parts Belt D
11794,Battle Coat PD Blue,
11795,Battle Coat PD Yellow,
11796,Battle Coat PD Purple,
11797,Rathian Coil PD Blue,
11798,Rathian Coil PD Red,
11799,Rathian Coil PD Black,
11800,Khezu Coil PD Blue,
11801,Khezu Coil PD Green,
11802,Khezu Coil PD Black,
11803,Espinas Coil PD Red,
11804,Espinas Coil PD Blue,
11805,Espinas Coil PD Yellow,
11806,Espinas Coat PD Red,
11807,Espinas Coat PD Blue,
11808,Espinas Coat PD Yellow,
11809,Guardi Coil PD White,
11810,Guardi Coil PD Black,
11811,Guardi Coil PD Purple,
11812,Healer Frill PD Blue,
11813,Healer Frill PD White,
11814,Healer Frill PD Yellow,
11815,Shourou 【越腰】D,Shourou [Cross Waist] D
11816,Mitama 【越腰】D,Mitama [Cross Waist] D
11817,Burning Cliff D [Waist て】,Burning Cliff D [Waist Guard]
11818,Crimson Cliff D [Waist て】,Crimson Cliff D [Waist]
11819,Ledia D Coil,
11820,White Snake Obi D,
11821,Black Tiger Obi D,
11822,Crushing Fog D [Obi 】,
11823,Valued Word Obi D,
11824,Blue Sky Obi D,
11825,Noon Glow Obi D,
11826,Kosho D [Obi 】,
11827,True Shadow Obi D,
11828,Furogada D Coil,
11829,Lars D Faulds,
11830,Donru D Faulds,
11831,Inagami ZD Coil,
11832,Barioth C Faulds,
11833,Barioth C Coat,
11834,Brachy C Faulds,
11835,Brachy C Coat,
11836,Uragaan C Faulds,
11837,Uragaan C Coat,
11838,Stygian C Faulds,
11839,Stygian C Coat,
11840,Gore C Faulds,
11841,Gore C Coat,
11842,Vangis C Coil,
11843,Vangis C Coat,
11844,Shagaru C Faulds,
11845,Shagaru C Coat,
11846,Inagami Z Coil,
11847,Inagami ZF Coil,
11848,Inagami ZY Coil,
11849,Inagami ZX Coil,
11850,Inagami Z Coat,
11851,Inagami ZF Coat,
11852,Inagami ZY Coat,
11853,Inagami ZX Coat,
11854,Tempest 【 Obi 】,
11855,Tempest G【 Obi 】,
11856,Tempest GF【 Obi 】,
11857,Tempest GX【 Obi 】,
11858,Welkin 【 Obi 】,
11859,Welkin G【 Obi 】,
11860,Welkin GF【 Obi 】,
11861,Welkin GX【 Obi 】,
11862,Levin Coil,
11863,Levin F Coil,
11864,Levin FZ Coil,
11865,Levin HS Coil,
11866,Levin GS Coil,
11867,Levin GP Coil,
11868,Levin ZP Coil,
11869,Levin Coat,
11870,Levin F Coat,
11871,Levin FZ Coat,
11872,Levin HS Coat,
11873,Levin GS Coat,
11874,Levin GP Coat,
11875,Levin ZP Coat,
11876,Silver Armour・Waist,Silver Armor Waist
11877,Silver Armour F・Waist,Silver Armour F Waist
11878,Silver Armour FZ・Waist,Silver Armour FZ Waist
11879,Silver Armour HS・Waist,Silver Armour HS Waist
11880,Silver Armour GS・Waist,Silver Armour GS Waist
11881,Silver Armour GP・Waist,Silver Armour GP Waist
11882,Silver Armour ZP・Waist,Silver Armour ZP Waist
11883,Silver Armour・Waistband,Silver Armor Waistband
11884,Silver Armour F・Waistband,Silver Armour F Waistband
11885,Silver Armour FZ・Waistband,Silver Armour FZ Waistband
11886,Silver Armour HS・Waistband,Silver Armour HS Waistband
11887,Silver Armour GS・Waistband,Silver Armour GS Waistband
11888,Silver Armour GP・Waistband,Silver Armour GP Waistband
11889,Silver Armour ZP・Waistband,Silver Armour ZP Waistband
11890,Rose Ball Gown・Waist,Rose Ball Gown Waist
11891,Rose Ball Gown F・Waist,Rose Ball Gown F Waist
11892,Rose Ball Gown FZ・Waist,Rose Ball Gown FZ Waist
11893,Rose Ball Gown HS・Waist,Rose Ball Gown HS Waist
11894,Rose Ball Gown GS・Waist,Rose Ball Gown GS Waist
11895,Rose Ball Gown GP・Waist,Rose Ball Gown GP Waist
11896,Rose Ball Gown ZP・Waist,Rose Ball Gown ZP Waist
11897,Rose Ball Gown・Waistband,Rose Ball Gown Waistband
11898,Rose Ball Gown F・Waistband,Rose Ball Gown F Waistband
11899,Rose Ball Gown FZ・Waistband,Rose Ball Gown FZ Waistband
11900,Rose Ball Gown HS・Waistband,Rose Ball Gown HS Waistband
11901,Rose Ball Gown GS・Waistband,Rose Ball Gown GS Waistband
11902,Rose Ball Gown GP・Waistband,Rose Ball Gown GP Waistband
11903,Rose Ball Gown ZP・Waistband,Rose Ball Gown ZP Waistband
11904,Shui Coil,
11905,Shui F Coil,
11906,Shui FZ Coil,
11907,Shui HS Coil,
11908,Shui GS Coil,
11909,Shui GP Coil,
11910,Shui ZP Coil,
11911,Shui Coat,
11912,Shui F Coat,
11913,Shui FZ Coat,
11914,Shui HS Coat,
11915,Shui GS Coat,
11916,Shui GP Coat,
11917,Shui ZP Coat,
11918,CE Kevlar ZP BM Waist Blue,
11919,CE Kevlar ZP GN Waist Blue,
11920,CE Kevlar ZP BM Waist Red,
11921,CE Kevlar ZP GN Waist Red,
11922,CE Kevlar ZP BM Waist White,
11923,CE Kevlar ZP GN Waist White,
11924,CE Kevlar ZP BM Waist Black,
11925,CE Kevlar ZP GN Waist Black,
11926,AB Layer ZP BM Waist Red,
11927,AB Layer ZP GN Waist Red,
11928,AB Layer ZP BM Waist Blue,
11929,AB Layer ZP GN Waist Blue,
11930,AB Layer ZP BM Waist Black,
11931,AB Layer ZP GN Waist Black,
11932,AB Layer ZP BM Waist White,
11933,AB Layer ZP GN Waist White,
11934,Ruban ZP Waist,
11935,Ruban ZP Belt,
11936,L'Amore ZP Coil,
11937,L'Amore ZP Belt,
11938,Orloj ZP Waist,
11939,Orloj ZP Coat,
11940,Dolce ZP Coil,
11941,Dolce ZP Coat,
11942,Bright ZP Faulds,
11943,Bright ZP Coat,
11944,Juari ZP Faulds,
11945,Juari ZP Coat,
11946,Tinku ZP Faulds,
11947,Tinku ZP Coat,
11948,Shatemu ZP Waist,
11949,Shatemu ZP Coat,
11950,Hevria ZP Waist,
11951,Hevria ZP Coat,
11952,Tiuru ZP Waist,
11953,Tiuru ZP Coat,
11954,Kaila ZP Coil,
11955,Kaila ZP Coat,
11956,Fonse G Coil,
11957,Fonse GF Coil,
11958,Fonse GX Coil,
11959,Fonse G Coat,
11960,Fonse GF Coat,
11961,Fonse GX Coat,
11962,Utante Z Coil,
11963,Utante ZF Coil,
11964,Utante ZY Coil,
11965,Utante ZX Coil,
11966,Utante Z Coat,
11967,Utante ZF Coat,
11968,Utante ZY Coat,
11969,Utante ZX Coat,
11970,Rizuvue G Coil,
11971,Rizuvue GF Coil,
11972,Rizuvue GX Coil,
11973,Rizuvue G Coat,
11974,Rizuvue GF Coat,
11975,Rizuvue GX Coat,
11976,Inagami ZD Coat,
11977,Tempest C【 Obi 】,
11978,Welkin C【 Obi 】,
11979,Levin D Coil,
11980,Silver Armour D・Waist,Silver Armour D Waist
11981,Rose Ball Gown D・Waist,Rose Ball Gown D Waist
11982,Shui D Coil,
11983,CE Kevlar D BM Waist Blue,
11984,CE Kevlar D BM Waist Red,
11985,CE Kevlar D BM Waist White,
11986,CE Kevlar D BM Waist Black,
11987,AB Layer D BM Waist Red,
11988,AB Layer D BM Waist Blue,
11989,AB Layer D BM Waist Black,
11990,AB Layer D BM Waist White,
11991,Ruban D Waist,
11992,L'Amore D Coil,
11993,Orloj D Waist,
11994,Dolce D Coil,
11995,Bright D Faulds,
11996,Juari D Faulds,
11997,Tinku D Faulds,
11998,Shatemu D Waist,
11999,Hevria D Waist,
12000,Tiuru D Waist,
12001,Kaila D Coil,
12002,Fonse D Coil,
12003,Hypnoc ルータD Waist,Hypnoc LutaD Waist
12004,Hypnolia D Waist,
12005,Es Quera D Waist,
12006,Ecole D Waist,
12007,Guns D Waist,
12008,Agria D Waist,
12009,Fauve D Waist,
12010,ティーアD Waist,Tear D Waist
12011,Muse D Waist,
12012,Dicto D Waist,
12013,Kruss D Waist,
12014,Starina D Waist,
12015,Loose D Waist,
12016,Mirado D Waist,
12017,Deyuru D Faulds,
12018,Robust Dアンダ,Robust D Under
12019,Falco D Faulds,
12020,Howx D Faulds,
12021,Pirata D Faulds,
12022,Zeroi D Faulds,
12023,Rail D Coil,
12024,Ridere D Coil,
12025,Riot D Faulds,
12026,Rutare D Faulds,
12027,Rolling Flow Waist て・D,Rolling Flow Waist D
12028,Rolling Sky Waist て・D,Rolling Sky Waist Guard D
12029,Cubie D Coil,
12030,Kemor D Coil,
12031,Latria D Coil,
12032,Kontao D Coil,
12033,Ukon D Belt,
12034,ロットD Belt,Rott D Belt
12035,Shoko D Waist,
12036,Nimbus D Waist,
12037,Moonlight Obi・D,Moonlight Obi D
12038,Dawnbreak Obi・D,Dawnbreak Obi D
12039,Toridcless Z Faulds,
12040,Toridcless ZF Faulds,
12041,Toridcless ZY Faulds,
12042,Toridcless ZX Faulds,
12043,Toridcless Z Coat,
12044,Toridcless ZF Coat,
12045,Toridcless ZY Coat,
12046,Toridcless ZX Coat,
12047,Doragyurosu Z Faulds,
12048,Doragyurosu ZF Faulds,
12049,Doragyurosu ZY Faulds,
12050,Doragyurosu ZX Faulds,
12051,Doragyurosu Z Coat,
12052,Doragyurosu ZF Coat,
12053,Doragyurosu ZY Coat,
12054,Doragyurosu ZX Coat,
12055,Alfi Faulds,
12056,Alfi F Faulds,
12057,Alfi FZ Faulds,
12058,Alfi HS Faulds,
12059,Alfi GS Faulds,
12060,Alfi GP Faulds,
12061,Alfi ZP Faulds,
12062,Alfi Coat,
12063,Alfi F Coat,
12064,Alfi FZ Coat,
12065,Alfi HS Coat,
12066,Alfi GS Coat,
12067,Alfi GP Coat,
12068,Alfi ZP Coat,
12069,Kaifa Coil,
12070,Kaifa F Coil,
12071,Kaifa FZ Coil,
12072,Kaifa HS Coil,
12073,Kaifa GS Coil,
12074,Kaifa GP Coil,
12075,Kaifa ZP Coil,
12076,Kaifa Coat,
12077,Kaifa F Coat,
12078,Kaifa FZ Coat,
12079,Kaifa HS Coat,
12080,Kaifa GS Coat,
12081,Kaifa GP Coat,
12082,Kaifa ZP Coat,
12083,Straza Faulds,
12084,Straza F Faulds,
12085,Straza FZ Faulds,
12086,Straza HS Faulds,
12087,Straza GS Faulds,
12088,Straza GP Faulds,
12089,Straza ZP Faulds,
12090,Straza Coat,
12091,Straza F Coat,
12092,Straza FZ Coat,
12093,Straza HS Coat,
12094,Straza GS Coat,
12095,Straza GP Coat,
12096,Straza ZP Coat,
12097,Furante Z Coil,
12098,Furante ZF Coil,
12099,Furante ZY Coil,
12100,Furante ZX Coil,
12101,Furante Z Coat,
12102,Furante ZF Coat,
12103,Furante ZY Coat,
12104,Furante ZX Coat,
12105,Cariva G Coil,
12106,Cariva GF Coil,
12107,Cariva GX Coil,
12108,Cariva G Coat,
12109,Cariva GF Coat,
12110,Cariva GX Coat,
12111,Bonne G Coil,
12112,Bonne GF Coil,
12113,Bonne GX Coil,
12114,Bonne G Coat,
12115,Bonne GF Coat,
12116,Bonne GX Coat,
12117,VM Equipment ZP,
12118,VM Equipment+ ZP,
12119,Twelve Paladins' Armor・Waist,Twelve Paladins' Armor Waist
12120,Twelve Paladins' Armor F・Waist,Twelve Paladins' Armor F Waist
12121,Twelve Paladins' Armor FZ・Waist,Twelve Paladins' Armor FZ Waist
12122,Twelve Paladins' Armor HS・Waist,Twelve Paladins' Armor HS Waist
12123,Twelve Paladins' Armor GS・Waist,Twelve Paladins' Armor GS Waist
12124,Twelve Paladins' Armor GP・Waist,Twelve Paladins' Armor GP Waist
12125,Twelve Paladins' Armor ZP・Waist,Twelve Paladins' Armor ZP Waist
12126,Twelve Paladins' Armor・Waistband,Twelve Paladins' Armor Waistband
12127,Twelve Paladins' Armor F・Waistband,Twelve Paladins' Armor F Waistband
12128,Twelve Paladins' Armor FZ・Waistband,Twelve Paladins' Armor FZ Waistband
12129,Twelve Paladins' Armor HS・Waistband,Twelve Paladins' Armor HS Waistband
12130,Twelve Paladins' Armor GS・Waistband,Twelve Paladins' Armor GS Waistband
12131,Twelve Paladins' Armor GP・Waistband,Twelve Paladins' Armor GP Waistband
12132,Twelve Paladins' Armor ZP・Waistband,Twelve Paladins' Armor ZP Waistband
12133,Holy Maiden Armor・Waist,Holy Maiden Armor Waist
12134,Holy Maiden Armor F・Waist,Holy Maiden Armor F Waist
12135,Holy Maiden Armor FZ・Waist,Holy Maiden Armor FZ Waist
12136,Holy Maiden Armor HS・Waist,Holy Maiden Armor HS Waist
12137,Holy Maiden Armor GS・Waist,Holy Maiden Armor GS Waist
12138,Holy Maiden Armor GP・Waist,Holy Maiden Armor GP Waist
12139,Holy Maiden Armor ZP・Waist,Holy Maiden Armor ZP Waist
12140,Holy Maiden Armor・Waistband,Holy Maiden Armor Waistband
12141,Holy Maiden Armor F・Waistband,Holy Maiden Armor F Waistband
12142,Holy Maiden Armor FZ・Waistband,Holy Maiden Armor FZ Waistband
12143,Holy Maiden Armor HS・Waistband,Holy Maiden Armor HS Waistband
12144,Holy Maiden Armor GS・Waistband,Holy Maiden Armor GS Waistband
12145,Holy Maiden Armor GP・Waistband,Holy Maiden Armor GP Waistband
12146,Holy Maiden Armor ZP・Waistband,Holy Maiden Armor ZP Waistband
12147,Dragon Slayer Armor・Waist,Dragon Slayer Armor Waist
12148,Dragon Slayer Armor F・Waist,Dragon Slayer Armor F Waist
12149,Dragon Slayer Armor FZ・Waist,Dragon Slayer Armor FZ Waist
12150,Dragon Slayer Armor HS・Waist,Dragon Slayer Armor HS Waist
12151,Dragon Slayer Armor GS・Waist,Dragon Slayer Armor GS Waist
12152,Dragon Slayer Armor GP・Waist,Dragon Slayer Armor GP Waist
12153,Dragon Slayer Armor ZP・Waist,Dragon Slayer Armor ZP Waist
12154,Dragon Slayer Armor・Waistband,Dragon Slayer Armor Waistband
12155,Dragon Slayer Armor F・Waistband,Dragon Slayer Armor F Waistband
12156,Dragon Slayer Armor FZ・Waistband,Dragon Slayer Armor FZ Waistband
12157,Dragon Slayer Armor HS・Waistband,Dragon Slayer Armor HS Waistband
12158,Dragon Slayer Armor GS・Waistband,Dragon Slayer Armor GS Waistband
12159,Dragon Slayer Armor GP・Waistband,Dragon Slayer Armor GP Waistband
12160,Dragon Slayer Armor ZP・Waistband,Dragon Slayer Armor ZP Waistband
12161,Rebellion Armour・Waist,Rebellion Armour Waist
12162,Rebellion Armour F・Waist,Rebellion Armour F Waist
12163,Rebellion Armour FZ・Waist,Rebellion Armour FZ Waist
12164,Rebellion Armour HS・Waist,Rebellion Armour HS Waist
12165,Rebellion Armour GS・Waist,Rebellion Armour GS Waist
12166,Rebellion Armour GP・Waist,Rebellion Armour GP Waist
12167,Rebellion Armour ZP・Waist,Rebellion Armour ZP Waist
12168,Rebellion Armour・Waistband,Rebellion Armour Waistband
12169,Rebellion Armour F・Waistband,Rebellion Armour F Waistband
12170,Rebellion Armour FZ・Waistband,Rebellion Armour FZ Waistband
12171,Rebellion Armour HS・Waistband,Rebellion Armour HS Waistband
12172,Rebellion Armour GS・Waistband,Rebellion Armour GS Waistband
12173,Rebellion Armour GP・Waistband,Rebellion Armour GP Waistband
12174,Rebellion Armour ZP・Waistband,Rebellion Armour ZP Waistband
12175,Dinato ZP Faulds,
12176,Dinato ZP Coat,
12177,Duque ZP Faulds,
12178,Duque ZP Coat,
12179,Granu ZP Faulds,
12180,Granu ZP Coat,
12181,Chiyo Waistband ZP,
12182,Chiyo Colour Belt ZP,
12183,Nekodan ZP Waist,
12184,Gudan ZP Coil,
12185,Toridcless ZD Faulds,
12186,Toridcless ZD Coat,
12187,Doragyurosu ZD Faulds,
12188,Doragyurosu ZD Coat,
12189,Alfi D Faulds,
12190,Kaifa D Coil,
12191,Straza D Faulds,
12192,Renka Obi C,
12193,VM Equipment D,
12194,Twelve Paladins' Armor D・Waist,Twelve Paladins' Armor D Waist
12195,Holy Maiden Armor D・Waist,Holy Maiden Armor D Waist
12196,Dragon Slayer Armor D・Waist,Dragon Slayer Armor D Waist
12197,Rebellion Armour D・Waist,Rebellion Armour D Waist
12198,Dinato D Faulds,
12199,Duque D Faulds,
12200,Granu D Faulds,
12201,Chiyo Waistband D,
12202,Rubellite D Coil,
12203,ラズライトD Coil,LazuliteD Coil
12204,Zircon D Coil,
12205,Spinel D Coil,
12206,Jade D Coil,
12207,Agate D Coil,
12208,Pyrope D Coil,
12209,アイオラD Coil,Aiora D Coil
12210,Rutile D Coil,
12211,Blood D Coil,
12212,Citrine D Coat,
12213,Peridot D Coat,
12214,Turquoise D Coat,
12215,Mafumofu Coat PD Red,
12216,Mafumofu Coat PD Yellow,
12217,Mafumofu Coat PD Purple,
12218,Basarios Coat PD Red,
12219,Basarios Coat PD Black,
12220,Basarios Coat PD Yellow,
12221,Blango Coil PD Yellow,
12222,Blango Coil PD Blue,
12223,Blango Coil PD Black,
12224,Golden Obi PD White,
12225,Golden Obi PD Purple,
12226,Golden Obi PD Green,
12227,Gravios Coat PD Green,
12228,Gravios Coat PD Purple,
12229,Gravios Coat PD Red,
12230,High Metal Coil PD Black,
12231,High Metal Coil PD Blue,
12232,High Metal Coil PD Yellow,
12233,S・Sol Coil PD Red,S Sol Coil PD Red
12234,S・Sol Coil PD Purple,S Sol Coil PD Purple
12235,S・Sol Coil PD Black,S Sol Coil PD Black
12236,Garuga Coat PD White,
12237,Garuga Coat PD Green,
12238,Garuga Coat PD Red,
12239,Hermitaur Faulds PD Blue,
12240,Hermitaur Faulds PD White,
12241,Hermitaur Faulds PD Purple,
12242,Kushala アンダ PD Red,Kushala Anda PD Red
12243,Kushala アンダ PD Yellow,Kushala Anda PD Yellow
12244,Kushala アンダ PD Green,Kushala Anda PD Green
12245,Kushala アドミ PD Red,Kushala Adomi PD Red
12246,Kushala アドミ PD Yellow,Kushala Adomi PD Yellow
12247,Kushala アドミ PD Green,Kushala Adomi PD Green
12248,忍の Obi・陽D,Shinobi Obi Yang D
12249,忍の Obi・陰D,Shinobi Obi Yin D
12250,Bonne D Coil,
12251,Kalais D Coat,
12252,Lucchese D Coat,
12253,Quoiz D Coat,
12254,Nekodan D Waist,
12255,Gudan D Coil,
12256,Nerihi Obi Z,
12257,Nerihi Obi ZF,
12258,Nerihi Obi ZY,
12259,Nerihi Obi ZX,
12260,Nerihi Cloth Z,
12261,Nerihi Cloth ZF,
12262,Nerihi Cloth ZY,
12263,Nerihi Cloth ZX,
12264,Saine Coil,
12265,Saine F Coil,
12266,Saine FZ Coil,
12267,Saine HS Coil,
12268,Saine GS Coil,
12269,Saine GP Coil,
12270,Saine ZP Coil,
12271,Saine Coat,
12272,Saine F Coat,
12273,Saine FZ Coat,
12274,Saine HS Coat,
12275,Saine GS Coat,
12276,Saine GP Coat,
12277,Saine ZP Coat,
12278,Wing Faulds,
12279,Wing F Faulds,
12280,Wing FZ Faulds,
12281,Wing HS Faulds,
12282,Wing GS Faulds,
12283,Wing GP Faulds,
12284,Wing ZP Faulds,
12285,Wing Coat,
12286,Wing F Coat,
12287,Wing FZ Coat,
12288,Wing HS Coat,
12289,Wing GS Coat,
12290,Wing GP Coat,
12291,Wing ZP Coat,
12292,Gasura Z Coil,
12293,Gasura ZF Coil,
12294,Gasura ZY Coil,
12295,Gasura ZX Coil,
12296,Gasura Z Coat,
12297,Gasura ZF Coat,
12298,Gasura ZY Coat,
12299,Gasura ZX Coat,
12300,Seregios Faulds,
12301,Seregios G Faulds,
12302,Seregios GF Faulds,
12303,Seregios GX Faulds,
12304,Seregios Coat,
12305,Seregios G Coat,
12306,Seregios GF Coat,
12307,Seregios GX Coat,
12308,Utaei Waistband Z,
12309,Utaei Waistband ZF,
12310,Utaei Waistband ZY,
12311,Utaei Waistband ZX,
12312,Utaei Colour Belt Z,
12313,Utaei Colour Belt ZF,
12314,Utaei Colour Belt ZY,
12315,Utaei Colour Belt ZX,
12316,Cassius G Faulds,
12317,Cassius GF Faulds,
12318,Cassius GX Faulds,
12319,Cassius G Coat,
12320,Cassius GF Coat,
12321,Cassius GX Coat,
12322,Pinbi Coil,
12323,Pinbi F Coil,
12324,Pinbi FZ Coil,
12325,Pinbi HS Coil,
12326,Pinbi GS Coil,
12327,Pinbi GP Coil,
12328,Pinbi ZP Coil,
12329,Pinbi Coat,
12330,Pinbi F Coat,
12331,Pinbi FZ Coat,
12332,Pinbi HS Coat,
12333,Pinbi GS Coat,
12334,Pinbi GP Coat,
12335,Pinbi ZP Coat,
12336,Pribu Coil,
12337,Pribu F Coil,
12338,Pribu FZ Coil,
12339,Pribu HS Coil,
12340,Pribu GS Coil,
12341,Pribu GP Coil,
12342,Pribu ZP Coil,
12343,Pribu Coat,
12344,Pribu F Coat,
12345,Pribu FZ Coat,
12346,Pribu HS Coat,
12347,Pribu GS Coat,
12348,Pribu GP Coat,
12349,Pribu ZP Coat,
12350,Gray Coil,
12351,Gray F Coil,
12352,Gray FZ Coil,
12353,Gray HS Coil,
12354,Gray GS Coil,
12355,Gray GP Coil,
12356,Gray ZP Coil,
12357,Gray Coat,
12358,Gray F Coat,
12359,Gray FZ Coat,
12360,Gray HS Coat,
12361,Gray GS Coat,
12362,Gray GP Coat,
12363,Gray ZP Coat,
12364,Urpina Coil,
12365,Urpina F Coil,
12366,Urpina FZ Coil,
12367,Urpina HS Coil,
12368,Urpina GS Coil,
12369,Urpina GP Coil,
12370,Urpina ZP Coil,
12371,Urpina Coat,
12372,Urpina F Coat,
12373,Urpina FZ Coat,
12374,Urpina HS Coat,
12375,Urpina GS Coat,
12376,Urpina GP Coat,
12377,Urpina ZP Coat,
12378,Noel Coil,
12379,Noel F Coil,
12380,Noel FZ Coil,
12381,Noel HS Coil,
12382,Noel GS Coil,
12383,Noel GP Coil,
12384,Noel ZP Coil,
12385,Noel Coat,
12386,Noel F Coat,
12387,Noel FZ Coat,
12388,Noel HS Coat,
12389,Noel GS Coat,
12390,Noel GP Coat,
12391,Noel ZP Coat,
12392,Bune Coil,
12393,Bune F Coil,
12394,Bune FZ Coil,
12395,Bune HS Coil,
12396,Bune GS Coil,
12397,Bune GP Coil,
12398,Bune ZP Coil,
12399,Bune Coat,
12400,Bune F Coat,
12401,Bune FZ Coat,
12402,Bune HS Coat,
12403,Bune GS Coat,
12404,Bune GP Coat,
12405,Bune ZP Coat,
12406,Ravi G Coil:Extreme,
12407,Ravi GF Coil:Extreme,
12408,Ravi GX Coil:Extreme,
12409,Ravi G Coat:Extreme,
12410,Ravi GF Coat:Extreme,
12411,Ravi GX Coat:Extreme,
12412,Harze ZP Belt,
12413,Harze ZP Coat,
12414,Revenants ZP Navel,
12415,Revenants ZP Belly,
12416,祭のあとに【負け犬】,After the Festival [Loser]
12417,祭のあとに【負け犬】,After the Festival [Loser]
12418,祭のあとに【負け犬】,After the Festival [Loser]
12419,祭のあとに【負け犬】,After the Festival [Loser]
12420,祭のあとに【負け犬】,After the Festival [Loser]
12421,祭のあとに【負け犬】,After the Festival [Loser]
12422,祭のあとに【負け犬】,After the Festival [Loser]
12423,祭のあとに【負け犬】,After the Festival [Loser]
12424,祭のあとに【負け犬】,After the Festival [Loser]
12425,祭のあとに【負け犬】,After the Festival [Loser]
12426,祭のあとに【負け犬】,After the Festival [Loser]
12427,祭のあとに【負け犬】,After the Festival [Loser]
12428,祭のあとに【負け犬】,After the Festival [Loser]
12429,祭のあとに【負け犬】,After the Festival [Loser]
12430,祭のあとに【負け犬】,After the Festival [Loser]
12431,祭のあとに【負け犬】,After the Festival [Loser]
12432,祭のあとに【負け犬】,After the Festival [Loser]
12433,祭のあとに【負け犬】,After the Festival [Loser]
12434,祭のあとに【負け犬】,After the Festival [Loser]
12435,祭のあとに【負け犬】,After the Festival [Loser]
12436,祭のあとに【負け犬】,After the Festival [Loser]
12437,祭のあとに【負け犬】,After the Festival [Loser]
12438,祭のあとに【負け犬】,After the Festival [Loser]
12439,祭のあとに【負け犬】,After the Festival [Loser]
12440,祭のあとに【負け犬】,After the Festival [Loser]
12441,祭のあとに【負け犬】,After the Festival [Loser]
12442,祭のあとに【負け犬】,After the Festival [Loser]
12443,祭のあとに【負け犬】,After the Festival [Loser]
12444,祭のあとに【負け犬】,After the Festival [Loser]
12445,祭のあとに【負け犬】,After the Festival [Loser]
12446,祭のあとに【負け犬】,After the Festival [Loser]
12447,祭のあとに【負け犬】,After the Festival [Loser]
12448,祭のあとに【負け犬】,After the Festival [Loser]
12449,祭のあとに【負け犬】,After the Festival [Loser]
12450,祭のあとに【負け犬】,After the Festival [Loser]
12451,祭のあとに【負け犬】,After the Festival [Loser]
12452,祭のあとに【負け犬】,After the Festival [Loser]
12453,祭のあとに【負け犬】,After the Festival [Loser]
12454,祭のあとに【負け犬】,After the Festival [Loser]
12455,祭のあとに【負け犬】,After the Festival [Loser]
12456,Saine D Coil,
12457,Wing D Faulds,
12458,Gasura ZD Coil,
12459,Gasura ZD Coat,
12460,Seregios C Faulds,
12461,Seregios C Coat,
12462,Pinbi D Coil,
12463,Pribu D Coil,
12464,Nerihi Obi D,
12465,Gray D Coil,
12466,Urpina D Coil,
12467,Noel D Coil,
12468,Bune D Coil,
12469,Melas D Coat,
12470,Byakko・Kensei D Coil,Byakko Kensei D Coil
12471,Byakko・双龍D Coil,Byakko Twin Dragon D Coil
12472,Byakko・剣王D Coil,Byakko Sword King D Coil
12473,Byakko・刀神D Coil,Byakko Kensei D Coil
12474,Byakko・Heaven 槍D Coil,Byakko Heaven Spear D Coil
12475,Byakko・砲皇D Coil,Byakko Cannon Emperor D Coil
12476,Byakko・鈍器獣D Coil,Byakko Blunt Beast D Coil
12477,Byakko・奏帝D Coil,Byakko Song Emperor D Coil
12478,Byakko・穿凰D Coil,Byakko Piercing Phoenix D Coil
12479,Byakko・斬将D Coil,Byakko Blade General D Coil
12480,Byakko・銃傑D Coat,Byakko Gun Master D Coat
12481,Byakko・銃仙D Coat,Byakko Gun Sage D Coat
12482,Byakko・Bow 鬼D Coat,Byakko Bow Demon D Coat
12483,Kirin フープ PD Red,Kirin Hoop PD Red
12484,Kirin フープ PD Purple,Kirin Hoop PD Purple
12485,Kirin フープ PD Black,Kirin Hoop PD Black
12486,Kaiser Coil PD White,
12487,Kaiser Coat PD White,
12488,Kaiser Coil PD Black,
12489,Kaiser Coat PD Black,
12490,Kaiser Coil PD Green,
12491,Kaiser Coat PD Green,
12492,Mizuha 【丸 Obi 】 PD Blue,Mizuha [Waist] PD Blue
12493,Mizuha 【丸 Obi 】 PD Red,Mizuha [Waist] PD Red
12494,Mizuha 【丸 Obi 】 PD Yellow,Mizuha [Waist] PD Yellow
12495,Toyotama 【丸 Obi 】 PD Blue,Toyotama [Maru Obi] PD Blue
12496,Toyotama 【丸 Obi 】 PD Red,Toyotama [Maru Obi] PD Red
12497,Toyotama 【丸 Obi 】 PD Yellow,Toyotama [Maru Obi] PD Yellow
12498,暁丸【腰当て】 PD Red,Akatsuki [Waist] PD Red
12499,暁丸【腰当て】 PD Purple,Akatsuki [Waist] PD Purple
12500,暁丸【腰当て】 PD White,Akatsuki [Waist] PD White
12501,凛【腰当て】 PD Black,Rin [Waist] PD Black
12502,凛【腰当て】 PD Purple,Rin [Waist] PD Purple
12503,凛【腰当て】 PD White,Rin [Waist] PD White
12504,Ceanataur Coat PD Red,
12505,Ceanataur Coat PD Black,
12506,Ceanataur Coat PD Yellow,
12507,Remobra Belt PD White,
12508,Remobra Belt PD Yellow,
12509,Remobra Belt PD Black,
12510,Harze D Belt,
12511,Revenants D Navel,
12512,Kukubo D Coat,
12513,Kakabu D Coat,
12514,Aruru D Coat,
12515,Suzaku・Kensei D Coil,Suzaku Kensei D Coil
12516,Suzaku・双龍D Coil,Suzaku Twin Dragon D Coil
12517,Suzaku・剣王D Coil,Vermilion Bird Sword King D Coil
12518,Suzaku・刀神D Coil,Suzaku Sword God D Coil
12519,Suzaku・Heaven 槍D Coil,Suzaku Heaven Spear D Coil
12520,Suzaku・砲皇D Coil,Suzaku Cannon Emperor D Coil
12521,Suzaku・鈍器獣D Coil,Suzaku Blunt Beast D Coil
12522,Suzaku・奏帝D Coil,Suzaku Music Emperor D Coil
12523,Suzaku・穿凰D Coil,Suzaku Piercing Phoenix D Coil
12524,Suzaku・斬将D Coil,Suzaku Slash General D Coil
12525,Suzaku・銃傑D Coat,Suzaku Gun Hero D Coat
12526,Suzaku・銃仙D Coat,Suzaku Gun Hermit D Coat
12527,Suzaku・Bow 鬼D Coat,Suzaku Bow Demon D Coat
12528,G・Knight Coat PD Red,G Knight Coat PD Red
12529,G・Knight Coat PD Blue,G Knight Coat PD Blue
12530,G・Knight Coat PD Purple,G Knight Coat PD Purple
12531,PV Frill PD Red,
12532,PV Frill PD Blue,
12533,PV Frill PD Purple,
12534,Empress Coil PD Red,
12535,Empress Coil PD Yellow,
12536,Empress Coil PD Purple,
12537,Empress Coat PD Red,
12538,Empress Coat PD Yellow,
12539,Empress Coat PD Purple,
12540,Vespoid Faulds PD Yellow,
12541,Vespoid Faulds PD Black,
12542,Vespoid Faulds PD Blue,
12543,Death Stench Navel PD White,
12544,Death Stench Navel PD Red,
12545,Death Stench Navel PD Blue,
12546,Diablos Coil PD Purple,
12547,Diablos Coil PD Blue,
12548,Diablos Coil PD Yellow,
12549,Makluva Coil PD Green,
12550,Makluva Coil PD Blue,
12551,Makluva Coil PD Black,
12552,Akantor イッケク PD Black,Akantor Great Sword PD Black
12553,Akantor イッケク PD Red,Akantor Great Sword PD Red
12554,Akantor イッケク PD White,Akantor Great Sword PD White
12555,Akantor クッコレ PD Black,Akantor Kukkore PD Black
12556,Akantor クッコレ PD Red,Akantor Kukkore PD Red
12557,Akantor クッコレ PD White,Akantor Kukkore PD White
12558,Gravios Coil PD Black,
12559,Gravios Coil PD Blue,
12560,Gravios Coil PD Red,
12561,Sharuru D Coil,
12562,Neriotori Obi D,
12563,Anorupatisu ZD Coil,
12564,Anorupatisu ZD Coat,
12565,Dylan D Coil,
12566,Dibble D Coil,
12567,Fins D Coil,
12568,Dins D Coil,
12569,Charis D Coil,
12570,Miriam D Coil,
12571,Lenigan D Coil,
12572,執事 Maid 色替え,Butler Maid recolor
12573,Katante D Coil,
12574,Rikante D Coil,
12575,Merente D Coil,
12576,Utante D Coil,
12577,Brooke D Faulds,
12578,Shirukku D Faulds,
12579,Gorukku D Faulds,
12580,Kiyoshi Obi D,
12581,Kashoku Obi D,
12582,Jyaga D Faulds,
12583,Cure D Faulds,
12584,Jess D Faulds,
12585,Riaruo D Coil,
12586,Reiresu D Coil,
12587,Reuasu D Coil,
12588,Buran D Faulds,
12589,ハンショク Mask D,Hanshoku Mask D
12590,Shimashima D Waist,
12591,デストラDタセット,Destra D Tasset
12592,Furante D Coil,
12593,Sharuru Coil,
12594,Sharuru F Coil,
12595,Sharuru FZ Coil,
12596,Sharuru HS Coil,
12597,Sharuru GS Coil,
12598,Sharuru GP Coil,
12599,Sharuru ZP Coil,
12600,Sharuru Coat,
12601,Sharuru F Coat,
12602,Sharuru FZ Coat,
12603,Sharuru HS Coat,
12604,Sharuru GS Coat,
12605,Sharuru GP Coat,
12606,Sharuru ZP Coat,
12607,Neriotori Obi Z,
12608,Neriotori Obi ZF,
12609,Neriotori Obi ZY,
12610,Neriotori Obi ZX,
12611,Neriotori Cloth Z,
12612,Neriotori Cloth ZF,
12613,Neriotori Cloth ZY,
12614,Neriotori Cloth ZX,
12615,Anorupatisu Z Coil,
12616,Anorupatisu ZF Coil,
12617,Anorupatisu ZY Coil,
12618,Anorupatisu ZX Coil,
12619,Anorupatisu Z Coat,
12620,Anorupatisu ZF Coat,
12621,Anorupatisu ZY Coat,
12622,Anorupatisu ZX Coat,
12623,Utatsumugu Waistband Z,
12624,Utatsumugu Waistband ZF,
12625,Utatsumugu Waistband ZY,
12626,Utatsumugu Waistband ZX,
12627,Utatsumugu Colour Belt Z,
12628,Utatsumugu Colour Belt ZF,
12629,Utatsumugu Colour Belt ZY,
12630,Utatsumugu Colour Belt ZX,
12631,Lynx G Faulds,
12632,Lynx GF Faulds,
12633,Lynx GX Faulds,
12634,Lynx G Coat,
12635,Lynx GF Coat,
12636,Lynx GX Coat,
12637,Zindol G Faulds,
12638,Zindol GF Faulds,
12639,Zindol GX Faulds,
12640,Zindol G Coat,
12641,Zindol GF Coat,
12642,Zindol GX Coat,
12643,Dylan Coil,
12644,Dylan F Coil,
12645,Dylan FZ Coil,
12646,Dylan HS Coil,
12647,Dylan GS Coil,
12648,Dylan GP Coil,
12649,Dylan ZP Coil,
12650,Dylan Coat,
12651,Dylan F Coat,
12652,Dylan FZ Coat,
12653,Dylan HS Coat,
12654,Dylan GS Coat,
12655,Dylan GP Coat,
12656,Dylan ZP Coat,
12657,Dibble Coil,
12658,Dibble F Coil,
12659,Dibble FZ Coil,
12660,Dibble HS Coil,
12661,Dibble GS Coil,
12662,Dibble GP Coil,
12663,Dibble ZP Coil,
12664,Dibble Coat,
12665,Dibble F Coat,
12666,Dibble FZ Coat,
12667,Dibble HS Coat,
12668,Dibble GS Coat,
12669,Dibble GP Coat,
12670,Dibble ZP Coat,
12671,Fins Coil,
12672,Fins F Coil,
12673,Fins FZ Coil,
12674,Fins HS Coil,
12675,Fins GS Coil,
12676,Fins GP Coil,
12677,Fins ZP Coil,
12678,Fins Coat,
12679,Fins F Coat,
12680,Fins FZ Coat,
12681,Fins HS Coat,
12682,Fins GS Coat,
12683,Fins GP Coat,
12684,Fins ZP Coat,
12685,Dins Coil,
12686,Dins F Coil,
12687,Dins FZ Coil,
12688,Dins HS Coil,
12689,Dins GS Coil,
12690,Dins GP Coil,
12691,Dins ZP Coil,
12692,Dins Coat,
12693,Dins F Coat,
12694,Dins FZ Coat,
12695,Dins HS Coat,
12696,Dins GS Coat,
12697,Dins GP Coat,
12698,Dins ZP Coat,
12699,Kiyoshi Obi Z,
12700,Kiyoshi Obi ZF,
12701,Kiyoshi Obi ZY,
12702,Kiyoshi Obi ZX,
12703,Kiyoshi Waist Z,
12704,Kiyoshi Waist ZF,
12705,Kiyoshi Waist ZY,
12706,Kiyoshi Waist ZX,
12707,Kashoku Obi Z,
12708,Kashoku Obi ZF,
12709,Kashoku Obi ZY,
12710,Kashoku Obi ZX,
12711,Kashoku Waist Z,
12712,Kashoku Waist ZF,
12713,Kashoku Waist ZY,
12714,Kashoku Waist ZX,
12715,Charis Coil,
12716,Charis F Coil,
12717,Charis FZ Coil,
12718,Charis HS Coil,
12719,Charis GS Coil,
12720,Charis GP Coil,
12721,Charis ZP Coil,
12722,Charis Coat,
12723,Charis F Coat,
12724,Charis FZ Coat,
12725,Charis HS Coat,
12726,Charis GS Coat,
12727,Charis GP Coat,
12728,Charis ZP Coat,
12729,Miriam Coil,
12730,Miriam F Coil,
12731,Miriam FZ Coil,
12732,Miriam HS Coil,
12733,Miriam GS Coil,
12734,Miriam GP Coil,
12735,Miriam ZP Coil,
12736,Miriam Coat,
12737,Miriam F Coat,
12738,Miriam FZ Coat,
12739,Miriam HS Coat,
12740,Miriam GS Coat,
12741,Miriam GP Coat,
12742,Miriam ZP Coat,
12743,Lenigan Coil,
12744,Lenigan F Coil,
12745,Lenigan FZ Coil,
12746,Lenigan HS Coil,
12747,Lenigan GS Coil,
12748,Lenigan GP Coil,
12749,Lenigan ZP Coil,
12750,Lenigan Coat,
12751,Lenigan F Coat,
12752,Lenigan FZ Coat,
12753,Lenigan HS Coat,
12754,Lenigan GS Coat,
12755,Lenigan GP Coat,
12756,Lenigan ZP Coat,
12757,Favila Coil,
12758,Favila F Coil,
12759,Favila FZ Coil,
12760,Favila HS Coil,
12761,Favila GS Coil,
12762,Favila GP Coil,
12763,Favila ZP Coil,
12764,Favila Coat,
12765,Favila F Coat,
12766,Favila FZ Coat,
12767,Favila HS Coat,
12768,Favila GS Coat,
12769,Favila GP Coat,
12770,Favila ZP Coat,
12771,Desutora GS Tasset,
12772,Desutora GP Tasset,
12773,Desutora ZP Tasset,
12774,ダミー,Dummy
12775,ダミー,Dummy
12776,ダミー,Dummy
12777,Desutora GS Cuisses,
12778,Desutora GP Cuisses,
12779,Desutora ZP Cuisses,
12780,ダミー,Dummy
12781,ダミー,Dummy
12782,ダミー,Dummy
12783,Brave ZX Faulds,
12784,Bogabado Z Coil,
12785,Bogabado ZF Coil,
12786,Bogabado ZY Coil,
12787,Bogabado ZX Coil,
12788,Bogabado Z Coat,
12789,Bogabado ZF Coat,
12790,Bogabado ZY Coat,
12791,Bogabado ZX Coat,
12792,Alicia Coil,
12793,Alicia F Coil,
12794,Alicia FZ Coil,
12795,Alicia HS Coil,
12796,Alicia GS Coil,
12797,Alicia GP Coil,
12798,Alicia ZP Coil,
12799,Alicia Coat,
12800,Alicia F Coat,
12801,Alicia FZ Coat,
12802,Alicia HS Coat,
12803,Alicia GS Coat,
12804,Alicia GP Coat,
12805,Alicia ZP Coat,
12806,Tanzanite Coil,
12807,Tanzanite F Coil,
12808,Tanzanite FX Coil,
12809,Hematite Coil,
12810,Hematite F Coil,
12811,Hematite FX Coil,
12812,Byakko・磁星G Coil,Byakko Magnet Star G Coil
12813,Byakko・磁星GF Coil,Byakko Magnet Star GF Coil
12814,Byakko・磁星GX Coil,Byakko Magnet Star GX Coil
12815,Suzaku・磁星G Coil,Suzaku Magnet Star G Coil
12816,Suzaku・磁星GF Coil,Suzaku Magnet Star GF Coil
12817,Suzaku・磁星GX Coil,Suzaku Magnet Star GX Coil
12818,Genbu・磁星G Coil,Genbu Magnetar G Coil
12819,Genbu・磁星GF Coil,Genbu Magnetar GF Coil
12820,Genbu・磁星GX Coil,Genbu Magnetar GX Coil
12821,Seiryu・磁星G Coil,Seiryu Magnestar G Coil
12822,Seiryu・磁星GF Coil,Seiryu Magnestar GF Coil
12823,Seiryu・磁星GX Coil,Seiryu Magnestar GX Coil
12824,White 蘭・磁星 Coil,White Orchid Magnetic Star Coil
12825,White 蘭・磁星F Coil,White Orchid Magnet Star F Coil
12826,White 蘭・磁星FX Coil,White Orchid Magnet Star FX Coil
12827,Crimson 霞・磁星 Coil,Crimson Mist Magnet Star Coil
12828,Crimson 霞・磁星F Coil,Crimson Mist Magnet Star F Coil
12829,Crimson 霞・磁星FX Coil,Crimson Mist Magnet Star FX Coil
12830,White 蘭・磁星G Coil,White Orchid Magnet Star G Coil
12831,White 蘭・磁星GF Coil,White Orchid Magnet Star GF Coil
12832,White 蘭・磁星GX Coil,White Orchid Magnet Star GX Coil
12833,Crimson 霞・磁星G Coil,Crimson Mist Magnet Star G Coil
12834,Crimson 霞・磁星GF Coil,Crimson Mist Magnetar GF Coil
12835,Crimson 霞・磁星GX Coil,Crimson Mist Magnetar GX Coil
12836,月夜・磁星G Coil,Moonlit Night Magnetar G Coil
12837,月夜・磁星GF Coil,Moonlit Night Magnetar GF Coil
12838,月夜・磁星GX Coil,Moonlit Magnetstar GX Coil
12839,Green 穹・磁星G Coil,Green Vault Magnetar G Coil
12840,Green 穹・磁星GF Coil,Green Vault Magnetar GF Coil
12841,Green 穹・磁星GX Coil,Green Vault Magnetar GX Coil
12842,Masaha Dress [Waistband] Red,
12843,Masaha Dress F [Waistband] Red,
12844,Masaha Dress FZ [Waistband] Red,
12845,Masaha Dress HS [Waistband] Red,
12846,Masaha Dress GS [Waistband] Red,
12847,Masaha Dress GP [Waistband] Red,
12848,Masaha Dress ZP [Waistband] Red,
12849,Masaha Dress [Cloth] Red,
12850,Masaha Dress F [Cloth] Red,
12851,Masaha Dress FZ [Cloth] Red,
12852,Masaha Dress HS [Cloth] Red,
12853,Masaha Dress GS [Cloth] Red,
12854,Masaha Dress GP [Cloth] Red,
12855,Masaha Dress ZP [Cloth] Red,
12856,Masaha Dress [Waistband] Silver,
12857,Masaha Dress F [Waistband] Silver,
12858,Masaha Dress FZ [Waistband] Silver,
12859,Masaha Dress HS [Waistband] Silver,
12860,Masaha Dress GS [Waistband] Silver,
12861,Masaha Dress GP [Waistband] Silver,
12862,Masaha Dress ZP [Waistband] Silver,
12863,Masaha Dress [Cloth] Silver,
12864,Masaha Dress F [Cloth] Silver,
12865,Masaha Dress FZ [Cloth] Silver,
12866,Masaha Dress HS [Cloth] Silver,
12867,Masaha Dress GS [Cloth] Silver,
12868,Masaha Dress GP [Cloth] Silver,
12869,Masaha Dress ZP [Cloth] Silver,
12870,Masaha Dress [Waistband] Blue,
12871,Masaha Dress F [Waistband] Blue,
12872,Masaha Dress FZ [Waistband] Blue,
12873,Masaha Dress HS [Waistband] Blue,
12874,Masaha Dress GS [Waistband] Blue,
12875,Masaha Dress GP [Waistband] Blue,
12876,Masaha Dress ZP [Waistband] Blue,
12877,Masaha Dress [Cloth] Blue,
12878,Masaha Dress F [Cloth] Blue,
12879,Masaha Dress FZ [Cloth] Blue,
12880,Masaha Dress HS [Cloth] Blue,
12881,Masaha Dress GS [Cloth] Blue,
12882,Masaha Dress GP [Cloth] Blue,
12883,Masaha Dress ZP [Cloth] Blue,
12884,Masaha Dress [Waistband] Orange,
12885,Masaha Dress F [Waistband] Orange,
12886,Masaha Dress FZ [Waistband] Orange,
12887,Masaha Dress HS [Waistband] Orange,
12888,Masaha Dress GS [Waistband] Orange,
12889,Masaha Dress GP [Waistband] Orange,
12890,Masaha Dress ZP [Waistband] Orange,
12891,Masaha Dress [Cloth] Orange,
12892,Masaha Dress F [Cloth] Orange,
12893,Masaha Dress FZ [Cloth] Orange,
12894,Masaha Dress HS [Cloth] Orange,
12895,Masaha Dress GS [Cloth] Orange,
12896,Masaha Dress GP [Cloth] Orange,
12897,Masaha Dress ZP [Cloth] Orange,
12898,Graham Faulds,
12899,Favila D Coil,
12900,Alicia D Coil,
12901,Masaha Dress C [Waistband 】,
12902,Aura C Coil,
12903,Asumo C Coil,
12904,Rokka C Coil,
12905,Ruche C Coil,
12906,Shui C Coil,
12907,Masaha Dress D [Waistband] Red,
12908,Masaha Dress D [Waistband] Silver,
12909,Masaha Dress D [Waistband] Blue,
12910,Masaha Dress D [Waistband] Orange,
12911,Genbu・Kensei D Coil,Genbu Kensei D Coil
12912,Genbu・双龍D Coil,Genbu Twin Dragon D Coil
12913,Genbu・剣王D Coil,Genbu Sword King D Coil
12914,Genbu・刀神D Coil,Genbu Kensei D Coil
12915,Genbu・Heaven 槍D Coil,Genbu Heaven Lance D Coil
12916,Genbu・砲皇D Coil,Genbu Cannon Emperor D Coil
12917,Genbu・鈍器獣D Coil,Genbu Blunt Beast D Coil
12918,Genbu・奏帝D Coil,Genbu Melody Emperor D Coil
12919,Genbu・穿凰D Coil,Genbu Piercing Phoenix D Coil
12920,Genbu・斬将D Coil,Genbu Slash General D Coil
12921,Genbu・銃傑D Coat,Genbu Gun Master D Coat
12922,Genbu・銃仙D Coat,Genbu Gun Sage D Coat
12923,Genbu・Bow 鬼D Coat,Genbu Bow Demon D Coat
12924,Tanzanite D Coil,
12925,Hematite D Coil,
12926,Byakko・磁星D Coil,Byakko Magnet Star D Coil
12927,Suzaku・磁星D Coil,Suzaku Magnet Star D Coil
12928,Genbu・磁星D Coil,Genbu Magnetar D Coil
12929,Tigrex Coil PD Black,
12930,Tigrex Coil PD White,
12931,Tigrex Coil PD Purple,
12932,Monoblos Coil PD Yellow,
12933,Monoblos Coil PD Green,
12934,Monoblos Coil PD White,
12935,Khezu Coat PD Black,
12936,Khezu Coat PD Green,
12937,Khezu Coat PD Blue,
12938,Plesioth Faulds PD Black,
12939,Plesioth Faulds PD Yellow,
12940,Plesioth Faulds PD Purple,
12941,Plesioth Coat PD Black,
12942,Plesioth Coat PD Yellow,
12943,Plesioth Coat PD Purple,
12944,Gypceros Coat PD Red,
12945,Gypceros Coat PD Yellow,
12946,Gypceros Coat PD Green,
12947,Kagura 【腰当て】 PD Red,Kagura [Waist] PD Red
12948,Kagura 【腰当て】 PD Black,Kagura [Waist] PD Black
12949,Kagura 【腰当て】 PD Purple,Kagura [Waist] PD Purple
12950,Kamiza 【腰当て】 PD Red,Kamiza[Waist] PD Red
12951,Kamiza 【腰当て】 PD Black,Kamiza[Waist] PD Black
12952,Kamiza 【腰当て】 PD Purple,Kamiza[Waist] PD Purple
12953,Mosswine Hip PD White,
12954,Mosswine Hip PD Yellow,
12955,Mosswine Hip PD Blue,
12956,忍の Obi・陰 PD Yellow,Shinobi Obi Yin PD Yellow
12957,忍の Obi・陰 PD Red,Shinobi Obi Yin PD Red
12958,忍の Obi・陰 PD Blue,Shinobi Obi Yin PD Blue
12959,Dusk D Waist・Red,Dusk D Waist Red
12960,Dusk D Waist・White,Dusk D Waist White
12961,Dusk D Waist・Peach,Dusk D Waist Peach
12962,Dusk D Waist・Blue,Dusk D Waist Blue
12963,Marin D Coil・Blue,Marin D Coil Blue
12964,Marin D Coil・Peach,Marin D Coil Peach
12965,Marin D Coil・White,Marin D Coil White
12966,Marin D Coil・Black,Marin D Coil Black
12967,Reflet D Coil・Blue,Reflet D Coil Blue
12968,Reflet D Coil・White,Reflet D Coil White
12969,Reflet D Coil・Red,Reflet D Coil Red
12970,Reflet D Coil・Black,Reflet D Coil Black
12971,Tenpi ノ佩楯D・Red,Tenpi Thigh Guard D Red
12972,Tenpi ノ佩楯D・Blue,Tenpi Thigh Guard D Blue
12973,Tenpi ノ佩楯D・Black,Tenpi Thigh Guard D Black
12974,Tenpi ノ佩楯D・White,Tenpi Thigh Guard D White
12975,Tenpi Waistband D・Red,Tenpi Waistband D Red
12976,Tenpi Waistband D・Blue,Tenpi Waistband D Blue
12977,Tenpi Waistband D・Black,Tenpi Waistband D Black
12978,Tenpi Waistband D・White,Tenpi Waistband D White
12979,Naga D Coil・Blue,Naga D Coil Blue
12980,Naga D Coil・Red,Naga D Coil Red
12981,Naga D Coil・White,Naga D Coil White
12982,Naga D Coil・Black,Naga D Coil Black
12983,Sheriff D Coil・Tea,Sheriff D Coil Tea
12984,Sheriff D Coil・Black,Sheriff D Coil Black
12985,Sheriff D Coil・Blue,Sheriff D Coil Blue
12986,Sheriff D Coil・White,Sheriff D Coil White
12987,Serena D Coil・Purple,Serena D Coil Purple
12988,Serena D Coil・Blue,Serena D Coil Blue
12989,Serena D Coil・White,Serena D Coil White
12990,Serena D Coil・Red,Serena D Coil Red
12991,Gelt D Coil・Black,Gelt D Coil Black
12992,Gelt D Coil・Copper,Gelt D Coil Copper
12993,Gelt D Coil・Silver,Gelt D Coil Silver
12994,Gelt D Coil・Gold,Gelt D Coil Gold
12995,Gloria D Coil・Gold,Gloria D Coil Gold
12996,Gloria D Coil・Blue,Gloria D Coil Blue
12997,Gloria D Coil・Water,Gloria D Coil Water
12998,Gloria D Coil・Red,Gloria D Coil Red
12999,Cloth D Coil・Red,Cloth D Coil Red
13000,Cloth D Coil・Blue,Cloth D Coil Blue
13001,Cloth D Coil・Purple,Cloth D Coil Purple
13002,Cloth D Coil・Green,Cloth D Coil Green
13003,Rast D Coil・Black,Rast D Coil Black
13004,Rast D Coil・Blue,Rast D Coil Blue
13005,Rast D Coil・Crimson,Rast D Coil Crimson
13006,Rast D Coil・White,Rast D Coil White
13007,Siena D Coil・Silver,Siena D Coil Silver
13008,Siena D Coil・Black,Siena D Coil Black
13009,Siena D Coil・Red,Siena D Coil Red
13010,Siena D Coil・Blue,Siena D Coil Blue
13011,Cultu D Coil・Ash,Cultu D Coil Ash
13012,Cultu D Coil・Blue,Cultu D Coil Blue
13013,Cultu D Coil・Orange,Cultu D Coil Orange
13014,Cultu D Coil・Green,Cultu D Coil Green
13015,Truss D Belt Blue,
13016,Truss D Belt Red,
13017,Truss D Belt White,
13018,Truss D Belt Purple,
13019,Maisto D Coil・Crimson,Maisto D Coil Crimson
13020,Maisto D Coil・Green,Maisto D Coil Green
13021,Maisto D Coil・Green,Maisto D Coil Green
13022,Maisto D Coil・Pink,Maisto D Coil Pink
13023,Randa Waist・D Yellow,Randa Waist D Yellow
13024,Randa Waist・D Red,Randa Waist D Red
13025,Randa Waist・D Purple,Randa Waist D Purple
13026,Randa Waist・D Gold,Randa Waist D Gold
13027,Buney D Belt・Black,Buney D Belt Black
13028,Buney D Belt・White,Buney D Belt White
13029,Buney D Belt・Red,Buney D Belt Red
13030,Buney D Belt・Purple,Buney D Belt Purple
13031,Regelia D Coil・White,Regelia D Coil White
13032,Regelia D Coil・Red,Regelia D Coil Red
13033,Regelia D Coil・Green,Regelia D Coil Green
13034,Regelia D Coil・Blue,Regelia D Coil Blue
13035,Aristo D Coil・Blue,Aristo D Coil Blue
13036,Aristo D Coil・White,Aristo D Coil White
13037,Aristo D Coil・Purple,Aristo D Coil Purple
13038,Aristo D Coil・Red,Aristo D Coil Red
13039,Melety D Coil・White,Melety D Coil White
13040,Melety D Coil・Red,Melety D Coil Red
13041,Melety D Coil・Blue,Melety D Coil Blue
13042,Melety D Coil・Black,Melety D Coil Black
13043,Ferme D Coil・Black,Ferme D Coil Black
13044,Ferme D Coil・Red,Ferme D Coil Red
13045,Ferme D Coil・White,Ferme D Coil White
13046,Ferme D Coil・Blue,Ferme D Coil Blue
13047,Real D Coil・White,Real D Coil White
13048,Real D Coil・Gold,Real D Coil Gold
13049,Real D Coil・Blue,Real D Coil Blue
13050,Real D Coil・Red,Real D Coil Red
13051,Arma D Coil・Black,Arma D Coil Black
13052,Arma D Coil・White,Arma D Coil White
13053,Arma D Coil・Blue,Arma D Coil Blue
13054,Arma D Coil・Tea,Arma D Coil Tea
13055,Honour D Coil・Red,Honour D Coil Red
13056,Honour D Coil・Blue,Honour D Coil Blue
13057,Honour D Coil・Green,Honour D Coil Green
13058,Honour D Coil・紺,Honour D Coil Navy
13059,Pics D Coil・Green,Pics D Coil Green
13060,Pics D Coil・Purple,Pics D Coil Purple
13061,Pics D Coil・Black,Pics D Coil Black
13062,Pics D Coil・Water,Pics D Coil Water
13063,Magos D Coil・Yellow,Magos D Coil Yellow
13064,Magos D Coil・Red,Magos D Coil Red
13065,Magos D Coil・Water,Magos D Coil Water
13066,Magos D Coil・Blue,Magos D Coil Blue
13067,Arge D Coil,
13068,Camarera D Coil,
13069,Metenera D Coil,
13070,Abitto D Coil,
13071,Riburi D Coil,
13072,Zodic D Coil・Blue,Zodic D Coil Blue
13073,Zodic D Coil・Tea,Zodic D Coil Tea
13074,Zodic D Coil・Green,Zodic D Coil Green
13075,Zodic D Coil・Pink,Zodic D Coil Pink
13076,Cayssis D Coil Water,
13077,Cayssis D Coil Red,
13078,Cayssis D Coil Blue,
13079,Cayssis D Coil Orange,
13080,Omet D Coil・Black,Omet D Coil Black
13081,Omet D Coil・Red,Omet D Coil Red
13082,Omet D Coil・White,Omet D Coil White
13083,Omet D Coil・Blue,Omet D Coil Blue
13084,Edio D Coil・Blue,Edio D Coil Blue
13085,Edio D Coil・Red,Edio D Coil Red
13086,Edio D Coil・Yellow,Edio D Coil Yellow
13087,Edio D Coil・Black,Edio D Coil Black
13088,Steno D Elytra ー・Orange,Steno D Elytra Orange
13089,Steno D Elytra ー・Peach,Steno D Elytra Peach
13090,Steno D Elytra ー・Blue,Steno D Elytra Blue
13091,Steno D Elytra ー・Red,Steno D Elytra Red
13092,Suriito D Coil・Yellow,Suriito D Coil Yellow
13093,Suriito D Coil・Silver,Suriito D Coil Silver
13094,Suriito D Coil・Red,Suriito D Coil Red
13095,Suriito D Coil・Blue,Suriito D Coil Blue
13096,Galitos D Belt・Tea,Galitos D Belt Tea
13097,Galitos D Belt・Red,Galitos D Belt Red
13098,Galitos D Belt・Black,Galitos D Belt Black
13099,Galitos D Belt・Water,Galitos D Belt Water
13100,Text D Coil・Purple,Text D Coil Purple
13101,Text D Coil・Green,Text D Coil Green
13102,Text D Coil・Blue,Text D Coil Blue
13103,Text D Coil・Black,Text D Coil Black
13104,Pharan D Coil・White,Pharan D Coil White
13105,Pharan D Coil・Black,Pharan D Coil Black
13106,Pharan D Coil・Red,Pharan D Coil Red
13107,Pharan D Coil・Blue,Pharan D Coil Blue
13108,Gold D Coil・Red,Gold D Coil Red
13109,Gold D Coil・Blue,Gold D Coil Blue
13110,Gold D Coil・Yellow,Gold D Coil Yellow
13111,Gold D Coil・Purple,Gold D Coil Purple
13112,Claire D Coil・Purple,Claire D Coil Purple
13113,Claire D Coil・Water,Claire D Coil Water
13114,Claire D Coil・Red,Claire D Coil Red
13115,Claire D Coil・Black,Claire D Coil Black
13116,Gold Cat Dテイル,Gold Cat D Tail
13117,Silver Cat Dテイル,Silver Cat D Tail
13118,Ex D Coil・White,Ex D Coil White
13119,Ex D Coil・Red,Ex D Coil Red
13120,Ex D Coil・Blue,Ex D Coil Blue
13121,Ex D Coil・Black,Ex D Coil Black
13122,Star Festival D Obi 【 Red 】,
13123,Star Festival D Obi 【 Blue 】,
13124,Star Festival D Obi 【 Black 】,
13125,Star Festival D Obi 【 White 】,
13126,Promise D Coat・White,Promise D Coat White
13127,Promise D Coat・Blue,Promise D Coat Blue
13128,Promise D Coat・Purple,Promise D Coat Purple
13129,Promise D Coat・Yellow,Promise D Coat Yellow
13130,White M Coat D,
13131,Flight Obi D・White,Flight Obi D White
13132,Flight Obi D・Red,Flight Obi D Red
13133,Flight Obi D・Tea,Flight Obi D Tea
13134,Flight Obi D・Blue,Flight Obi D Blue
13135,Bande D Coil・Blue,Bande D Coil Blue
13136,Bande D Coil・Red,Bande D Coil Red
13137,Bande D Coil・Green,Bande D Coil Green
13138,Bande D Coil・Black,Bande D Coil Black
13139,Regnum D Coil・White,Regnum D Coil White
13140,Regnum D Coil・Blue,Regnum D Coil Blue
13141,Regnum D Coil・Red,Regnum D Coil Red
13142,Regnum D Coil・Tea,Regnum D Coil Tea
13143,Gania D Coil・Red,Gania D Coil Red
13144,Gania D Coil・Blue,Gania D Coil Blue
13145,Gania D Coil・Tea,Gania D Coil Tea
13146,Gania D Coil・Purple,Gania D Coil Purple
13147,Amistad D Coil・Black,Amistad D Coil Black
13148,Amistad D Coil・White,Amistad D Coil White
13149,Amistad D Coil・Blue,Amistad D Coil Blue
13150,Amistad D Coil・Crimson,Amistad D Coil Crimson
13151,Perifu D Coil・Blue,Perifu D Coil Blue
13152,Perifu D Coil・Tea,Perifu D Coil Tea
13153,Perifu D Coil・Green,Perifu D Coil Green
13154,Perifu D Coil・Purple,Perifu D Coil Purple
13155,Vakusu D Faulds,
13156,Rizuvue D Coil,
13157,Konseru D Faulds,
13158,Utaei Waistband D,
13159,Utatsumugu Waistband D,
13160,シカリの腰当てD,Sikari Waistguard D
13161,Strega D Faulds,
13162,Eques D Faulds,
13163,Uida D Coil,
13164,Kuraaji D Faulds,
13165,Aneshisu D Faulds,
13166,Zaakaa D Coil,
13167,Vinen D Waist,
13168,Rudeos D Faulds,
13169,Breo D Faulds,
13170,Rouge D Faulds,
13171,Onero D Faulds,
13172,Diina D Waist,
13173,Oorowa D Faulds,
13174,Higakure D Faulds,
13175,Perce D Faulds,
13176,Orykto D Faulds,
13177,Orykto D Coat,
13178,Yoruti D Faulds,
13179,Nisuru D Faulds,
13180,Maaden D Faulds,
13181,Maaden D Coat,
13182,Cheni D Faulds,
13183,Eguiene D Faulds,
13184,Toruboda D Coil,
13185,Kabariba D Faulds,
13186,Norukku D Faulds,
13187,Valier D Faulds,
13188,Arumyu D Coil,
13189,Chatore D Faulds,
13190,Pashio D Faulds,
13191,Cariva D Coil,
13192,Desutora GS Tasset,
13193,Desutora GP Tasset,
13194,Desutora ZP Tasset,
13195,Desutora GS Cuisses,
13196,Desutora GP Cuisses,
13197,Desutora ZP Cuisses,
13198,デストラDタセット,Destra D Tasset
13199,Bogabado ZD Coil,
13200,Bogabado ZD Coat,
13201,Nerishoku Obi Z,
13202,Nerishoku Obi ZF,
13203,Nerishoku Obi ZY,
13204,Nerishoku Obi ZX,
13205,Nerishoku Cloth Z,
13206,Nerishoku Cloth ZF,
13207,Nerishoku Cloth ZY,
13208,Nerishoku Cloth ZX,
13209,Baruragaru Z Coil,
13210,Baruragaru ZF Coil,
13211,Baruragaru ZY Coil,
13212,Baruragaru ZX Coil,
13213,Baruragaru Z Coat,
13214,Baruragaru ZF Coat,
13215,Baruragaru ZY Coat,
13216,Baruragaru ZX Coat,
13217,Gravios Z Coil,
13218,Gravios ZF Coil,
13219,Gravios ZY Coil,
13220,Gravios ZX Coil,
13221,Gravios Z Coat,
13222,Gravios ZF Coat,
13223,Gravios ZY Coat,
13224,Gravios ZX Coat,
13225,Rabius Coil,
13226,Rabius F Coil,
13227,Rabius FZ Coil,
13228,Rabius HS Coil,
13229,Rabius GS Coil,
13230,Rabius GP Coil,
13231,Rabius ZP Coil,
13232,Rabius Coat,
13233,Rabius F Coat,
13234,Rabius FZ Coat,
13235,Rabius HS Coat,
13236,Rabius GS Coat,
13237,Rabius GP Coat,
13238,Rabius ZP Coat,
13239,Rocras Coil,
13240,Rocras F Coil,
13241,Rocras FZ Coil,
13242,Rocras HS Coil,
13243,Rocras GS Coil,
13244,Rocras GP Coil,
13245,Rocras ZP Coil,
13246,Rocras Coat,
13247,Rocras F Coat,
13248,Rocras FZ Coat,
13249,Rocras HS Coat,
13250,Rocras GS Coat,
13251,Rocras GP Coat,
13252,Rocras ZP Coat,
13253,Alisys Coil,
13254,Alisys F Coil,
13255,Alisys FZ Coil,
13256,Alisys HS Coil,
13257,Alisys GS Coil,
13258,Alisys GP Coil,
13259,Alisys ZP Coil,
13260,Alisys Coat,
13261,Alisys F Coat,
13262,Alisys FZ Coat,
13263,Alisys HS Coat,
13264,Alisys GS Coat,
13265,Alisys GP Coat,
13266,Alisys ZP Coat,
13267,Loli Coil,
13268,Loli F Coil,
13269,Loli FZ Coil,
13270,Loli HS Coil,
13271,Loli GS Coil,
13272,Loli GP Coil,
13273,Loli ZP Coil,
13274,Loli Coat,
13275,Loli F Coat,
13276,Loli FZ Coat,
13277,Loli HS Coat,
13278,Loli GS Coat,
13279,Loli GP Coat,
13280,Loli ZP Coat,
13281,Recolis Coil,
13282,Recolis F Coil,
13283,Recolis FZ Coil,
13284,Recolis HS Coil,
13285,Recolis GS Coil,
13286,Recolis GP Coil,
13287,Recolis ZP Coil,
13288,Recolis Coat,
13289,Recolis F Coat,
13290,Recolis FZ Coat,
13291,Recolis HS Coat,
13292,Recolis GS Coat,
13293,Recolis GP Coat,
13294,Recolis ZP Coat,
13295,Bita G Faulds,
13296,Bita GF Faulds,
13297,Bita GX Faulds,
13298,Bita G Coat,
13299,Bita GF Coat,
13300,Bita GX Coat,
13301,Koreputo G Faulds,
13302,Koreputo GF Faulds,
13303,Koreputo GX Faulds,
13304,Koreputo G Coat,
13305,Koreputo GF Coat,
13306,Koreputo GX Coat,
13307,Rapin G Coil,
13308,Rapin GF Coil,
13309,Rapin GX Coil,
13310,Rapin G Coat,
13311,Rapin GF Coat,
13312,Rapin GX Coat,
13313,Kireek Coil,
13314,Kireek F Coil,
13315,Kireek FZ Coil,
13316,Kireek HS Coil,
13317,Kireek GS Coil,
13318,Kireek GP Coil,
13319,Kireek ZP Coil,
13320,Kireek Coat,
13321,Kireek F Coat,
13322,Kireek FZ Coat,
13323,Kireek HS Coat,
13324,Kireek GS Coat,
13325,Kireek GP Coat,
13326,Kireek ZP Coat,
13327,Quna Coil,
13328,Quna F Coil,
13329,Quna FZ Coil,
13330,Quna HS Coil,
13331,Quna GS Coil,
13332,Quna GP Coil,
13333,Quna ZP Coil,
13334,Quna Coat,
13335,Quna F Coat,
13336,Quna FZ Coat,
13337,Quna HS Coat,
13338,Quna GS Coat,
13339,Quna GP Coat,
13340,Quna ZP Coat,
13341,Dista Coil,
13342,Dista F Coil,
13343,Dista FZ Coil,
13344,Dista HS Coil,
13345,Dista GS Coil,
13346,Dista GP Coil,
13347,Dista ZP Coil,
13348,Dista Coat,
13349,Dista F Coat,
13350,Dista FZ Coat,
13351,Dista HS Coat,
13352,Dista GS Coat,
13353,Dista GP Coat,
13354,Dista ZP Coat,
13355,Ionia Coil,
13356,Ionia F Coil,
13357,Ionia FZ Coil,
13358,Ionia HS Coil,
13359,Ionia GS Coil,
13360,Ionia GP Coil,
13361,Ionia ZP Coil,
13362,Ionia Coat,
13363,Ionia F Coat,
13364,Ionia FZ Coat,
13365,Ionia HS Coat,
13366,Ionia GS Coat,
13367,Ionia GP Coat,
13368,Ionia ZP Coat,
13369,Guridi Z Coil,
13370,Guridi ZF Coil,
13371,Guridi ZY Coil,
13372,Guridi ZX Coil,
13373,Guridi Z Coat,
13374,Guridi ZF Coat,
13375,Guridi ZY Coat,
13376,Guridi ZX Coat,
13377,Shifunyi Z Belt,
13378,Shifunyi ZF Belt,
13379,Shifunyi ZY Belt,
13380,Shifunyi ZX Belt,
13381,Shifunyi Z Coat,
13382,Shifunyi ZF Coat,
13383,Shifunyi ZY Coat,
13384,Shifunyi ZX Coat,
13385,Rockman Coat,
13386,Nerishoku Obi D,
13387,Gravios ZD Coil,
13388,Gravios ZD Coat,
13389,Baruragaru ZD Coil,
13390,Baruragaru ZD Coat,
13391,Rabius D Coil,
13392,Rocras D Coil,
13393,Alisys D Coil,
13394,Loli D Coil,
13395,Recolis D Coil,
13396,Rapin D Coil,
13397,Rapin C Coil,
13398,Kireek D Coil,
13399,Quna D Coil,
13400,Dista D Coil,
13401,Ionia D Coil,
13402,Guridi D Coil,
13403,Shifunyi D Belt,
13404,Rappy D Hip,
13405,Bita D Faulds,
13406,Koreputo D Faulds,
13407,Secuti D Coil・Black,Secuti D Coil Black
13408,Secuti D Coil・Blue,Secuti D Coil Blue
13409,Secuti D Coil・Red,Secuti D Coil Red
13410,Secuti D Coil・White,Secuti D Coil White
13411,Rockman D Coat,
13412,Issen D【腰当て】・Red,Issen D [Waist] Red
13413,蜂針D【腰当て】・Orange,Bee Stinger D [Waist] Orange
13414,Shanru Z Coil,
13415,Shanru ZF Coil,
13416,Shanru ZY Coil,
13417,Shanru ZX Coil,
13418,Shanru Z Coat,
13419,Shanru ZF Coat,
13420,Shanru ZY Coat,
13421,Shanru ZX Coat,
13422,Fanru Z Coil,
13423,Fanru ZF Coil,
13424,Fanru ZY Coil,
13425,Fanru ZX Coil,
13426,Fanru Z Coat,
13427,Fanru ZF Coat,
13428,Fanru ZY Coat,
13429,Fanru ZX Coat,
13430,Rengoku Obi Z,
13431,Rengoku Obi ZF,
13432,Rengoku Obi ZY,
13433,Rengoku Obi ZX,
13434,Rengoku Cloth Z,
13435,Rengoku Cloth ZF,
13436,Rengoku Cloth ZY,
13437,Rengoku Cloth ZX,
13438,Nerigeki Obi Z,
13439,Nerigeki Obi ZF,
13440,Nerigeki Obi ZY,
13441,Nerigeki Obi ZX,
13442,Nerigeki Cloth Z,
13443,Nerigeki Cloth ZF,
13444,Nerigeki Cloth ZY,
13445,Nerigeki Cloth ZX,
13446,Zamuza Z Coil,
13447,Zamuza ZF Coil,
13448,Zamuza ZY Coil,
13449,Zamuza ZX Coil,
13450,Zamuza Z Coat,
13451,Zamuza ZF Coat,
13452,Zamuza ZY Coat,
13453,Zamuza ZX Coat,
13454,Harudo Z Coil,
13455,Harudo ZF Coil,
13456,Harudo ZY Coil,
13457,Harudo ZX Coil,
13458,Harudo Z Coat,
13459,Harudo ZF Coat,
13460,Harudo ZY Coat,
13461,Harudo ZX Coat,
13462,Elysi G Coil,
13463,Elysi GF Coil,
13464,Elysi GX Coil,
13465,Elysi G Coat,
13466,Elysi GF Coat,
13467,Elysi GX Coat,
13468,Myunru Z Coil,
13469,Myunru ZF Coil,
13470,Myunru ZY Coil,
13471,Myunru ZX Coil,
13472,Myunru Z Coat,
13473,Myunru ZF Coat,
13474,Myunru ZY Coat,
13475,Myunru ZX Coat,
13476,Kinkou Coil,
13477,Kinkou F Coil,
13478,Kinkou FZ Coil,
13479,Kinkou HS Coil,
13480,Kinkou GS Coil,
13481,Kinkou GP Coil,
13482,Kinkou ZP Coil,
13483,Kinkou Coat,
13484,Kinkou F Coat,
13485,Kinkou FZ Coat,
13486,Kinkou HS Coat,
13487,Kinkou GS Coat,
13488,Kinkou GP Coat,
13489,Kinkou ZP Coat,
13490,Anbu Coil,
13491,Anbu F Coil,
13492,Anbu FZ Coil,
13493,Anbu HS Coil,
13494,Anbu GS Coil,
13495,Anbu GP Coil,
13496,Anbu ZP Coil,
13497,Anbu Coat,
13498,Anbu F Coat,
13499,Anbu FZ Coat,
13500,Anbu HS Coat,
13501,Anbu GS Coat,
13502,Anbu GP Coat,
13503,Anbu ZP Coat,
13504,Arbiter GS Tasset,
13505,Arbiter GP Tasset,
13506,Arbiter ZP Tasset,
13507,Arbiter GS Cuisses,
13508,Arbiter GP Cuisses,
13509,Arbiter ZP Cuisses,
13510,Fine Coil,
13511,Fine F Coil,
13512,Fine FZ Coil,
13513,Fine HS Coil,
13514,Fine GS Coil,
13515,Fine GP Coil,
13516,Fine ZP Coil,
13517,Fine Coat,
13518,Fine F Coat,
13519,Fine FZ Coat,
13520,Fine HS Coat,
13521,Fine GS Coat,
13522,Fine GP Coat,
13523,Fine ZP Coat,
13524,Kotona Coil,
13525,Kotona F Coil,
13526,Kotona FZ Coil,
13527,Kotona HS Coil,
13528,Kotona GS Coil,
13529,Kotona GP Coil,
13530,Kotona ZP Coil,
13531,Kotona Coat,
13532,Kotona F Coat,
13533,Kotona FZ Coat,
13534,Kotona HS Coat,
13535,Kotona GS Coat,
13536,Kotona GP Coat,
13537,Kotona ZP Coat,
13538,Finis Coil,
13539,Finis F Coil,
13540,Finis FZ Coil,
13541,Finis HS Coil,
13542,Finis GS Coil,
13543,Finis GP Coil,
13544,Finis ZP Coil,
13545,Finis Coat,
13546,Finis F Coat,
13547,Finis FZ Coat,
13548,Finis HS Coat,
13549,Finis GS Coat,
13550,Finis GP Coat,
13551,Finis ZP Coat,
13552,Firl Coil,
13553,Firl F Coil,
13554,Firl FZ Coil,
13555,Firl HS Coil,
13556,Firl GS Coil,
13557,Firl GP Coil,
13558,Firl ZP Coil,
13559,Firl Coat,
13560,Firl F Coat,
13561,Firl FZ Coat,
13562,Firl HS Coat,
13563,Firl GS Coat,
13564,Firl GP Coat,
13565,Firl ZP Coat,
13566,Ryoso Waistband,
13567,Ryoso Waistband F,
13568,Ryoso Waistband FZ,
13569,Ryoso Waistband HS,
13570,Ryoso Waistband GS,
13571,Ryoso Waistband GP,
13572,Ryoso Waistband ZP,
13573,Ryoso Colour Belt,
13574,Ryoso Colour Belt F,
13575,Ryoso Colour Belt FZ,
13576,Ryoso Colour Belt HS,
13577,Ryoso Colour Belt GS,
13578,Ryoso Colour Belt GP,
13579,Ryoso Colour Belt ZP,
13580,Gems Coil,
13581,Gems F Coil,
13582,Gems FZ Coil,
13583,Gems HS Coil,
13584,Gems GS Coil,
13585,Gems GP Coil,
13586,Gems ZP Coil,
13587,Gems Coat,
13588,Gems F Coat,
13589,Gems FZ Coat,
13590,Gems HS Coat,
13591,Gems GS Coat,
13592,Gems GP Coat,
13593,Gems ZP Coat,
13594,Alisha Coil,
13595,Alisha F Coil,
13596,Alisha FZ Coil,
13597,Alisha HS Coil,
13598,Alisha GS Coil,
13599,Alisha GP Coil,
13600,Alisha ZP Coil,
13601,Alisha Coat,
13602,Alisha F Coat,
13603,Alisha FZ Coat,
13604,Alisha HS Coat,
13605,Alisha GS Coat,
13606,Alisha GP Coat,
13607,Alisha ZP Coat,
13608,Ricca Coil,
13609,Ricca F Coil,
13610,Ricca FZ Coil,
13611,Ricca HS Coil,
13612,Ricca GS Coil,
13613,Ricca GP Coil,
13614,Ricca ZP Coil,
13615,Ricca Coat,
13616,Ricca F Coat,
13617,Ricca FZ Coat,
13618,Ricca HS Coat,
13619,Ricca GS Coat,
13620,Ricca GP Coat,
13621,Ricca ZP Coat,
13622,Kelis Coil,
13623,Kelis F Coil,
13624,Kelis FZ Coil,
13625,Kelis HS Coil,
13626,Kelis GS Coil,
13627,Kelis GP Coil,
13628,Kelis ZP Coil,
13629,Kelis Coat,
13630,Kelis F Coat,
13631,Kelis FZ Coat,
13632,Kelis HS Coat,
13633,Kelis GS Coat,
13634,Kelis GP Coat,
13635,Kelis ZP Coat,
13636,Kinkou D Coil,
13637,Anbu D Coil,
13638,Rengoku Obi D,
13639,Nerigeki Obi D,
13640,Shanru D Coil,
13641,Fanru D Coil,
13642,Zamuza ZD Coil,
13643,Zamuza ZD Coat,
13644,Harudo ZD Coil,
13645,Harudo ZD Coat,
13646,Arbiter D Tasset,
13647,Elysi D Coil,
13648,Fine D Coil,
13649,Kotona D Coil,
13650,Finis D Coil,
13651,Firl D Coil,
13652,Ryoso Waistband D,
13653,Gems D Coil,
13654,Alisha D Coil,
13655,Ricca D Coil,
13656,Kelis D Coil,
13657,Myunru D Coil,
13658,Seiryu・Kensei D Coil,Seiryu Kensei D Coil
13659,Seiryu・双龍D Coil,Seiryu Twin Dragon D Coil
13660,Seiryu・剣王D Coil,Seiryu Sword King D Coil
13661,Seiryu・刀神D Coil,Seiryu Kensei D Coil
13662,Seiryu・Heaven 槍D Coil,Seiryu Heaven Lance D Coil
13663,Seiryu・砲皇D Coil,Seiryu Cannon Emperor D Waist
13664,Seiryu・鈍器獣D Coil,Seiryu Blunt Beast D Coil
13665,Seiryu・奏帝D Coil,Seiryu Melody Emperor D Coil
13666,Seiryu・穿凰D Coil,Seiryu Pierce Phoenix D Coil
13667,Seiryu・斬将D Coil,Seiryu Slash General D Coil
13668,Seiryu・銃傑D Coat,Seiryu Gun Master D Coat
13669,Seiryu・銃仙D Coat,Seiryu Gun Sage D Coat
13670,Seiryu・Bow 鬼D Coat,Seiryu Bow Oni D Coat
13671,Seiryu・磁星D Coil,Seiryu Magnet Star D Coil
13672,K. Lobster Coil PD Black,
13673,K. Lobster Coil PD Green,
13674,K. Lobster Coil PD Blue,
13675,K. Lobster Coat PD Black,
13676,K. Lobster Coat PD Green,
13677,K. Lobster Coat PD Blue,
13678,Hypnoc Coil PD Green,
13679,Hypnoc Coil PD Red,
13680,Hypnoc Coil PD Yellow,
13681,Beru Faulds PD Black,
13682,Beru Faulds PD Red,
13683,Beru Faulds PD Purple,
13684,Beru Coat PD Black,
13685,Beru Coat PD Red,
13686,Beru Coat PD Purple,
13687,Black Belt Coil PD White,
13688,Black Belt Coil PD Black,
13689,Black Belt Coil PD Blue,
13690,Apkallu Coil PD White,
13691,Apkallu Coil PD Green,
13692,Apkallu Coil PD Yellow,
13693,Ruko Wing PD White,
13694,Ruko Wing PD Blue,
13695,Ruko Wing PD Red,
13696,Ruko テイル PD White,Ruko Tail PD White
13697,Ruko テイル PD Blue,Ruko Tail PD Blue
13698,Ruko テイル PD Red,Ruko Tail PD Red
13699,Comrade Belt PD White Red,
13700,Comrade Belt PD White Blue,
13701,Comrade Belt PD White Yellow,
13702,Otono D Faulds,
13703,忍の Obi・空D,Shinobi Obi Sky D
13704,忍の Obi・海D,Shinobi Obi Sea D
13705,Shadow Obi・D,Shadow Obi D
13706,Shade Obi・D,Shade Waist D
13707,Hope D Faulds,
