index,source,target
0,装備無し,No Equipment
1,"A cheap Bowgun, mass-{j}produced at the Smithy.{j}Ideal for first-time users.",
2,Fitted with an experimental{j}rapid-fire mechanism. Allows{j}{c03}rapid fire{/c} of {c03}Normal S Lv1{/c}.,
3,Light Bowgun toughened with{j}materials from a Hermitaur.{j}More powerful than usual.,
4,Light Bowgun specially made{j}for hunting single monsters.{j}Can't use most support ammo.,
5,Upgraded Light Bowgun made{j}for hunting single monsters{j}in a more deadly fashion.,
6,Straight-framed Light Bowgun{j}mainly used for firing{j}pellet ammo.,
7,"An upgraded pellet-firing{j}Light Bowgun, capable of{j}firing high-grade shells.",
8,An upgraded pellet-firing{j}Light Bowgun than can fire{j}many types of support ammo.,
9,Slender Light Bowgun with{j}improved ammo diversity at{j}the expense of power.,
10,"A Light Bowgun designed to{j}reload quickly, letting you{j}fight highly mobile battles.",
11,Fires many types of low/{j}mid-grade assault ammo.{j}{c03}Rapid fires{/c} {c03}Crag S Lv1{/c}.,
12,Light Bowgun that can fire{j}many types of mid/high-{j}grade assault ammo.,
13,The most widely-used Heavy{j}Bowgun. Its versatility{j}makes it very popular.,
14,Heavy Bowgun with a bone-{j}reinforced generic frame.{j}Fires a wider range of ammo.,
15,Heavy Bowgun that fires all{j}grades of pellets and works{j}well with support ammo.,
16,"Heavy Bowgun with a faster{j}reload time. Versatile, but{j}fires low-grade shells.",
17,"Made from Kirin parts. It's{j}beautiful, but that doesn't{j}mean it's less powerful.",
18,"Heavy Bowgun made from{j}precious metal. A simple{j}design, but very powerful.",
19,Cannon made from Yian Kut-Ku{j}that requires a certain{j}level of skill to operate.,
20,Black Heavy Bowgun made{j}from Yian Gargua parts. One{j}blast penetrates any shield.,
21,"The ultimate Heavy Bowgun,{j}made from Lao-Shan parts.{j}Great at attack and defense.",
22,"Oddly-shaped Heavy Bowgun,{j}said to be a prototype for{j}firing a certain ammo type.",
23,Heavy Bowgun developed for{j}firing special ammo that's{j}used to take down dragons.,
24,An obscure Heavy Bowgun that{j}differs from Guild designs.{j}Extremely powerful.,
25,{c03}Rapid fires{/c} {c03}Pellet S Lv1{/c} and{j}has a large magazine.{j}Elegant but deadly.,
26,Very Heavy Bowgun modeled{j}on a black Gravios. Roars{j}like a dragon when fired.,
27,Very powerful weapon that{j}fires in destructive waves.{j}Difficult to handle.,
28,Light Bowgun. Fires a range{j}of attribute/support ammo.{j}Ideal for rearguard actions.,
29,"Designed for 1-to-1 combat,{j}as evidenced by the fact it{j}can {c03}rapid fire{/c} {c03}Normal S Lv2{/c}.",
30,A Bowgun that's perfect for{j}fighting large monsters.{j}Ideal at short/medium range.,
31,Pink Bowgun that focuses its{j}great firepower on one spot.{j}{c03}Rapid fires{/c} {c03}Normal S Lv2{/c}.,
32,{c03}Rapid fires{/c} {c03}Pellet S Lv1{/c} and{j}can cluster fire. Power and{j}versatility are improved.,
33,"Designed for 1-to-1 combat,{j}as evidenced by the fact it{j}can {c03}rapid fire{/c} {c03}Pierce S Lv1{/c}.",
34,The ideal Bowgun for taking{j}on big monsters. Pressure-{j}adjusted for greater power.,
35,Red Bowgun that focuses its{j}great firepower on one spot.{j}{c03}Rapid fires{/c} {c03}Pierce S Lv1{/c}.,
36,Multi-purpose silver Bowgun.{j}{c03}Rapid fires{/c} {c03}Pierce S Lv1{/c} and{j}three attribute ammo types.,
37,Fearsomely powerful with{j}reduced kickback. Useful{j}against flying Wyverns.,
38,Two guns in one. {c03}Rapid fires{/c}{j}{c03}Normal S Lv2{/c} and {c03}Pierce S {j}{c03}Lv1{/c}. Also fires pellet ammo.,
39,Black Bowgun that destroys{j}targets with one attack.{j}{c03}Rapid fires{/c} {c03}Flaming S{/c}.,
40,{c03}Rapid fires{/c} both {c03}Normal S{j}{c03}Lv2{/c} and {c03}Pierce S Lv 1{/c}. Ideal{j}for fighting flying Wyverns.,
41,Powerful gun that can {c03}rapid{j}{c03}fire{/c} {c03}Pellet S Lv1{/c} and {c03}Pierce{j}{c03}S Lv1{/c}. Also cluster fires.,
42,Improved Bowgun that focuses{j}on attacking wide areas. Its{j}power has also been boosted.,
43,Fires attribute ammo that{j}lets you take on big beasts.{j}Requires skill to use.,
44,"A versatile weapon. Cluster{j}fire to damage several foes,{j}or use support ammo.",
45,"{c03}Rapid fires{/c} {c03}Pellet S Lv1{/c},{j}bringing down targets in a{j}hail of bullets.",
46,Fires almost all ammo types.{j}A groundbreaking Light{j}Bowgun with boosted power.,
47,"Small, fast-loading weapon.{j}{c03}Rapid fires{/c} {c03}Normal S Lv2{/c}{j}and has a larger magazine.",
48,Weapon with a strengthened{j}chamber. Its power has been{j}boosted to the very limit.,
49,"Designed to fire attribute{j}ammo., {c03}Rapid fires{/c}{j}{c03}Normal S Lv2{/c}. Very advanced.",
50,An improved version. Faster{j}loading and more powerful.{j}{c03}Rapid fires{/c} {c03}Crag S Lv1{/c}.,
51,"Improved assault Bowgun,{j}designed to use more{j}destructive ammunition.",
52,Capable of rapidly pumping{j}out various assault ammo.{j}{c03}Rapid fires{/c} {c03}Flaming S{/c}.,
53,Light Bowgun made from Yian{j}Kut-Ku skull. Fires with the{j}monster's explosive rage.,
54,Bowgun that turns the glare{j}of a Blue Yian Ku-Ku onto{j}its unfortunate target.,
55,Made from blood and sweat{j}spilt during training.{j}{c03}Rapid fires{/c} {c03}Thunder S{/c}.,
56,"Given to those who excel in{j}training. Its inscription{j}says: ""100 shots, 100 hits.""",
57,Light Bowgun carved from{j}ancient rock. Different to{j}normal Guild weapons.,
58,Light Bowgun of unknown{j}origin. The Guild have{j}denied all knowledge of it.,
59,"Light Bowgun, said to belong{j}to a captured spy. The Guild{j}denied all knowledge.",
60,A weapon used by a character{j}in a popular novel. {c03}Rapid{j}{c03}fires{/c} {c03}Thunder S{/c}.,
61,Versatile Heavy Bowgun that{j}uses the latest technology.{j}A really destructive weapon.,
62,"An improved Tankmage that's{j}so powerful, the bearer is{j}practically invincible.",
63,Advanced Tankmage that fires{j}attribute ammo. As powerful{j}as a fortress cannon.,
64,"Bowgun with an improved{j}loading mechanism, allowing{j}for even faster reloading.",
65,"In order to maximize power{j}and reload speed, its ammo{j}selection is very limited.",
66,The Bowgun you need when the{j}ammo isn't important and you{j}just want raw power.,
67,"Though limited to three ammo{j}types, this weapon boasts{j}great destructive power.",
68,"Boasts a quick reload time{j}and great power, but its{j}ammo selection is limited.",
69,Its simpler design gives it{j}more power. It also reloads{j}quickly. A good all-rounder.,
70,Some won't touch this weapon{j}made from dragon body parts.{j}Its exact power is unclear.,
71,Curious Bowgun inspired by{j}an ancient text. Its inner{j}workings are a secret.,
72,Wide-barreled Heavy Bowgun.{j}Made from Kut-Ku parts that{j}are very resistant to fire.,
73,"Made from Lao-Shan parts, it{j}boasts power comparable to{j}that of a fortress cannon.",
74,"The ultimate Bowgun, made{j}using the best materials and{j}know-how available.",
75,Rare weapon that can riddle{j}targets with copious amounts{j}of anti-dragon ammo.,
76,Very Heavy Bowgun modeled{j}on a white Gravios. Creates{j}minor quakes when fired.,
77,A Rajang's soul rests in{j}its barrels. {c03}Rapid fires{/c}{j}earth-scorching {c03}Crag S Lv1{/c}.,
78,"A cheap Bow, perfect for new{j}Hunters. Comes with arrows{j}and a quiver.",
79,An easy-to-use Bow made{j}from Congalala parts. Has{j}a very charming design.,
80,A very powerful Bow with a{j}thick string that takes real{j}strength to pull back.,
81,Deep-green Bow made from a{j}Rathian shell. Very reliable{j}and easy to use.,
82,Elegant Bow made from a Pink{j}Rathian shell. Its beauty is{j}complemented by great power.,
83,Arrows fired from this Bow{j}will slice through shell and{j}flesh with minimum fuss.,
84,A surprisngly tough Bow made{j}from Hornetaur parts.{j}Extremely easy to handle.,
85,Heavy Bow made from twisted{j}horns. Needs a steady hand{j}to get the best out of it.,
86,"Tough Bow made from a{j}Lao-Shan horn. Its string is{j}drawn by passion, not power.",
87,Only those who've overcome a{j}pair of Fire Dragons can own{j}this Bow. A hero's weapon.,
88,Mysterious Bow crafted from{j}dragonwood taken from a Yama{j}Tsukami's back.,
89,Drawing the string of this{j}black Bow unleashes a{j}whirlwind of destruction.,
90,White Bow containing the{j}soul of a Fatalis. Purifies{j}even the darkest shadows.,
91,Oddly shaped Light Bowgun{j}made from Chameleos parts.{j}There's no point rubbing it.,
92,Black crossbow made from{j}Yian Garuga parts. Fearsome{j}when it opens fire.,
93,"Pure white Light Bowgun.{j}{c03}Rapid fires{/c} {c03}Freeze S{/c}.{j}AKA ""The Blizzard"".",
94,3-barrelled crossbow with a{j}non-standard attack mode{j}that {c03}rapid fires{/c} {c03}Crag S Lv1{/c}.,
95,Made from fire dragon parts{j}using a secret technique.{j}{c03}Rapid fires{/c} {c03}Pierce S Lv1{/c}.,
96,A Bowgun made from the shell{j}of a lobster king. {c03}Rapid{j}{c03}fires{/c} {c03}Water S{/c}.,
97,A versatile weapon that{j}fires almost all ammo.{j}{c03}Rapid fires{/c} {c03}Normal S Lv2{/c}.,
98,Heavy Bowgun made from{j}Daora parts. Has various{j}experimental features.,
99,Unnervingly brutal crossbow.{j}It won't be sated until all{j}enemies are taken out.,
100,"Experimental bow made from{j}Daimyo parts. Good enough,{j}though still not perfect.",
101,"Powerful, uniquely shaped{j}Heavy Bowgun. Its bulk{j}makes it hard to handle.",
102,Notable for its use of a{j}hard Basarios shell. Capable{j}of firing continuously.,
103,A versatile weapon that can{j}{c03}rapid fire{/c} {c03}Normal S Lv2{/c}{j}and inflict huge damage.,
104,Improved bowgun made from a{j}high-quality shell. Can{j}{c03}rapid fire Water S{/c}.,
105,Crossbow that looks like a{j}Garuga's face. Its trigger{j}is as sensitive as its user.,
106,Holy Bow made from ancient{j}wood. Glows like moonlight{j}in the darkness.,
107,Bow made from a rock-like{j}Basarios shell that protects{j}the user.,
108,"A cheap Bow, perfect for new{j}Hunters. Comes with arrows{j}and a quiver.",
109,"A cheap Bow, perfect for new{j}Hunters. Comes with arrows{j}and a quiver.",
110,An easy-to-use Bow made{j}from Congalala parts. Has{j}a very charming design.,
111,An easy-to-use Bow made{j}from Congalala parts. Has{j}a very charming design.,
112,A very powerful Bow with a{j}thick string that takes real{j}strength to pull back.,
113,Deep-green Bow made from a{j}Rathian shell. Very reliable{j}and easy to use.,
114,Elegant Bow made from a Pink{j}Rathian shell. Its beauty is{j}complemented by great power.,
115,Arrows fired from this Bow{j}will slice through shell and{j}flesh with minimum fuss.,
116,A surprisngly tough Bow made{j}from Hornetaur parts.{j}Extremely easy to handle.,
117,A surprisngly tough Bow made{j}from Hornetaur parts.{j}Extremely easy to handle.,
118,Heavy Bow made from twisted{j}horns. Needs a steady hand{j}to get the best out of it.,
119,"Tough Bow made from a{j}Lao-Shan horn. Its string is{j}drawn by passion, not power.",
120,Only those who've overcome a{j}pair of Fire Dragons can own{j}this Bow. A hero's weapon.,
121,Bow made from a rock-like{j}Basarios shell that protects{j}the user.,
122,Harp containing a protective{j}prayer. A weapon used by{j}Wyverian minstrels.,
123,Bowgun that looks like a{j}lamp. Sometimes unleashes{j}a curious destructive power.,
124,"Highly evolved Bowgun, made{j}from top-quality components.{j}The last word in Bowguns.",
125,Fires exploding ammo that{j}causes widespread damage{j}to anyone nearby.,
126,Crossbow with a tough frame{j}made from Hermitaur shell. {j}Popular with expert snipers.,
127,A revolver-type weapon. Use{j}of Daora parts means that{j}kickback is reduced.,
128,Colorful Bow made from a{j}Hypnocatrice wing.,
129,Colorful Bow made from a{j}Hypnocatrice wing.,
130,Colorful Bow made from a{j}Hypnocatrice wing.,
131,"Bow made from Blangonga{j}parts. Covered in thin ice,{j}making it cold to carry.",
132,"Bow made from Blangonga{j}parts. Covered in thin ice,{j}making it cold to carry.",
133,"Strong, ice-covered Bow made{j}by layering Blangonga hide.{j}Feels really powerful.",
134,Fire-shooting bow made from{j}Kut-Ku parts. Famed for its{j}ease of use.,
135,Fire-shooting bow made from{j}Kut-Ku parts. Famed for its{j}ease of use.,
136,Fire-shooting bow made from{j}Kut-Ku parts. Famed for its{j}ease of use.,
137,"Expertly crafted from Kut-Ku{j}parts, this rare Bow emits a{j}faint blue glow.",
138,A dubious Light Bowgun made{j}from Khezu parts.,
139,A dubious Light Bowgun made{j}from Cephadrome parts.,
140,A Heavy Bowgun made from{j}Plesioth parts.,
141,A Heavy Bowgun made using{j}tough Congalala body parts.,
142,A Heavy Bowgun made from{j}Blangonga body parts.,
143,A relatively easy-to-use Bow{j}made mainly from minerals.{j}Perfect for rookie Hunters,
144,A dubious icy Bow made{j}from Khezu body parts.,
145,An unique icy Bow made from{j}a Daimyo Hermitaur's{j}pincers. Rather lethal.,A unique icy Bow made from{j}a Daimyo Hermitaur's{j}pincers. Rather lethal.
146,An unique icy Bow made from{j}a Daimyo Hermitaur's{j}pincers. Rather lethal.,A unique icy Bow made from{j}a Daimyo Hermitaur's{j}pincers. Rather lethal.
147,An unique icy Bow made from{j}a Daimyo Hermitaur's{j}pincers. Rather lethal.,A unique icy Bow made from{j}a Daimyo Hermitaur's{j}pincers. Rather lethal.
148,An unique icy Bow made from{j}a Daimyo Hermitaur's{j}pincers. Rather lethal.,A unique icy Bow made from{j}a Daimyo Hermitaur's{j}pincers. Rather lethal.
149,A charming Light Bowgun.{j}Its bugle-like sound makes{j}it popular with Hunters.,
150,Light Bowgun made from a{j}Felyne doll. {c03}Rapid fires{/c}{j}{c03}Normal S Lv1{/c} and {c03}Flaming S{/c}.,
151,Light Bowgun made from a{j}Melynx doll. {c03}Rapid fires{/c}{j}{c03}Normal S Lv1{/c} and {c03}Flaming S{/c}.,
152,Powerful Felyne doll Light{j}Bowgun. {c03}Rapid fires{/c}{j}{c03}Normal S Lv1{/c} and {c03}Flaming S{/c}.,
153,Powerful Melynx doll Light{j}Bowgun. {c03}Rapid fires{/c}{j}{c03}Normal S Lv1{/c} and {c03}Flaming S{/c}.,
154,"Light Bowgun that's white as{j}Blangonga fur. {c03}Rapid fires{j}Freeze S{/c}. AKA ""Blizzard"".",
155,A weapon used by a character{j}in a popular novel. {c03}Rapid{j}{c03}fires{/c} {c03}Thunder S{/c}.,
156,"Heavy Bowgun made from a big{j}ladybug. Looks cute, but is{j}very destructive.",
157,Large cannon made using{j}Lunastra parts. A simple yet{j}brutally destructive design.,
158,Heavy Bowgun made from red-{j}hot Teostra body parts. Has{j}a beautiful flame-like glow.,
159,"Heavy Bowgun made from a big{j}ladybug. Looks cute, but is{j}very destructive.",
160,"A cheap Bow, perfect for new{j}Hunters. Comes with arrows{j}and a quiver.",
161,An easy-to-use Bow made{j}from Congalala parts. Has{j}a very charming design.,
162,Bow made from a rock-like{j}Basarios shell that protects{j}the user.,
163,Deep-green Bow made from a{j}Rathian shell. Very reliable{j}and easy to use.,
164,Arrows fired from this Bow{j}will slice through shell and{j}flesh with minimum fuss.,
165,"A large, flame-red cannon.{j}Flames flutter as soon as{j}it's loaded. Hot to touch.",
166,Uniquely shaped Light Bowgun{j}made from Tigrex parts. Its{j}power is truly explosive.,
167,Light Bowgun made from tough{j}Tigrex parts. Fitted with an{j}experimental mechanism.,
168,Heavy Bowgun in the shape of{j}a Tigrex head. As fearsomely{j}powerful as its looks.,
169,Not Set,
170,A Bowgun made from tough{j}Tigrex parts. Roars like a{j}dragon when fired.,
171,"A fearsome Bow made from{j}strong, supple Tigrex parts.{j}Capable of piercing rocks.",
172,"A fearsome Bow made from{j}strong, supple Tigrex parts.{j}Capable of piercing rocks.",
173,"Fearsome Bow imbued with an{j}Akantor's power. Emits a{j}dull, menacing glow.",
174,A surprisngly tough Bow made{j}from Hornetaur parts.{j}Extremely easy to handle.,
175,"Given to those who excel in{j}training. Its inscription{j}says: ""100 shots, 100 hits.""",
176,"Bow made from Hypnocatrice{j}parts in spring, when their{j}red color is more vivid.",
177,Bow awarded by the Guild to{j}honor successful Hunters.,
178,Mushroom-shaped Light Bowgun{j}with a toxic-looking cap. A{j}very stable weapon.,
179,Bow awarded by the Guild to{j}honor successful Hunters.,
180,Bow awarded by the Guild to{j}honor successful Hunters.,
181,"Made from Lao-Shan parts, it{j}boasts power comparable to{j}that of a fortress cannon.",
182,"The ultimate Bowgun, made{j}using the best materials and{j}know-how available.",
183,A surprisngly tough Bow made{j}from Hornetaur parts.{j}Extremely easy to handle.,
184,An unique icy Bow made from{j}a Daimyo Hermitaur's{j}pincers. Rather lethal.,A unique icy Bow made from{j}a Daimyo Hermitaur's{j}pincers. Rather lethal.
185,A very powerful Bow with a{j}thick string that takes real{j}strength to pull back.,
186,A very effective bow made{j}from surprisingly light and{j}supple Hypnocatrice parts.,
187,A very effective bow made{j}from surprisingly light and{j}supple Hypnocatrice parts.,
188,Made from solid Espinas{j}parts and covered in spikes{j}that shudder when fired.,
189,Made from solid Espinas{j}parts and covered in spikes{j}that shudder when fired.,
190,Made from solid Espinas{j}parts and covered in spikes{j}that shudder when fired.,
191,Light Bowgun made from{j}supple Espinas parts.{j}{c03}Rapid fires{/c} {c03}Normal S Lv2{/c}.,
192,Light Bowgun made from{j}supple Espinas parts.{j}{c03}Rapid fires{/c} {c03}Normal S Lv2{/c}.,
193,Light Bowgun made from{j}supple Espinas parts.{j}{c03}Rapid fires{/c} {c03}Normal S Lv2{/c}.,
194,"Made from Espinas parts.{j}Takes skill to use, but is a{j}valuable, powerful weapon.",
195,"Made from Espinas parts.{j}Takes skill to use, but is a{j}valuable, powerful weapon.",
196,"Made from Espinas parts.{j}Takes skill to use, but is a{j}valuable, powerful weapon.",
197,Heavy Bowgun made from{j}sturdy Laviosoth parts. A{j}highly maneuverable weapon.,
198,Light Bowgun diligently{j}forged by a stubborn Smithy.{j}{c03}Rapid fires{/c} {c03}Pierce S Lv1{/c}.,
199,Bow with water properties.{j}Made from Plesioth parts. {j}A very user-friendly weapon.,
200,Bow with water properties.{j}Made from Plesioth parts. {j}A very user-friendly weapon.,
201,A dubious icy Bow made{j}from Khezu body parts.,
202,A dubious icy Bow made{j}from Khezu body parts.,
203,The explosive power of this{j}SP weapon shakes the earth{j}its very core.,
204,"Heavy Bowgun with a simple{j}design, but huge destructive{j}power. {c07}SP weapon{/c}.",
205,Cannon made from hard shell.{j}Lightweight and easy to{j}move. {c07}SP weapon{/c}.,
206,A powerful SP weapon made{j}from a fire-resistant{j}material.,
207,Light Bowgun maximized for{j}efficiency by a skilled{j}craftsman. {c07}SP weapon{/c}.,
208,Made from a secret design.{j}{c03}Rapid fires Pierce S Lv1.{j}{c07}SP weapon{/c}.,
209,Rip-off Black Belt Bowgun.{j}{c03}Rapid fires Thunder S.{j}{c07}SP weapon{/c}.,
210,A weapon from a famous book.{j}{c03}Rapid fires Thunder S.{j}{c07}SP weapon{/c}.,
211,"Given to those who excel in{j}training. Its inscription{j}says: ""100 shots, 100 hits.""",
212,"A Bow made from Elder Dragon{j}parts, making it an improved{j}weapon all round.",
213,Versatile Bow with improved{j}Attack power and defensive{j}abilities. Quite valuable.,
214,Mysterious Bow crafted from{j}dragonwood taken from a Yama{j}Tsukami's back.,
215,"Covered in Plesioth scales,{j}this weapon boasts{j}unparalleled accuracy.",
216,Has been upgraded while{j}keeping its original beauty.{j}An artisan's pride and joy.,
217,A desirable weapon that aims{j}to combine power with{j}attribute ammo capabilities.,
218,Redesigned to make the best{j}use of Hornetaur parts.{j}More powerful as a result.,
219,"A mysterious Bowgun, more{j}powerful than anyone could{j}have imagined.",
220,Blangonga crossbow with a{j}non-standard attack mode{j}that {c03}rapid fires{/c} {c03}Crag S Lv1{/c}.,
221,The basic style of this SP{j}weapon is testament to its{j}reliability.,
222,A rare type of Heavy Bowgun{j}that can fire Dragon S ammo.{j}{c07}SP weapon{/c}.,
223,This Bowgun has the same{j}imposing presence as a real{j}Gravios. {c07}SP Weapon{/c}.,
224,Bowgun with a crimson shell.{j}{c03}Rapid fires Water S.{j}{c07}SP weapon{/c}.,
225,Powerful and fast-loading.{j}{c03}Rapid fires Water S.{j}{c07}SP weapon{/c}.,
226,"Golden, Felyne-shaped Light{j}Bowgun. {c03}Rapid fires{j}{c03}Flaming S {c07}SP weapon.",
227,A Bow for Hunters who feel{j}speed is the difference{j}between life and death. ,
228,Bow awarded by the Guild to{j}honor successful Hunters.,
229,Heavy Bowgun awarded by the{j}Guild to honor successful{j}Hunters.,
230,Heavy Bowgun awarded by the{j}Guild to honor successful{j}Hunters.,
231,Heavy Bowgun awarded by the{j}Guild to honor successful{j}Hunters.,
232,Heavy Bowgun awarded by the{j}Guild to honor successful{j}Hunters.,
233,Uniquely shaped Heavy Bowgun{j}designed to fire nothing{j}but normal ammo.,
234,Heavy Bowgun made from{j}Blangonga parts. Seems to{j}chill the air around it.,
235,There's nothing bad to say{j}about this versatile Heavy{j}Bowgun made of Kirin parts.,
236,Heavy Bowgun made from Brown{j}Espinas parts. Known as{j}The Master of the Forest.,
237,"Each round smoulders with an{j}Espinas's rage, and takes{j}down its target with ease.",
238,A hefty Light Bowgun made{j}with parts taken from a{j}Hypnocatrice.,
239,Brand new version of a Light{j}Bowgun made to fire pellets.{j}A must for pellet ammo fans.,
240,Brand new version of a Light{j}Bowgun made to fire pellets.{j}A must for pellet ammo fans.,
241,A Brown Espinas incarnate.{j}{c03}Rapid fires{/c} {c03}Flaming S{/c} and{j}{c03}Crag S Lv1{/c}.,
242,Embodies the power of a{j}Brown Espinas. {c03}Rapid fires{/c}{j}{c03}Flaming S{/c} and {c03}Crag S Lv1{/c}.,
243,"A tough Bow made from Black{j}Gravios parts. Hard to{j}carry, let alone use.",
244,An arrow fired from its taut{j}string can pierce large{j}boulders with ease.,
245,A Khezu organ is used to{j}fire arrows that are{j}tinged with thunder.,
246,A water Bow that will pierce{j}anything. Proof that water{j}and Carapaceons go together.,
247,"Highly effective ice Bow,{j}made from Neopteron parts.{j}Lightweight and mobile.",
248,Made from Espinas parts{j}specially selected for their{j}litheness. A powerful Bow.,
249,Made from Espinas parts{j}specially selected for their{j}litheness. A high-grade Bow.,
250,A weapon that focuses on{j}efficiency. Usable ammo has{j}been maximized. {c07}SP weapon{/c}.,
251,Heavy Bowgun made from{j}Plesioth parts. Still smells{j}a bit... fresh. {c07}SP weapon{/c}.,
252,Imposing Light Bowgun made{j}from Khezu parts dyed black.{j}{c07}SP weapon{/c}.,
253,Pours pain upon a target.{j}{c03}Rapid fires Pellet S Lv1.{j}{c07}SP weapon{/c}.,
254,Crossbow made from mixed{j}materials. Fire-resistant{j}and very powerful.,
255,A reliable Light Bowgun with{j}a unique design. {c03}Rapid{/c}{j}{c03}fires{/c} {c03}Pellet S Lv1{/c}.,
256,Light Bowgun that glows with{j}an Vashimu's bloodlust.{j}{c03}Rapid fires{/c} {c03}Pellet S Lv1{/c}.,Light Bowgun that glows with{j}a Vashimu's bloodlust.{j}{c03}Rapid fires{/c} {c03}Pellet S Lv1{/c}.
257,Collector's weapon made from{j}Lavasioth parts. {c03}Rapid fires{/c}{j}{c03}Flaming S{/c} and {c03}Pellet S Lv1{/c}.,
258,Light Bowgun with an eerie{j}mushroom shape. {c03}Rapid fires{/c}{j}{c03}Freeze S{/c} and {c03}Pellet S Lv1{/c}.,
259,Very taut Bow that fires{j}highly penetrative arrows.{j}Extremely durable.,
260,Very taut Bow that fires{j}highly penetrative arrows.{j}Extremely durable.,
261,Fires arrows tinged with{j}lightning that are lethal{j}against some targets.,
262,Deep-green Bow made from a{j}Rathian shell. Very reliable{j}and easy to use.,
263,"Coated in a rare blue shell,{j}its inner workings are also{j}improved. {c07}SP weapon{/c}.",
264,Recreates the terrible roar{j}of an enraged Tigrex.{j}{c07}SP weapon{/c}.,
265,Made using only parts from{j}an enraged Yian Kut-Ku.{j}{c07}SP weapon{/c}.,
266,A prototype Bowgun. Its{j}shape is the key to its high{j}power. {c07}SP weapon{/c}.,
267,An advanced Heavy Bowgun{j}made using only carefully{j}selected Tigrex parts.,
268,Its eerie exterior means you{j}won't want to carry this{j}around at night.,
269,As powerful and brutal as a{j}Brown Espinas. {c03}Rapid fires{/c}{j}{c03}Flaming S{/c} and {c03}Crag S Lv1{/c}.,
270,Light Bowgun made to fire{j}explosive ammo. Its attacks{j}make a really big splash...,
271,Light Bowgun made to fire{j}explosive ammo. Its power{j}is truly devastating.,
272,Shocking pink Light Bowgun.{j}{c03}Rapid fires{/c} {c03}Normal S Lv2{/c} and{j}{c03}Pellet S Lv1{/c}.,
273,Given to successful Hunters{j}by the Guild. {c03}Rapid fires{/c}{j}{c03}Normal S Lv2{/c} and {c03}Freeze S{/c}.,
274,Given to successful Hunters{j}by the Guild. {c03}Rapid fires{/c}{j}{c03}Normal S Lv2{/c} and {c03}Freeze S{/c}.,
275,Given to successful Hunters{j}by the Guild. {c03}Rapid fires{/c}{j}{c03}Normal S Lv2{/c} and {c03}Freeze S{/c}.,
276,Given to successful Hunters{j}by the Guild. {c03}Rapid fires{/c}{j}{c03}Normal S Lv2{/c} and {c03}Freeze S{/c}.,
277,"A secret weapon, prototype{j}no. 233. {c03}Rapid fires{/c}{j}{c03}Pierce S Lv1{/c} and{c03}Crag S Lv1{/c}.",
278,Made from Espinas parts{j}specially selected for their{j}litheness. A powerful Bow.,
279,Bow made from Daora parts{j}using very advanced skills.{j}{c02}<Tough Weapon>{/c},
280,Bow made from Daora parts{j}using very advanced skills.{j}{c02}<Tough Weapon>{/c},
281,Arrows fired from this Bow{j}will slice through shell and{j}flesh with minimum fuss.,
282,A Tigrex Bow with improved{j}power. A masterpiece of{j}destructive efficiency.,
283,An ultimate {c07}SP weapon{/c} with{j}external armor that hides a{j}secret attack.,
284,"Volcano time! Though brutal,{j}this  {c07}SP weapon{/c} is rather{j}lovable.",
285,"Lamp-shaped Bowgun, refitted{j}in the east and then{j}reimported. {c07}SP weapon{/c}.",
286,Coated in dyed Blangonga fur{j}{c03}Rapid fires{/c} {c03}Crag S Lv1{/c}.{j}{c07}SP weapon{/c}.,
287,0,
288,0,
289,0,
290,Excellent Heavy Bowgun that{j}packs an upgraded thunder{j}attack.,
291,Effective Heavy Bowgun that{j}packs an upgraded thunder{j}attack.,
292,Original Heavy Bowgun packed{j}with newly-researched{j}features. {c02}<Tough Weapon>{/c},
293,"A superior bow, made from{j}Berukyurosu parts softened in{j}the Canyon winds.",
294,"A superior bow, made from{j}Berukyurosu parts softened in{j}the Canyon winds.",
295,Bow packed with non-standard{j}features made using special{j}technology. {c02}<Tough Weapon>{/c},
296,Has an untested rapid fire{j}system--{c03}Rapid Fire+{/c}--for{j}{c03}Freeze S{/c}. {c02}<Tough Weapon>{/c},
297,"Built by caravan dwellers.{j}{c03}Rapid fires Fire, water,{j}ice, and thunder ammo{/c}.",
298,"Built by caravan dwellers.{j}{c03}Rapid fires Fire, water,{j}ice, and thunder ammo{/c}.",
299,"Built by caravan dwellers.{j}{c03}Rapid fires Fire, water,{j}ice, and thunder ammo{/c}.",
300,0,
301,職人が丁寧に強化した冥雷銃。{j}{c03}LV2 通常弾{/c}、{c03}LV1 徹甲榴弾{/c}が{j}{c03}超速射{/c}に対応。{c02}≪天嵐武器≫{/c},A Dark Thunder Gun carefully upgraded by an artisan.{j}{c03}LV2 Normal Ammo{/c}and{c03}LV1 Crag Shot{/c}are compatible with{j}{c03}Ultra Rapid Fire{/c}.{c02}≪Tenran Weapon≫{/c}
302,冥雷竜の力が解放された軽銃。{j}{c03}LV2 通常弾{/c}、{c03}LV1 徹甲榴弾{/c}が{j}{c03}超速射{/c}に対応。{c02}≪覇種武器≫{/c},"A Light Bowgun with the power of Stygian Zinogre released.{j}{c03}LV2 Normal Ammo{/c},{c03}LV1 Crag Shot{/c}{j}{c03}Super Rapid Fire{/c}supported.{c02}≪Supremacy Weapon≫{/c}"
303,限界までに性能を強化した冥雷{j}重砲の進化版。重みが増した。{j}{c02}≪天嵐武器≫{/c},"An evolved version of the Dark Thunder{j}Cannon, reinforced to the limit of its performance. Its weight has increased.{j}{c02}≪Tenran Weapon≫{/c}"
304,限界を超えたその性能は{j}偶然の産物と工房長は語る。{j}{c02}≪覇種武器≫{/c},"The workshop master says its performance, which exceeds limits, is{j}a product of chance.{j}{c02}≪Supremacy Weapon≫{/c}"
305,会うことすら珍しい、{j}老齢にして剛健な呑竜を{j}狩った証。{c02}≪覇種武器≫{/c},"Even encountering it is rare,{j}proof of hunting a{j}robust old Devourer Dragon.{c02}≪Supremacy Weapon≫{/c}"
306,晶竜の素材と、最新の技術が{j}詰め込まれたヘビィボウガン。{j}{c02}≪剛種武器≫{/c},A Heavy Bowgun{j}packed with Crystal Dragon materials and the latest technology.{j}{c02}≪Gou Weapon≫{/c}
307,新技法で蘇った鋼龍の力を宿す{j}軽銃。{c03}LV2 通常弾{/c}、{c03}氷結弾{/c}が{j}{c03}超速射{/c}に対応。{c02}≪天嵐武器≫{/c},"This{j}Light Bowgun{c03}houses the power of a Kushala Daora revived through new techniques. LV2 Normal Ammo{/c},{c03}Ice Ammo{/c}support{j}{c03}Super Rapid Fire{/c}.{c02}≪Tenran Weapon≫{/c}"
308,アイルーをモチーフにした弓。{j}しなやかな弾性を活かした射撃{j}は強力無比。{c11}≪ＨＣ武器≫{/c},A bow featuring an Airou motif.{j}Its supple elasticity makes its shots{j}supremely powerful.{c11}≪HC Weapon≫{/c}
309,メラルーをモチーフにした弓。{j}しなやかな弾性を活かした射撃{j}は強力無比。{c11}≪ＨＣ武器≫{/c},"Bow with a Melynx motif.{j}Its shooting{j}is supremely powerful, making use of flexible elasticity.{c11}≪HC Weapon≫{/c}"
310,{c03}LV1 貫通弾{/c}が{c03}速射{/c}可能な軽弩。{j}異世界の娘に使用されていた{j}といわれる。,A Light Bowgun with {c03}Lv1 Pierce S.{/c} {c03}rapid fire{/c}.{j}Said to have been used by a girl{j}from another world.
311,{c03}LV1 貫通弾{/c}が{c03}速射{/c}可能な軽弩。{j}異世界の娘に使用されていた{j}といわれる。,A Light Bowgun with {c03}Lv1 Pierce S.{/c} {c03}rapid fire{/c}.{j}Said to have been used by a girl{j}from another world.
312,{c03}LV1 貫通弾{/c}が{c03}速射{/c}可能な軽弩。{j}異世界の娘に使用されていた{j}といわれる。,A Light Bowgun with {c03}Lv1 Pierce S.{/c} {c03}rapid fire{/c}.{j}Said to have been used by a girl{j}from another world.
313,{c03}LV1 貫通弾{/c}が{c03}速射{/c}可能な軽弩。{j}異世界の娘に使用されていた。{j}{c11}≪ＨＣ武器≫{/c},A light bowgun that can{c03}rapid-fire{/c}{c03}Lv1 Pierce S.{/c}.{j}It was used by a girl from another world.{j}{c11}≪HC Weapon≫{/c}
314,{c03}LV1 散弾{/c}、{c03}LV1 徹甲榴弾{/c}が{c03}速射{/c}{j}可能な軽弩。異世界の娘に使用{j}されていたといわれる。,{c03}Lv1 Pellet S.{/c}and{c03}Lv1 Crag S.{/c}can be{c03}rapid-fired{/c}{j}from this light bowgun. It is said to have been used by a girl{j}from another world.
315,{c03}LV1 散弾{/c}、{c03}LV1 徹甲榴弾{/c}が{c03}速射{/c}{j}可能な軽弩。異世界の娘に使用{j}されていたといわれる。,{c03}Lv1 Pellet S.{/c}and{c03}Lv1 Crag S.{/c}can be{c03}rapid-fired{/c}{j}from this light bowgun. It is said to have been used by a girl{j}from another world.
316,{c03}LV1 散弾{/c}、{c03}LV1 徹甲榴弾{/c}が{c03}速射{/c}{j}可能な軽弩。異世界の娘に使用{j}されていたといわれる。,{c03}Lv1 Pellet S.{/c}and{c03}Lv1 Crag S.{/c}can be{c03}rapid-fired{/c}{j}from this light bowgun. It is said to have been used by a girl{j}from another world.
317,{c03}LV1 散弾{/c}、{c03}LV1 徹甲榴弾{/c}が{c03}速射{/c}{j}可能な軽弩。異世界の娘に使用{j}されていた。{c11}≪ＨＣ武器≫{/c},{c03}Lv1 Pellet S.{/c}and{c03}Lv1 Crag S.{/c}can be{c03}rapid-fired{/c}{j}from this light bowgun. It was used by a girl{j}from another world.{c11}≪HC Weapon≫{/c}
318,火属性の弓。放たれる矢は、{j}まるで、無数の棘や、針の{j}ようにモンスターを突き刺す。,A Fire element Bow. The arrows it fires{j}pierce the Monster like countless thorns{j}and needles.
319,火属性の弓。放たれる矢は、{j}まるで、無数の棘や、針の{j}ようにモンスターを突き刺す。,A Fire element Bow. The arrows it fires{j}pierce the Monster like countless thorns{j}and needles.
320,火属性の弓。放たれる矢は、{j}まるで、無数の棘や、針の{j}ようにモンスターを突き刺す。,A Fire element Bow. The arrows it fires{j}pierce the Monster like countless thorns{j}and needles.
321,火属性の弓。放たれる矢は、{j}まるで、無数の棘や、針の{j}ようにモンスターを突き刺す。,A Fire element Bow. The arrows it fires{j}pierce the Monster like countless thorns{j}and needles.
322,火属性の弓。放たれる矢は、{j}鋭い針のようにモンスターを{j}撃ち抜く。{c11}≪ＨＣ武器≫{/c},A Fire element Bow. The arrows it fires{j}pierce the Monster{j}like sharp needles.{c11}≪HC Weapon≫{/c}
323,毒ビンとの相性が良い弓。{j}毒を纏って放たれる矢は、{j}まるで毒の棘、針のようだ。,A bow that has good compatibility with Poison{j}Coatings. The arrows released clad in poison are{j}like poisonous thorns or needles.
324,毒ビンとの相性が良い弓。{j}毒を纏って放たれる矢は、{j}まるで毒の棘、針のようだ。,A bow that has good compatibility with Poison{j}Coatings. The arrows released clad in poison are{j}like poisonous thorns or needles.
325,毒ビンとの相性が良い弓。{j}毒を纏って放たれる矢は、{j}まるで毒の棘、針のようだ。,A bow that has good compatibility with Poison{j}Coatings. The arrows released clad in poison are{j}like poisonous thorns or needles.
326,毒ビンとの相性が良い弓。{j}毒を纏って放たれる矢は、{j}まるで毒の棘、針のようだ。,A bow that has good compatibility with Poison{j}Coatings. The arrows released clad in poison are{j}like poisonous thorns or needles.
327,毒ビンとの相性が良い弓。{j}毒を纏って放たれる矢は、{j}毒の針のようだ。{c11}≪ＨＣ武器≫{/c},A bow that has good compatibility with Poison Coatings.{j}The arrows released clad in poison are{j}like poisonous needles.{c11}≪HC Weapon≫{/c}
328,0,
329,0,
330,0,
331,0,
332,0,
333,0,
334,0,
335,0,
336,0,
337,0,
338,0,
339,0,
340,0,
341,0,
342,0,
343,0,
344,0,
345,0,
346,0,
347,0,
348,0,
349,0,
350,Bow made of high-quality{j}moss-covered material.{j}{c07}SP weapon: Lv1{/c}.,
351,Bow made of high-quality{j}moss-covered material.{j}{c07}SP weapon: Lv2{/c}.,
352,Bow made of high-quality{j}moss-covered material.{j}{c07}SP weapon: Lv3{/c}.,
353,Bow made of high-quality{j}moss-covered material.{j}{c07}SP weapon: Lv4{/c}.,
354,Bow made of high-quality{j}moss-covered material.{j}{c07}SP weapon: Lv5{/c}.,
355,Bow made of high-quality{j}moss-covered material.{j}{c07}SP weapon: Lv6{/c}.,
356,Bow made of high-quality{j}moss-covered material.{j}{c07}SP weapon: Lv7{/c}.,
357,"A deep-purple Bow, known for{j}being easy to handle.{j}{c07}SP weapon: Lv1{/c}.",
358,"A deep-purple Bow, known for{j}being easy to handle.{j}{c07}SP weapon: Lv2{/c}.",
359,"A deep-purple Bow, known for{j}being easy to handle.{j}{c07}SP weapon: Lv3{/c}.",
360,"A deep-purple Bow, known for{j}being easy to handle.{j}{c07}SP weapon: Lv4{/c}.",
361,"A deep-purple Bow, known for{j}being easy to handle.{j}{c07}SP weapon: Lv5{/c}.",
362,"A deep-purple Bow, known for{j}being easy to handle.{j}{c07}SP weapon: Lv6{/c}.",
363,"A deep-purple Bow, known for{j}being easy to handle.{j}{c07}SP weapon: Lv7{/c}.",
364,"Customized ""immortal bow.""{j}Popular with expert Hunters.{j}{c07}SP weapon: Lv1{/c}.",
365,"Customized ""immortal bow.""{j}Popular with expert Hunters.{j}{c07}SP weapon: Lv2{/c}.",
366,"Customized ""immortal bow.""{j}Popular with expert Hunters.{j}{c07}SP weapon: Lv3{/c}.",
367,"Customized ""immortal bow.""{j}Popular with expert Hunters.{j}{c07}SP weapon: Lv4{/c}.",
368,"Customized ""immortal bow.""{j}Popular with expert Hunters.{j}{c07}SP weapon: Lv5{/c}.",
369,"Customized ""immortal bow.""{j}Popular with expert Hunters.{j}{c07}SP weapon: Lv6{/c}.",
370,"Customized ""immortal bow.""{j}Popular with expert Hunters.{j}{c07}SP weapon: Lv7{/c}.",
371,Oddly shaped Bow that sends{j}a shiver down the spine.{j}{c07}SP weapon: Lv1{/c}.,
372,Oddly shaped Bow that sends{j}a shiver down the spine.{j}{c07}SP weapon: Lv2{/c}.,
373,Oddly shaped Bow that sends{j}a shiver down the spine.{j}{c07}SP weapon: Lv3{/c}.,
374,Oddly shaped Bow that sends{j}a shiver down the spine.{j}{c07}SP weapon: Lv4{/c}.,
375,Oddly shaped Bow that sends{j}a shiver down the spine.{j}{c07}SP weapon: Lv5{/c}.,
376,Oddly shaped Bow that sends{j}a shiver down the spine.{j}{c07}SP weapon: Lv6{/c}.,
377,Oddly shaped Bow that sends{j}a shiver down the spine.{j}{c07}SP weapon: Lv7{/c}.,
378,A Bow made from a horn said{j}to hold a Diablos's soul.{j}{c07}SP weapon: Lv1{/c}.,
379,A Bow made from a horn said{j}to hold a Diablos's soul.{j}{c07}SP weapon: Lv2{/c}.,
380,A Bow made from a horn said{j}to hold a Diablos's soul.{j}{c07}SP weapon: Lv3{/c}.,
381,A Bow made from a horn said{j}to hold a Diablos's soul.{j}{c07}SP weapon: Lv4{/c}.,
382,A Bow made from a horn said{j}to hold a Diablos's soul.{j}{c07}SP weapon: Lv5{/c}.,
383,A Bow made from a horn said{j}to hold a Diablos's soul.{j}{c07}SP weapon: Lv6{/c}.,
384,A Bow made from a horn said{j}to hold a Diablos's soul.{j}{c07}SP weapon: Lv7{/c}.,
385,Lightweight Bow whose arrows{j}freeze their targets.{j}{c07}SP weapon: Lv1{/c}.,
386,Lightweight Bow whose arrows{j}freeze their targets.{j}{c07}SP weapon: Lv2{/c}.,
387,Lightweight Bow whose arrows{j}freeze their targets.{j}{c07}SP weapon: Lv3{/c}.,
388,Lightweight Bow whose arrows{j}freeze their targets.{j}{c07}SP weapon: Lv4{/c}.,
389,Lightweight Bow whose arrows{j}freeze their targets.{j}{c07}SP weapon: Lv5{/c}.,
390,Lightweight Bow whose arrows{j}freeze their targets.{j}{c07}SP weapon: Lv6{/c}.,
391,Lightweight Bow whose arrows{j}freeze their targets.{j}{c07}SP weapon: Lv7{/c}.,
392,Fires arrows that resemble a{j}dragon's fiery breath.{j}{c07}SP weapon: Lv1{/c}.,
393,Fires arrows that resemble a{j}dragon's fiery breath.{j}{c07}SP weapon: Lv2{/c}.,
394,Fires arrows that resemble a{j}dragon's fiery breath.{j}{c07}SP weapon: Lv3{/c}.,
395,Fires arrows that resemble a{j}dragon's fiery breath.{j}{c07}SP weapon: Lv4{/c}.,
396,Fires arrows that resemble a{j}dragon's fiery breath.{j}{c07}SP weapon: Lv5{/c}.,
397,Fires arrows that resemble a{j}dragon's fiery breath.{j}{c07}SP weapon: Lv6{/c}.,
398,Fires arrows that resemble a{j}dragon's fiery breath.{j}{c07}SP weapon: Lv7{/c}.,
399,A rare green Bow. Its color{j}doesn't suit its attributes.{j}{c07}SP weapon: Lv1{/c}.,
400,A rare green Bow. Its color{j}doesn't suit its attributes.{j}{c07}SP weapon: Lv2{/c}.,
401,A rare green Bow. Its color{j}doesn't suit its attributes.{j}{c07}SP weapon: Lv3{/c}.,
402,A rare green Bow. Its color{j}doesn't suit its attributes.{j}{c07}SP weapon: Lv4{/c}.,
403,A rare green Bow. Its color{j}doesn't suit its attributes.{j}{c07}SP weapon: Lv5{/c}.,
404,A rare green Bow. Its color{j}doesn't suit its attributes.{j}{c07}SP weapon: Lv6{/c}.,
405,A rare green Bow. Its color{j}doesn't suit its attributes.{j}{c07}SP weapon: Lv7{/c}.,
406,Fires arrows that squirt out{j}water as they fly along.{j}{c07}SP weapon: Lv1{/c}.,
407,Fires arrows that squirt out{j}water as they fly along.{j}{c07}SP weapon: Lv2{/c}.,
408,Fires arrows that squirt out{j}water as they fly along.{j}{c07}SP weapon: Lv3{/c}.,
409,Fires arrows that squirt out{j}water as they fly along.{j}{c07}SP weapon: Lv4{/c}.,
410,Fires arrows that squirt out{j}water as they fly along.{j}{c07}SP weapon: Lv5{/c}.,
411,Fires arrows that squirt out{j}water as they fly along.{j}{c07}SP weapon: Lv6{/c}.,
412,Fires arrows that squirt out{j}water as they fly along.{j}{c07}SP weapon: Lv7{/c}.,
413,Colored with dyes that alter{j}its materials' properties.{j}{c07}SP weapon: Lv1{/c}.,
414,Colored with dyes that alter{j}its materials' properties.{j}{c07}SP weapon: Lv2{/c}.,
415,Colored with dyes that alter{j}its materials' properties.{j}{c07}SP weapon: Lv3{/c}.,
416,Colored with dyes that alter{j}its materials' properties.{j}{c07}SP weapon: Lv4{/c}.,
417,Colored with dyes that alter{j}its materials' properties.{j}{c07}SP weapon: Lv5{/c}.,
418,Colored with dyes that alter{j}its materials' properties.{j}{c07}SP weapon: Lv6{/c}.,
419,Colored with dyes that alter{j}its materials' properties.{j}{c07}SP weapon: Lv7{/c}.,
420,Advanced material technology{j}lets it freeze whole rivers.{j}{c07}SP weapon: Lv1{/c}.,
421,Advanced material technology{j}lets it freeze whole rivers.{j}{c07}SP weapon: Lv2{/c}.,
422,Advanced material technology{j}lets it freeze whole rivers.{j}{c07}SP weapon: Lv3{/c}.,
423,Advanced material technology{j}lets it freeze whole rivers.{j}{c07}SP weapon: Lv4{/c}.,
424,Advanced material technology{j}lets it freeze whole rivers.{j}{c07}SP weapon: Lv5{/c}.,
425,Advanced material technology{j}lets it freeze whole rivers.{j}{c07}SP weapon: Lv6{/c}.,
426,Advanced material technology{j}lets it freeze whole rivers.{j}{c07}SP weapon: Lv7{/c}.,
427,This Bow's poor critical hit{j}rate has been improved.{j}{c07}SP weapon: Lv1{/c}.,
428,This Bow's poor critical hit{j}rate has been improved.{j}{c07}SP weapon: Lv2{/c}.,
429,This Bow's poor critical hit{j}rate has been improved.{j}{c07}SP weapon: Lv3{/c}.,
430,This Bow's poor critical hit{j}rate has been improved.{j}{c07}SP weapon: Lv4{/c}.,
431,This Bow's poor critical hit{j}rate has been improved.{j}{c07}SP weapon: Lv5{/c}.,
432,This Bow's poor critical hit{j}rate has been improved.{j}{c07}SP weapon: Lv6{/c}.,
433,This Bow's poor critical hit{j}rate has been improved.{j}{c07}SP weapon: Lv7{/c}.,
434,Uses Fire Dragon parts to{j}turn heat into elecricity.{j}{c07}SP weapon: Lv1{/c}.,
435,Uses Fire Dragon parts to{j}turn heat into elecricity.{j}{c07}SP weapon: Lv2{/c}.,
436,Uses Fire Dragon parts to{j}turn heat into elecricity.{j}{c07}SP weapon: Lv3{/c}.,
437,Uses Fire Dragon parts to{j}turn heat into elecricity.{j}{c07}SP weapon: Lv4{/c}.,
438,Uses Fire Dragon parts to{j}turn heat into elecricity.{j}{c07}SP weapon: Lv5{/c}.,
439,Uses Fire Dragon parts to{j}turn heat into elecricity.{j}{c07}SP weapon: Lv6{/c}.,
440,Uses Fire Dragon parts to{j}turn heat into elecricity.{j}{c07}SP weapon: Lv7{/c}.,
441,"Takes skill to handle, but{j}is a very powerful Bow.{j}{c07}SP weapon: Lv1{/c}.",
442,"Takes skill to handle, but{j}is a very powerful Bow.{j}{c07}SP weapon: Lv2{/c}.",
443,"Takes skill to handle, but{j}is a very powerful Bow.{j}{c07}SP weapon: Lv3{/c}.",
444,"Takes skill to handle, but{j}is a very powerful Bow.{j}{c07}SP weapon: Lv4{/c}.",
445,"Takes skill to handle, but{j}is a very powerful Bow.{j}{c07}SP weapon: Lv5{/c}.",
446,"Takes skill to handle, but{j}is a very powerful Bow.{j}{c07}SP weapon: Lv6{/c}.",
447,"Takes skill to handle, but{j}is a very powerful Bow.{j}{c07}SP weapon: Lv7{/c}.",
448,Fires electrically charged{j}arrows. Passion is required.{j}{c07}SP weapon: Lv1{/c}.,
449,Fires electrically charged{j}arrows. Passion is required.{j}{c07}SP weapon: Lv2{/c}.,
450,Fires electrically charged{j}arrows. Passion is required.{j}{c07}SP weapon: Lv3{/c}.,
451,Fires electrically charged{j}arrows. Passion is required.{j}{c07}SP weapon: Lv4{/c}.,
452,Fires electrically charged{j}arrows. Passion is required.{j}{c07}SP weapon: Lv5{/c}.,
453,Fires electrically charged{j}arrows. Passion is required.{j}{c07}SP weapon: Lv6{/c}.,
454,Fires electrically charged{j}arrows. Passion is required.{j}{c07}SP weapon: Lv7{/c}.,
455,A Bow with fire attributes.{j}Coated in fireproof paint.{j}{c07}SP weapon: Lv1{/c}.,
456,A Bow with fire attributes.{j}Coated in fireproof paint.{j}{c07}SP weapon: Lv2{/c}.,
457,A Bow with fire attributes.{j}Coated in fireproof paint.{j}{c07}SP weapon: Lv3{/c}.,
458,A Bow with fire attributes.{j}Coated in fireproof paint.{j}{c07}SP weapon: Lv4{/c}.,
459,A Bow with fire attributes.{j}Coated in fireproof paint.{j}{c07}SP weapon: Lv5{/c}.,
460,A Bow with fire attributes.{j}Coated in fireproof paint.{j}{c07}SP weapon: Lv6{/c}.,
461,A Bow with fire attributes.{j}Coated in fireproof paint.{j}{c07}SP weapon: Lv7{/c}.,
462,Ebony-colored Bow.{j}{c07}SP weapon: Lv1{/c}.,
463,Ebony-colored Bow.{j}{c07}SP weapon: Lv2{/c}.,
464,Ebony-colored Bow.{j}{c07}SP weapon: Lv3{/c}.,
465,Ebony-colored Bow.{j}{c07}SP weapon: Lv4{/c}.,
466,Ebony-colored Bow.{j}{c07}SP weapon: Lv5{/c}.,
467,Ebony-colored Bow.{j}{c07}SP weapon: Lv6{/c}.,
468,Ebony-colored Bow.{j}{c07}SP weapon: Lv7{/c}.,
469,Bright green Bow with{j}obvious destructive power.{j}{c07}SP weapon: Lv1{/c}.,
470,Bright green Bow with{j}obvious destructive power.{j}{c07}SP weapon: Lv2{/c}.,
471,Bright green Bow with{j}obvious destructive power.{j}{c07}SP weapon: Lv3{/c}.,
472,Bright green Bow with{j}obvious destructive power.{j}{c07}SP weapon: Lv4{/c}.,
473,Bright green Bow with{j}obvious destructive power.{j}{c07}SP weapon: Lv5{/c}.,
474,Bright green Bow with{j}obvious destructive power.{j}{c07}SP weapon: Lv6{/c}.,
475,Bright green Bow with{j}obvious destructive power.{j}{c07}SP weapon: Lv7{/c}.,
476,"Big, shiny Bow that stands{j}out a little too much...{j}{c07}SP weapon: Lv1{/c}.",
477,"Big, shiny Bow that stands{j}out a little too much...{j}{c07}SP weapon: Lv2{/c}.",
478,"Big, shiny Bow that stands{j}out a little too much...{j}{c07}SP weapon: Lv3{/c}.",
479,"Big, shiny Bow that stands{j}out a little too much...{j}{c07}SP weapon: Lv4{/c}.",
480,"Big, shiny Bow that stands{j}out a little too much...{j}{c07}SP weapon: Lv5{/c}.",
481,"Big, shiny Bow that stands{j}out a little too much...{j}{c07}SP weapon: Lv6{/c}.",
482,"Big, shiny Bow that stands{j}out a little too much...{j}{c07}SP weapon: Lv7{/c}.",
483,Bow that's the color of rare{j}jade from a faraway land.{j}{c07}SP weapon: Lv1{/c}.,
484,Bow that's the color of rare{j}jade from a faraway land.{j}{c07}SP weapon: Lv2{/c}.,
485,Bow that's the color of rare{j}jade from a faraway land.{j}{c07}SP weapon: Lv3{/c}.,
486,Bow that's the color of rare{j}jade from a faraway land.{j}{c07}SP weapon: Lv4{/c}.,
487,Bow that's the color of rare{j}jade from a faraway land.{j}{c07}SP weapon: Lv5{/c}.,
488,Bow that's the color of rare{j}jade from a faraway land.{j}{c07}SP weapon: Lv6{/c}.,
489,Bow that's the color of rare{j}jade from a faraway land.{j}{c07}SP weapon: Lv7{/c}.,
490,0,
491,0,
492,0,
493,0,
494,0,
495,0,
496,0,
497,0,
498,0,
499,0,
500,0,
501,0,
502,0,
503,0,
504,0,
505,0,
506,0,
507,0,
508,0,
509,0,
510,0,
511,0,
512,0,
513,0,
514,0,
515,0,
516,0,
517,0,
518,0,
519,0,
520,0,
521,0,
522,0,
523,0,
524,0,
525,0,
526,0,
527,0,
528,0,
529,0,
530,0,
531,0,
532,0,
533,0,
534,0,
535,0,
536,0,
537,0,
538,0,
539,0,
540,0,
541,0,
542,0,
543,0,
544,0,
545,0,
546,0,
547,0,
548,0,
549,0,
550,0,
551,0,
552,0,
553,0,
554,0,
555,0,
556,0,
557,0,
558,0,
559,0,
560,0,
561,0,
562,0,
563,0,
564,0,
565,0,
566,0,
567,0,
568,0,
569,0,
570,0,
571,0,
572,0,
573,0,
574,0,
575,0,
576,0,
577,0,
578,0,
579,0,
580,0,
581,0,
582,0,
583,0,
584,0,
585,0,
586,0,
587,0,
588,0,
589,0,
590,0,
591,0,
592,0,
593,0,
594,0,
595,0,
596,0,
597,0,
598,0,
599,0,
600,0,
601,0,
602,0,
603,0,
604,0,
605,0,
606,0,
607,0,
608,0,
609,0,
610,0,
611,0,
612,0,
613,0,
614,0,
615,0,
616,0,
617,0,
618,0,
619,0,
620,0,
621,0,
622,0,
623,0,
624,0,
625,0,
626,0,
627,0,
628,0,
629,0,
630,0,
631,0,
632,0,
633,0,
634,0,
635,0,
636,0,
637,0,
638,0,
639,0,
640,0,
641,0,
642,0,
643,0,
644,0,
645,0,
646,0,
647,0,
648,0,
649,0,
650,"Looks like a toy, but highly{j}destructive. {c03}Rapid fires{/c}{j}{c03}Pellet S Lv1{/c} and {c03}Water S{/c}.",
651,"Looks like a toy, but highly{j}destructive. {c03}Rapid fires{/c}{j}{c03}Pellet S Lv1{/c} and {c03}Water S{/c}.",
652,"Looks like a toy, but highly{j}destructive. {c03}Rapid fires{/c}{j}{c03}Pellet S Lv1{/c} and {c03}Water S{/c}.",
653,Designed with nothing but{j}power in mind. {c03}Rapid fires{/c}{j}{c03}Normal S Lv2{/c} & {c03}Pellet S Lv1{/c}.,
654,Designed with nothing but{j}power in mind. {c03}: Rapid fires{/c}{j}{c03}Normal S Lv2{/c} & {c03}Pellet S Lv1{/c}.,
655,Designed with nothing but{j}power in mind. {c03}: Rapid fires{/c}{j}{c03}Normal S Lv2{/c} & {c03}Pellet S Lv1{/c}.,
656,A Light Bowgun designed to{j}deal with every eventuality{j}in a Hunter's life.,
657,A Light Bowgun designed to{j}deal with every eventuality{j}in a Hunter's life.,
658,A Light Bowgun designed to{j}deal with every eventuality{j}in a Hunter's life.,
659,Light Bowgun made from a{j}rare mineral. {c03}Rapid fires{/c}{j}{c03}Normal S Lv1{/c} &{c03}Flaming S{/c}.,
660,Light Bowgun made from a{j}rare mineral. {c03}Rapid fires{/c}{j}{c03}Pellet S Lv1{/c} & {c03}Pierce S Lv1{/c}.,
661,Light Bowgun made from a{j}rare mineral. {c03}Rapid fires{/c}{j}{c03}Normal S Lv1{/c} & {c03}Flaming S{/c}.,
662,A surprisngly tough Bow made{j}from Hornetaur parts.{j}Extremely easy to handle.,
663,Mysterious Bow crafted from{j}dragonwood taken from a Yama{j}Tsukami's back.,
664,A very powerful Bow with a{j}thick string that takes real{j}strength to pull back.,
665,"Based on the Steel Raven,{j}this Bow was redeveloped{j}using a different mineral.",
666,"Based on the Steel Raven,{j}this Bow was redeveloped{j}using a different mineral.",
667,"Based on the Steel Raven,{j}this Bow was redeveloped{j}using a different mineral.",
668,"Based on the Steel Raven,{j}this Bow was redeveloped{j}using a different mineral.",
669,"Designed for pros only, and{j}made from a very hard metal.{j}{c07}SP weapon{/c}.",
670,Burning black cannon that{j}turns any fortress into ash.{j}{c07}SP weapon{/c}.,
671,A Demonlock redeveloped{j}using the latest technology.{j}{c07}SP weapon{/c}.,
672,Remade by the stubborn{j}artisan. {c03}Rapid fires{/c}{j}{c03}Pierce S Lv1{/c}. {c07}SP weapon{/c}.,
673,A completed protoype{j}weapon. {c03}Rapid fires{/c} {j}{c03}Pierce S Lv1{/c} & {c03}Crag S Lv1{/c}.,
674,Final version of a protoype{j}weapon. {c03}Rapid fires{/c} {j}{c03}Pierce S Lv1{/c} & {c03}Crag S Lv1{/c}.,
675,Bow packed with non-standard{j}features made using special{j}technology. {c02}<Tough Weapon>{/c},
676,Crossbow made from mixed{j}materials. As powerful as a{j}Fire Dragon. {c07}SP weapon{/c}.,
677,Curiously constructed Light{j}Bowgun of unknown origin.{j}{c07}SP weapon{/c}.,
678,Simply contructed Heavy {j}Bowgun made from an{j}Vashimu's shell.,Simply contructed Heavy {j}Bowgun made from a{j}Vashimu's shell.
679,"A Heavy Bowgun designed for{j}power, and made from a{j}supple Vashimu body part.",
680,"A crossbow with an eternal{j}shine, made from a rare and{j}valuable mineral.",
681,"A crossbow with an eternal{j}shine, made from a rare and{j}valuable mineral.",
682,"A crossbow with an eternal{j}shine, made from a rare and{j}valuable mineral.",
683,"Based on the Steel Puffer,{j}this Bowgun was redeveloped{j}using a different mineral.",
684,"Based on the Steel Puffer,{j}this Bowgun was redeveloped{j}using a different mineral.",
685,"Based on the Steel Puffer,{j}this Bowgun was redeveloped{j}using a different mineral.",
686,Huge white cannon that turns{j}its targets into puffs of{j}smoke. {c07}SP weapon{/c}.,
687,A manly Light Bowgun. Looks{j}like a brutal Pelagus head.,
688,A rustic Light Bowgun. Looks{j}like a brutal Pelagus head.,
689,Imbued with a Lunastra's{j}passion. {c03}Rapid fires{/c}{j}{c03}Crag S Lv1{/c} & {c03}Flaming S{/c}.,
690,Made from strong Lunastra{j}body parts. {c03}Rapid fires{/c}{j}{c03}Crag S Lv1{/c} & {c03}Flaming S{/c}.,
691,Made from strong Lunastra{j}body parts. {c03}Rapid fires{/c}{j}{c03}Crag S Lv1{/c} & {c03}Flaming S{/c}.,
692,Bowgun made of meat that's{j}almost raw. {c03}Rapid fires{/c}{j}{c03}Flaming S{/c} & {c03}Freeze S{/c}.,
693,"Bowgun made of red, juicy{j}meat. {c03}Rapid fires{/c}{j}{c03}Flaming S{/c} & {c03}Freeze S{/c}.",
694,"Bowgun made of tasty, juicy{j}meat. {c03}Rapid fires{/c}{j}{c03}Flaming S{/c} & {c03}Freeze S{/c}.",
695,Its victims don't stand a{j}chance. {c03}Rapid fires{/c}{j}{c03}Pierce S Lv1{/c} & {c03}Thunder S{/c}.,
696,Its victims don't stand a{j}chance. {c03}Rapid fires{/c}{j}{c03}Pierce S Lv1{/c} & {c03}Thunder S{/c}.,
697,Its victims don't stand a{j}chance. {c03}Rapid fires{/c}{j}{c03}Pierce S Lv1{/c} & {c03}Thunder S{/c}.,
698,Very tough bow made from a{j}new ore found in the Canyon.,
699,Very tough bow made from a{j}new ore found in the Canyon.,
700,Very tough bow made from a{j}new ore found in the Canyon.,
701,Oddly shaped Bow that no{j}prey can hope to escape.{j}Fires very heavy arrows.,
702,Oddly shaped Bow that no{j}prey can hope to escape.{j}Fires very heavy arrows.,
703,Oddly shaped Bow that no{j}prey can hope to escape.{j}Fires very heavy arrows.,
704,Oddly shaped Bow that no{j}prey can hope to escape.{j}Fires very heavy arrows.,
705,"Red, Felyne-shaped Light{j}Bowgun. {c03}Rapid fires{/c}{j}{c03}Flaming S{/c}. {c07}SP weapon{/c}.",
706,Made from materials that{j}don't mix with gunpowder...{j}{c03}Rapid fires{/c} {c03}Water S{/c}.,
707,Made from materials that{j}don't mix with gunpowder...{j}{c03}Rapid fires{/c} {c03}Water S{/c}.,
708,Mady by a skilled craftsman.{j}{c03}Rapid fire+:{/c} {c03}Normal S Lv 2{/c} &{j}{c03}Water S{/c}. {c02}<Tough Weapon>{/c},
709,Bowgun made from a rare ore{j}that gleams like the stars.{j}{c03}Rapid fires{/c} {c03}Normal S Lv2{/c}.,
710,Bowgun made from a rare ore{j}that gleams like the stars.,
711,Bowgun made from a rare ore{j}that gleams like the stars.{j}{c03}Rapid fires{/c} {c03}Normal S Lv2{/c}.,
712,Heavy Bowgun built through a{j}collaboration between Smithy{j}craftsmen and the Lynians.,
713,Heavy Bowgun built through a{j}collaboration between Smithy{j}craftsmen and the Lynians.,
714,Fires thunder-loaded arrows{j}that streak across the sky.{j}{c02}<Tough Weapon>{/c},
715,Fires thunder-loaded arrows{j}that streak across the sky.{j}{c02}<Tough Weapon>{/c},
716,A water Bow that will pierce{j}anything. Proof that water{j}and Carapaceons go together.,
717,"A Bow made from Elder Dragon{j}parts, making it an improved{j}weapon all round.",
718,"Based on the Steel Raven,{j}this Bow was redeveloped{j}using a different mineral.",
719,"Based on the Steel Raven,{j}this Bow was redeveloped{j}using a different mineral.",
720,"Based on the Steel Raven,{j}this Bow was redeveloped{j}using a different mineral.",
721,"Based on the Steel Raven,{j}this Bow was redeveloped{j}using a different mineral.",
722,"Despite its ominous Remobra{j}shape, this weapon actually{j}wards off evil.",
723,"Smooth Remobra hides are so{j}popular, you usually have to{j}supply your own.",
724,A heavy Crossbow that glows{j}solemnly. Expertly made from{j}some magnificent materials.,
725,A heavy Crossbow that glows{j}solemnly. Expertly made from{j}some magnificent materials.,
726,A heavy Crossbow that glows{j}solemnly. Expertly made from{j}some magnificent materials.,
727,Blue crossbow with a simple{j}construction that focuses on{j}power. {c07}SP weapon{/c}.,
728,Surrounded by a shimmering{j}heat haze. {c03}Rapid fire+:{/c}{j}{c03}Flaming S{/c}. {c02}<Tough Weapon>{/c},
729,A light Bow designed to{j}paralyze its target.{j}{c03}Rapid fires{/c} {c03}Pierce S Lv1{/c}.,
730,"A light Bow, designed to{j}paralyze its target.{j}{c03}Rapid fires{/c} {c03}Pierce S Lv1{/c}.",
731,"A light Bow, designed to{j}paralyze its target.{j}{c03}Rapid fires{/c} {c03}Pierce S Lv1{/c}.",
732,A light Bow designed to{j}acutely poison its target.{j}{c03}Rapid fires{/c} {c03}Pierce S Lv1{/c}.,
733,A light Bow designed to{j}acutely poison its target.{j}{c03}Rapid fires{/c} {c03}Pierce S Lv1{/c}.,
734,A light Bow designed to{j}acutely poison its target.{j}{c03}Rapid fires{/c} {c03}Pierce S Lv1{/c}.,
735,Red Bowgun with a somewhat{j}curious air. {c03}Rapid fires{/c}{j}{c03}Normal S Lv2{/c} & {c03}Crag S Lv1{/c}.,
736,Red Bowgun that's saved many{j}a Hunter. {c03}Rapid fires{/c}{j}{c03}Normal S Lv2{/c} & {c03}Crag S Lv1{/c}.,
737,Red Bowgun that's saved many{j}a Hunter. {c03}Rapid fires{/c}{j}{c03}Normal S Lv2{/c} & {c03}Crag S Lv1{/c}.,
738,A Steel Cree remade with a{j}different metal. {c03}Rapid fires{/c}{j}{c03}Normal S Lv2{/c} & {c03}Freeze S{/c}.,
739,A Steel Cree remade with a{j}different ore. {c03}Rapid fires{/c}{j}{c03}Normal S Lv2{/c} & {c03}Freeze S{/c}.,
740,A Steel Cree remade with a{j}different ore. {c03}Rapid fires{/c}{j}{c03}Normal S Lv2{/c} & {c03}Freeze S{/c}.,
741,Almost too elegant to be a{j}weapon. {c03}Rapid fires{/c} {j}{c03}Thunder S{/c}. {c07}SP weapon{/c}.,
742,A Bow with good thermal{j}properties due to being made{j}from Pariapuria body parts.,
743,A Bow with good thermal{j}properties due to being made{j}from Pariapuria body parts.,
744,Proof that a Hunter has{j}taken down a fully grown{j}Pariapuria. {c02}<Tough Weapon>{/c},
745,Proof that a Hunter has{j}taken down a fully grown{j}Pariapuria. {c02}<Tough Weapon>{/c},
746,"A Felyne-inspired bow that's{j}very supple, and therefore{j}extremely powerful.",
747,"A Felyne-inspired bow that's{j}very supple, and therefore{j}extremely powerful.",
748,"A Felyne-inspired bow that's{j}very supple, and therefore{j}extremely powerful.",
749,"A Felyne-inspired bow that's{j}very supple, and therefore{j}extremely powerful.",
750,"A Melynx-inspired bow that's{j}very supple, and therefore{j}extremely powerful.",
751,"A Melynx-inspired bow that's{j}very supple, and therefore{j}extremely powerful.",
752,"A Melynx-inspired bow that's{j}very supple, and therefore{j}extremely powerful.",
753,"A Melynx-inspired bow that's{j}very supple, and therefore{j}extremely powerful.",
754,A red bow crafted from ore {j}using brand new techniques.,
755,A red bow crafted from ore {j}using brand new techniques.,
756,A red bow crafted from ore {j}using brand new techniques.,
757,A red bow crafted from ore {j}using brand new techniques.,
758,Bowgun made from valuable{j}and fire-resistant Espinas{j}body parts.,
759,Bowgun made from valuable{j}and fire-resistant Espinas{j}body parts.,
760,"Lightweight and easy to use,{j}yet powerful. {c03}Rapid fires{/c}{j}{c03}Flaming S{/c} & {c03}Crag S Lv1{/c}.",
761,"Lightweight and easy to use,{j}yet powerful. {c03}Rapid fires{/c}{j}{c03}Flaming S{/c} & {c03}Crag S Lv1{/c}.",
762,A very rarely seen Bow{j}made from precious{j}Espinas body parts.,
763,A very rarely seen Bow{j}made from precious{j}Espinas body parts.,
764,A very rarely seen Bow{j}made from precious{j}Espinas body parts.,
765,Proof that the fortress was{j}defended. {c03}Rapid fire+:{/c}{j}{c03}Normal S Lv2{/c}. {c02}<Tough Weapon>{/c},
766,"Fitted with an ""eruption{j}function"" that discharges{j}stored heat. {c02}<Tough Weapon>{/c}",
767,"Based on the Steel Puffer,{j}this Bowgun was redeveloped{j}using a different mineral.",
768,"Based on the Steel Puffer,{j}this Bowgun was redeveloped{j}using a different mineral.",
769,"Based on the Steel Puffer,{j}this Bowgun was redeveloped{j}using a different mineral.",
770,"Based on the Steel Puffer,{j}this Bowgun was redeveloped{j}using a different mineral.",
771,Heavy Bowgun awarded by the{j}Guild to honor successful{j}Hunters.,
772,Fires Orugaron-like bullets at{j}a terrifying speed.{j}{c03}Rapid fires{/c} {c03}Pierce S Lv1{/c}.,
773,Fires Orugaron-like bullets at{j}a terrifying speed.{j}{c03}Rapid fires{/c} {c03}Pierce S Lv1{/c}.,
774,Looks like a steel Orugaron.{j}{c03}Rapid fire+:{/c} {c03}Pierce S Lv1{/c}.{j}{c02}<Tough Weapon>{/c},
775,"Advanced, machine-produced{j}Light Bowgun. {c03}Rapid fires{/c}{j}{c03}Normal S Lv1{/c} & {c03}Flaming S{/c}.",
776,"Advanced, machine-produced{j}Light Bowgun. {c03}Rapid fires{/c}{j}{c03}Normal S Lv1{/c} & {c03}Flaming S{/c}.",
777,"Advanced, machine-produced{j}Light Bowgun. {c03}Rapid fires{/c}{j}{c03}Pierce S Lv1{/c} & {c03}Flaming S{/c}.",
778,Given to successful Hunters{j}by the Guild. {c03}Rapid fires{/c}{j}{c03}Normal S Lv2{/c} and {c03}Freeze S{/c}.,
779,"Its arrows fly straight and{j}true to their target, and{j}can pierce thick hides.",
780,"Its arrows fly straight and{j}true to their target, and{j}can pierce thick hides.",
781,"Penetrates an enemy's hide{j}and freezes it, preventing{j}movement. {c02}<Tough Weapon>{/c}",
782,"Penetrates an enemy's hide{j}and freezes it, preventing{j}movement. {c02}<Tough Weapon>{/c}",
783,Drawing the string of this{j}black Bow unleashes a{j}whirlwind of destruction.,
784,A Khezu organ is used to{j}fire arrows that are{j}tinged with thunder.,
785,"A legendary Bow, its arrows{j}are said to keep flying{j}straight and true forever.",
786,"A legendary Bow, its arrows{j}are said to keep flying{j}true forever.",
787,"A legendary Bow, its arrows{j}are said to keep flying{j}true forever.",
788,"A legendary Bow, its arrows{j}are said to keep flying{j}true forever.",
789,A Bow that fires arrows said{j}to have the power of{j}volcanoes. A secret design.,
790,A Bow that fires arrows said{j}to have the power of{j}volcanoes. A secret design.,
791,A Bow that fires arrows said{j}to have the power of{j}volcanoes. A secret design.,
792,A Bow that fires arrows said{j}to have the power of{j}volcanoes. A secret design.,
793,A white Bow that has many{j}fans. It arrows are cold{j}enough to freeze the air.,
794,A white Bow that has many{j}fans. It arrows are cold{j}enough to freeze the air.,
795,A white Bow that has many{j}fans. It arrows are cold{j}enough to freeze the air.,
796,A white Bow that has many{j}fans. It arrows are cold{j}enough to freeze the air.,
797,Black Bow favored by skilled{j}Hunters. Capable of punching{j}a hole through a Wyvern.,
798,Black Bow favored by skilled{j}Hunters. Capable of punching{j}a hole through a Wyvern.,
799,Black Bow favored by skilled{j}Hunters. Capable of punching{j}a hole through a Wyvern.,
800,Black Bow favored by skilled{j}Hunters. Capable of punching{j}a hole through a Wyvern.,
801,A romantic Bow inspired by{j}the night sky. Its string is{j}a little cold to the touch.,
802,A romantic Bow inspired by{j}the night sky. Its string is{j}a little cold to the touch.,
803,A romantic Bow inspired by{j}the night sky. Its string is{j}a little cold to the touch.,
804,A romantic Bow inspired by{j}the night sky. Its string is{j}a little cold to the touch.,
805,A yellow Bow crafted mainly{j}from ore using only the very{j}latest techniques.,
806,A yellow Bow crafted mainly{j}from ore using only the very{j}latest techniques.,
807,A yellow Bow crafted mainly{j}from ore using only the very{j}latest techniques.,
808,A yellow Bow crafted mainly{j}from ore using only the very{j}latest techniques.,
809,Bow awarded by the Guild to{j}honor successful Hunters.,
810,"Built with pride but looks{j}rather eerie, especially at{j}night. {c07}SP weapon{/c}.",
811,A suspicious-looking Light{j}Bowgun dyed with a{j}weird substance. {c07}SP weapon{/c}.,
812,A romantic Bow inspired by{j}the night sky. Its string is{j}wet to the touch.,
813,A romantic Bow inspired by{j}the night sky. Its string is{j}wet to the touch.,
814,A romantic Bow inspired by{j}the night sky. Its string is{j}wet to the touch.,
815,A romantic Bow inspired by{j}the night sky. Its string is{j}wet to the touch.,
816,Heavy Bowgun with an armor-{j}inspired design. Made from{j}very tough Orugaron parts.,
817,Heavy Bowgun with an armor-{j}inspired design. Made from{j}very tough Orugaron parts.,
818,A Heavy Bowgun said to be{j}capable of rending the sky{j}in two. {c02}<Tough Weapon>{/c},
819,"Uniquely shaped crossbow{j}from the east, designed to{j}fire arrows that paralyze.",
820,"Uniquely shaped crossbow{j}from the east, designed to{j}fire arrows that paralyze.",
821,"Uniquely shaped crossbow{j}from the east, designed to{j}fire arrows that paralyze.",
822,"Uniquely shaped crossbow{j}from the east, designed to{j}fire poisoned arrows.",
823,"Uniquely shaped crossbow{j}from the east, designed to{j}fire poisoned arrows.",
824,"Uniquely shaped crossbow{j}from the east, designed to{j}fire poisoned arrows.",
825,A Bowgun made from a unique{j}blend of materials. Its{j}maker's pride and joy.,
826,A Bowgun made from a unique{j}blend of materials. Its{j}maker's pride and joy.,
827,A Bowgun made from a unique{j}blend of materials. Its{j}maker's pride and joy.,
828,Bowgun made from Dragonwood.{j}{c03}Rapid fire+:{/c} {c03}Normal S Lv2{/c} &{j}{c03}Pellet S Lv1{/c}. {c02}<Tough Weapon>{/c},
829,White crossbow covered in{j}decorations. {c03}Rapid fires{/c}{j}{c03}Pierce S Lv1{/c} & {c03}Freeze S{/c}.,
830,White crossbow covered in{j}decorations. {c03}Rapid fires{/c}{j}{c03}Pierce S Lv1{/c} & {c03}Freeze S{/c}.,
831,White crossbow covered in{j}decorations. {c03}Rapid fires{/c}{j}{c03}Pierce S Lv1{/c} & {c03}Freeze S{/c}.,
832,Black crossbow covered in{j}decorations. {c03}Rapid fires{/c}{j}{c03}Normal S Lv2{/c}.,
833,Black crossbow covered in{j}decorations. {c03}Rapid fires{/c}{j}{c03}Normal S Lv2{/c}.,
834,Black crossbow covered in{j}decorations. {c03}Rapid fires{/c}{j}{c03}Normal S Lv2{/c}.,
835,Unleashes a Berukyurosu roar{j}in bullet form. {c03}Rapid fires{/c}{j}{c03}Normal S Lv2{/c} & {c03}Thunder S{/c}.,
836,Unleashes a Berukyurosu roar{j}in bullet form. {c03}Rapid fires{/c}{j}{c03}Normal S Lv2{/c} & {c03}Thunder S{/c}.,
837,Smites foes with thunder.{j}{c03}Rapid fire+:{/c} {c03}Normal S Lv2{/c} &{j}{c03}Thunder S{/c}. {c02}<Tough Weapon>{/c},
838,"Advanced, machine-produced{j}Light Bowgun. {c03}Rapid fires{/c}{j}{c03}Thunder S{/c}.",
839,"Advanced, machine-produced{j}Bowgun.",
840,"Advanced, machine-produced{j}Light Bowgun. {c03}Rapid fires{/c}{j}{c03}Normal S Lv1{/c} & {c03}Flaming S{/c}.",
841,A Steel Cree remade with a{j}different metal. {c03}Rapid fires{/c}{j}{c03}Normal S Lv1{/c} & {c03}Flaming S{/c}.,
842,A Steel Cree remade with a{j}different metal. {c03}Rapid fires{/c}{j}{c03}Normal S Lv1{/c} & {c03}Flaming S{/c}.,
843,A Steel Cree remade with a{j}different metal. {c03}Rapid fires{/c}{j}{c03}Normal S Lv1{/c} & {c03}Flaming S{/c}.,
844,A Steel Cree remade with a{j}different metal. {c03}Rapid fires{/c}{j}{c03}Normal S Lv1{/c} & {c03}Flaming S{/c}.,
845,A Bow that fires arrows said{j}to fly for a thousand miles.{j}{c05}<Enhanced Weapon>,
846,A Bow that fires arrows said{j}to slice the sky in half.{j}{c05}<Enhanced Weapon>,
847,A Bow that fires arrows said{j}to fly for a thousand miles.{j}{c05}<Enhanced Weapon>,
848,Bow made from Leviante parts{j}and used in wars between the{j}gods. {c05}<Enhanced Weapon>,
849,This fiery Bow requires{j}great willpower to use.{j}{c05}<Enhanced Weapon>,
850,This fiery Bow requires{j}great willpower to use.{j}{c05}<Enhanced Weapon>,
851,手数で勝負するタイプの{j}ハンターの要望に応えて{j}開発された狩猟弓。,A hunting bow developed in response to the requests{j}of Hunters who prefer to win by sheer number of{j}attacks.
852,Only those who've overcome a{j}pair of Fire Dragons can own{j}this Bow. A hero's weapon.,
853,A Bow with a powerful new{j}construction that's too{j}complex to allow repairs.,
854,A Bow with a powerful new{j}construction that's too{j}complex to allow repairs.,
855,A Bow with a powerful new{j}construction that's too{j}complex to allow repairs.,
856,A Bow with a powerful new{j}construction that's too{j}complex to allow repairs.,
857,Dragon Bow fitted with a{j}range finder that allows for{j}very precise targeting.,
858,Dragon Bow fitted with a{j}range finder that allows for{j}very precise targeting.,
859,Dragon Bow fitted with a{j}range finder that allows for{j}very precise targeting.,
860,Dragon Bow fitted with a{j}range finder that allows for{j}very precise targeting.,
861,Thunder Bow fitted with a{j}range finder that allows for{j}very precise targeting.,
862,Thunder Bow fitted with a{j}range finder that allows for{j}very precise targeting.,
863,Thunder Bow fitted with a{j}range finder that allows for{j}very precise targeting.,
864,Thunder Bow fitted with a{j}range finder that allows for{j}very precise targeting.,
865,"Based on the Steel Raven,{j}this Bow was redeveloped{j}using a different mineral.",
866,"Made in the image of a Black{j}Kirin, and just as awe-{j}inspiring. {c07}SP weapon{/c}.",
867,Golden weapon containing a{j}celeb's heart. {c03}Rapid fires{/c}{j}{c03}Pellet S Lv1{/c}. {c07}SP weapon{/c}.,
868,Specialized support weapon{j}made in collaboration with{j}the caravan folk.,
869,Specialized support weapon{j}made in collaboration with{j}the caravan folk.,
870,Specialized support weapon{j}made in collaboration with{j}the caravan folk.,
871,"Made in collaboration with{j}the caravan folk, this Bow{j}boosts your Defense.",
872,"Made in collaboration with{j}the caravan folk, this Bow{j}boosts your Defense.",
873,"Made in collaboration with{j}the caravan folk, this Bow{j}boosts your Defense.",
874,"Made in collaboration with{j}the caravan folk, this Bow{j}boosts your Defense.",
875,"Made in collaboration with{j}the caravan folk, this Bow{j}boosts your Defense.",
876,"Made in collaboration with{j}the caravan folk, this Bow{j}boosts your Defense.",
877,This weapon's sturdy frame{j}is a clear indicator of its{j}quality. {c02}<Tough Weapon>{/c},
878,A precious white crossbow{j}covered in decorations.,
879,A precious white crossbow{j}covered in decorations.,
880,A precious white crossbow{j}covered in decorations.,
881,A precious black crossbow{j}covered in decorations.,
882,A precious black crossbow{j}covered in decorations.,
883,A precious black crossbow{j}covered in decorations.,
884,A Bowgun that aims for both{j}beauty and practicality.{j}Easy to take care of.,
885,A Bowgun that aims for both{j}beauty and practicality.{j}Easy to get hold of.,
886,A Bowgun that aims for both{j}beauty and practicality. It{j}won't ever need repairing.,
887,Perfect for skilled snipers.{j}{c03}LV2通常弾{/c}、{c03}LV1貫通弾{/c}・{c03}散弾{/c}{j}が{c03}速射{/c}対応。{c11}≪ＨＣ武器≫{/c},"Perfect for skilled snipers.{j}{c03}LV2 Normal Ammo{/c},{c03}LV1 Pierce Ammo{/c}{c03}Spread Ammo{/c}{j}support{c03}Rapid Fire{/c}.{c11}≪HC Weapon≫{/c}"
888,Perfect for skilled snipers.{j}{c03}LV2通常弾{/c}、{c03}LV1貫通弾{/c}・{c03}散弾{/c}{j}が{c03}速射{/c}対応。{c11}≪ＨＣ武器≫{/c},"Perfect for skilled snipers.{j}{c03}LV2 Normal Ammo{/c},{c03}LV1 Pierce Ammo{/c}{c03}Spread Ammo{/c}{j}support{c03}Rapid Fire{/c}.{c11}≪HC Weapon≫{/c}"
889,Perfect for skilled snipers.{j}{c03}LV2通常弾{/c}、{c03}LV1貫通弾{/c}・{c03}散弾{/c}{j}が{c03}速射{/c}対応。{c11}≪ＨＣ武器≫{/c},"Perfect for skilled snipers.{j}{c03}LV2 Normal Ammo{/c},{c03}LV1 Pierce Ammo{/c}{c03}Spread Ammo{/c}{j}support{c03}Rapid Fire{/c}.{c11}≪HC Weapon≫{/c}"
890,Light Bowgun in the form of{j}a brutal fish. {c03}Rapid fires{/c}{j}{c03}Water S{/c}.,
891,Light Bowgun in the form of{j}a brutal fish. {c03}Rapid fires{/c}{j}{c03}Water S{/c}.,
892,Light Bowgun in the form of{j}a brutal fish. {c03}Rapid fires{/c}{j}{c03}Water S{/c}.,
893,Shoots swarms of bolts with{j}intense firepower. {c03}Rapid{/c}{j}fires{/c} {c03}Normal S Lv2{/c}.,
894,Shoots swarms of bolts with{j}intense firepower. {c03}Rapid{/c}{j}fires{/c} {c03}Normal S Lv2{/c}.,
895,Shoots swarms of bolts with{j}intense firepower. {c03}Rapid{/c}{j}fires{/c} {c03}Normal S Lv2{/c}.,
896,"Rather stretchy, so can fire{j}various ammo. {c03}Rapid fires{/c}{j}{c03}Flaming S{/c} & {c03}Water S{/c}.",
897,"Rather stretchy, so can fire{j}various ammo. {c03}Rapid fires{/c}{j}{c03}Flaming S{/c} & {c03}Water S{/c}.",
898,"Rather stretchy, so can fire{j}various ammo. {c03}Rapid fires{/c}{j}{c03}Flaming S{/c} & {c03}Water S{/c}.",
899,Sinewy Duragua body parts{j}are the best materials for{j}making bows.,
900,Sinewy Duragua body parts{j}are the best materials for{j}making bows.,
901,Sinewy Duragua body parts{j}are the best materials for{j}making bows.,
902,"Freezing arrows pierce their{j}targets, preventing them{j}from moving. {c02}<Tough Weapon>{/c}",
903,"Freezing arrows pierce their{j}targets, preventing them{j}from moving. {c02}<Tough Weapon>{/c}",
904,A daintily decorated Bow.{j}Fires arrows that burn with{j}a fierce heat.,
905,A daintily decorated Bow.{j}Fires arrows that burn with{j}a fierce heat.,
906,A daintily decorated Bow.{j}Fires arrows that burn with{j}a fierce heat.,
907,A daintily decorated Bow.{j}Fires arrows that burn with{j}a fierce heat.,
908,"A daintily decorated Bow,{j}designed so as not to hinder{j}movement--handy for hunting!",
909,"A daintily decorated Bow,{j}designed so as not to hinder{j}movement--handy for hunting!",
910,"A daintily decorated Bow,{j}designed so as not to hinder{j}movement--handy for hunting!",
911,"A daintily decorated Bow,{j}designed so as not to hinder{j}movement--handy for hunting!",
912,A Bow that aims for both{j}beauty and practicality.{j}Easy to take care of.,
913,A Bow that aims for both{j}beauty and practicality.{j}Easy to take care of.,
914,A Bow that aims for both{j}beauty and practicality.{j}Easy to take care of.,
915,A Bow that aims for both{j}beauty and practicality.{j}Easy to take care of.,
916,"Based on the Steel Raven,{j}this Bow was redeveloped{j}using a different mineral.",
917,"Based on the Steel Raven,{j}this Bow was redeveloped{j}using a different mineral.",
918,"Based on the Steel Raven,{j}this Bow was redeveloped{j}using a different mineral.",
919,"Based on the Steel Raven,{j}this Bow was redeveloped{j}using a different mineral.",
920,"Based on the Steel Raven,{j}this Bow was redeveloped{j}using a different mineral.",
921,"Pro Heavy Bowgun, designed{j}for shooting flying Wyverns.{j}As good as you'd expect.",
922,"A heavier version of the{j}Drac Cannon, upgraded to the{j}max. {c02}<Tough Weapon>",
923,Heavy Bowgun made using an{j}重弩。触るとフカフカして{j}気持ち良い…。{c11}≪ＨＣ武器≫{/c},"Heavy Bowgun made using an{j}Heavy Bowgun. Soft and fluffy to the touch,{j}it feels wonderful...{c11}≪HC Weapon≫{/c}"
924,Heavy Bowgun made using an{j}重弩。触るとフカフカして{j}気持ち良い…。{c11}≪ＨＣ武器≫{/c},"Heavy Bowgun made using an{j}Heavy Bowgun. Soft and fluffy to the touch,{j}it feels wonderful...{c11}≪HC Weapon≫{/c}"
925,Heavy Bowgun made using an{j}重弩。触るとフカフカして{j}気持ち良い…。{c11}≪ＨＣ武器≫{/c},"Heavy Bowgun made using an{j}Heavy Bowgun. Soft and fluffy to the touch,{j}it feels wonderful...{c11}≪HC Weapon≫{/c}"
926,"Deep red, decoration-covered{j}crossbow that also packs a{j}punch. A precious weapon.",
927,"Deep red, decoration-covered{j}crossbow that also packs a{j}punch. A precious weapon.",
928,"Deep red, decoration-covered{j}crossbow that also packs a{j}punch. A precious weapon.",
929,Trial weapon based on the{j}Golden Felyne Gun. Its huge{j}barrel makes it a bit heavy.,
930,Upgraded version of the Gold{j}Cat Cannon Mk1. Versatility{j}has been improved.,
931,The latest in the Gold Cat{j}range. More power lets you{j}fight even bigger monsters.,
932,Vicious Heavy Bowgun based{j}on the Gold Cat Gun. Good{j}against thick-skinned foes.,
933,An upgraded Silver Cat{j}Cannon Mk1. Can pierce thick{j}shells with ease.,
934,The newest in the Silver Cat{j}series. More power lets you{j}fight even bigger monsters.,
935,Built using technology from{j}a distant land. Lightweight{j}and suitable for beginners.,
936,"Built using technology from{j}a distant land, and designed{j}to be as light as possible.",
937,"Built using technology from{j}a distant land, and designed{j}for use in all situations.",
938,"Based on the Steel Puffer,{j}this Bowgun was redeveloped{j}using a different mineral.",
939,"Based on the Steel Puffer,{j}this Bowgun was redeveloped{j}using a different mineral.",
940,"Based on the Steel Puffer,{j}this Bowgun was redeveloped{j}using a different mineral.",
941,"Based on the Steel Puffer,{j}this Bowgun was redeveloped{j}using a different mineral.",
942,Light Bowgun made from fine{j}Draculos parts. {c03}Rapid fires{/c}{j}{c03}Normal S Lv2{/c} & {c03}Crag S Lv1{/c}.,
943,Lovingly upgraded Drac Gun. {j}{c03}Rapid fire+:{/c} {c03}Crag S Lv1{/c} &{j}{c03}Normal S Lv2{/c}. {c02}<Tough Weapon>{/c},
944,Deep-red crossbow covered in{j}decorations. {c03}Rapid fires{/c}{j}{c03}Pierce Lv1{/c} & {c03}Crag S Lv1{/c}.,
945,Deep red crossbow covered in{j}decorations. {c03}Rapid fires{/c}{j}{c03}Pierce Lv1{/c} & {c03}Crag S Lv1{/c}.,
946,Deep red crossbow covered in{j}decorations. {c03}Rapid fires{/c}{j}{c03}Pierce Lv1{/c} & {c03}Crag S Lv1{/c}.,
947,Light Bowgun from a foreign{j}land. {c03}Rapid fires{/c}{j}{c03}Normal S Lv1{/c} & {c03}Flaming S{/c}.,
948,A pro's Light Bowgun from a{j}foreign land. {c03}Rapid fires{/c}{j}{c03}Normal S Lv1{/c} & {c03}Flaming S{/c}.,
949,Powerful weapon from a{j}foreign land. {c03}Rapid fires{/c}{j}{c03}Normal S Lv1{/c} & {c03}Flaming S{/c}.,
950,Powerful weapon from a{j}foreign land. {c03}Rapid fires{/c}{j}{c03}Normal S Lv1{/c} & {c03}Water S{/c}.,
951,Powerful weapon from a{j}foreign land. {c03}Rapid fires{/c}{j}{c03}Normal S Lv1{/c} & {c03}Water S{/c}.,
952,Powerful weapon from a{j}foreign land. {c03}Rapid fires{/c}{j}{c03}Normal S Lv1{/c} & {c03}Water S{/c}.,
953,A Light Bowgun made by{j}combining several materials.{j}{c03}Rapid fires{/c} {c03}Normal S Lv2{/c}.,
954,A Light Bowgun made of many{j}materials. {c03}Rapid fires{/c}{j}{c03}Normal S Lv2{/c} & {c03}Pierce S Lv1{/c}.,
955,"A Light Bowgun made of many{j}materials, with a simple yet{j}tasteful design.",
956,"Excellent Bow, suitable for{j}hunting Draculos. Its arrows{j}soar majestically.",
957,"Excellent Bow, suitable for{j}hunting Draculos. Its arrows{j}soar majestically.",
958,A Bow so pretty and polished{j}it could be mistaken for an{j}ornament. {c02}<Tough Weapon>{/c},
959,A Bow so pretty and polished{j}it could be mistaken for an{j}ornament. {c02}<Tough Weapon>{/c},
960,Smooth bow with a string{j}that sounds like a harp when{j}pulled. {c02}<Tough Weapon>{/c},
961,Smooth bow with a string{j}that sounds like a harp when{j}pulled. {c02}<Tough Weapon>{/c},
962,フルフル素材の弓。同色の{j}防具と組み合わせて装備する{j}ハンターも多い。{c11}≪ＨＣ武器≫{/c},A Bow made of Khezu materials. Many{j}Hunters equip it together with{j}Armor of the same color.{c11}≪HC Weapon≫{/c}
963,フルフル素材の弓。同色の{j}防具と組み合わせて装備する{j}ハンターも多い。{c11}≪ＨＣ武器≫{/c},A Bow made of Khezu materials. Many{j}Hunters equip it together with{j}Armor of the same color.{c11}≪HC Weapon≫{/c}
964,フルフル素材の弓。同色の{j}防具と組み合わせて装備する{j}ハンターも多い。{c11}≪ＨＣ武器≫{/c},A Bow made of Khezu materials. Many{j}Hunters equip it together with{j}Armor of the same color.{c11}≪HC Weapon≫{/c}
965,フルフル素材の弓。同色の{j}防具と組み合わせて装備する{j}ハンターも多い。{c11}≪ＨＣ武器≫{/c},A Bow made of Khezu materials. Many{j}Hunters equip it together with{j}Armor of the same color.{c11}≪HC Weapon≫{/c}
966,A higly decorative and rare{j}bow that combines beauty{j}and practicality.,
967,A higly decorative and rare{j}bow that combines beauty{j}and practicality.,
968,A higly decorative and rare{j}bow that combines beauty{j}and practicality.,
969,A higly decorative and rare{j}bow that combines beauty{j}and practicality.,
970,"A Black Bow, covered in{j}decorations, that combines{j}beauty and practicality.",
971,"A Black Bow, covered in{j}decorations, that combines{j}beauty and practicality.",
972,"A Black Bow, covered in{j}decorations, that combines{j}beauty and practicality.",
973,"A Black Bow, covered in{j}decorations, that combines{j}beauty and practicality.",
974,Steam-powered Bow built by{j}a young inventor. Some{j}customization is possible.,
975,Steam-powered Bow built by{j}a young inventor. Energy{j}transmission is improved.,
976,A steam Bow redesigned for{j}better insulation. The{j}inventor's pride and joy.,
977,Harnessing the forces of{j}nature has pushed this steam{j}Bow beyond the limit.,
978,"A Bow made from tough,{j}springy monster parts. Goes{j}well with fire arrows.",
979,"A Bow made from tough,{j}springy monster parts. Goes{j}well with fire arrows.",
980,"A Bow made from tough,{j}springy monster parts. Goes{j}well with fire arrows.",
981,"A Bow with fire attributes,{j}reinforced by a craftsman.{j}Said to turn victims to ash.",
982,"Bow with water attributes,{j}made from various monster{j}parts. Famously easy to use.",
983,"Bow with water attributes,{j}made from various monster{j}parts. Famously easy to use.",
984,"Bow with water attributes,{j}made from various monster{j}parts. Famously easy to use.",
985,"Reinforced by a master, and{j}lethal against monsters who{j}are sensitive to water.",
986,Bowgun that combines beauty{j}and practicality. Its design{j}details are top secret.,
987,Bowgun that combines beauty{j}and practicality. Its design{j}details are top secret.,
988,Bowgun that combines beauty{j}and practicality. Its design{j}details are top secret.,
989,Bowgun that combines beauty{j}and practicality. Its design{j}details are top secret.,
990,Heavy Bowgun made of Duragua{j}parts. Many Hunters like to{j}customize its components.,
991,Heavy Bowgun made of Duragua{j}parts. Many Hunters like to{j}customize its components.,
992,氷狐竜素材の強化型重弩。{j}Duragua parts. Appears to be{j}foreign-made. {c02}<Tough Weapon>{/c},An upgraded Heavy Bowgun made from Ice Fox Wyvern materials.{j}Duragua parts. Appears to be{j}foreign-made.{c02}<Tough Weapon>{/c}
993,A Heavy Bowgun that needs a{j}blend of cold materials and{j}red-hot craftsmanship.,
994,A Heavy Bowgun that needs a{j}blend of cold materials and{j}red hot craftsmanship.,
995,A Heavy Bowgun that needs a{j}blend of cold materials and{j}red hot craftsmanship.,
996,"A big-bore Heavy Bowgun,{j}reinforced with sheet metal{j}to improve stablility.",
997,"A big-bore Heavy Bowgun,{j}reinforced with sheet metal{j}to improve stablility.",
998,"A big-bore Heavy Bowgun,{j}reinforced with sheet metal{j}to improve stablility.",
999,A Heavy Bowgun designed for{j}deadly anti-air attacks.{j}Lighter than it looks.,
1000,A Heavy Bowgun designed for{j}deadly anti-air attacks.{j}Lighter than it looks.,
1001,A Heavy Bowgun designed for{j}deadly anti-air attacks.{j}Lighter than it looks.,
1002,Stylish Heavy Bowgun made{j}with minerals from a{j}long-forgotten mine.,
1003,Stylish Heavy Bowgun made{j}with minerals from a{j}long-forgotten mine.,
1004,Stylish Heavy Bowgun made{j}with minerals from a{j}long-forgotten mine.,
1005,Made from Gurenzeburu parts.{j}{c03}Rapid fires{/c} {c03}Normal S Lv2{/c} &{j}{c03}Pellet S Lv1{/c}.,
1006,Made from Gurenzeburu parts.{j}{c03}Rapid fires{/c} {c03}Normal S Lv2{/c} &{j}{c03}Pellet S Lv1{/c}.,
1007,Made from Gurenzeburu parts.{j}{c03}Rapid fire+:{/c} {c03}Normal S Lv2{/c} &{j}{c03}Pellet S Lv1{/c}. {c02}<Tough Weapon>{/c},
1008,Someone's angered the{j}instructor... {c03}Rapid fires{/c}{j}{c03}Flaming S{/c} & {c03}Crag S Lv1{/c}.,
1009,Someone's angered the{j}instructor... {c03}Rapid fires{/c}{j}{c03}Flaming S{/c} & {c03}Crag S Lv1{/c}.,
1010,Someone's angered the{j}instructor... {c03}Rapid fires{/c}{j}{c03}Flaming S{/c} & {c03}Crag S Lv1{/c}.,
1011,Light Bowgun made by{j}combining unknown materials.{j}{c03}Rapid fire:{/c} {c03}Crag S Lv1{/c}.,
1012,Light Bowgun made by{j}combining unknown materials.{j}{c03}Rapid fires{/c} {c03}Crag S Lv1{/c}.,
1013,Made from various unknown{j}materials. {c03}Rapid fires{/c}{j}{c03}Flaming S{/c} & {c03}Crag S Lv1{/c}.,
1014,A Steel Cree remade with a{j}different metal. {c03}Rapid fires{/c}{j}{c03}Normal S Lv2{/c} & {c03}Crag S Lv1{/c}.,
1015,A Steel Cree remade with a{j}different metal. {c03}Rapid fires{/c}{j}{c03}Normal S Lv2{/c} & {c03}Crag S Lv1{/c}.,
1016,A Steel Cree remade with a{j}different metal. {c03}Rapid fires{/c}{j}{c03}Normal S Lv2{/c} & {c03}Crag S Lv1{/c}.,
1017,A Steel Cree remade with a{j}different metal. {c03}Rapid fires{/c}{j}{c03}Normal S Lv2{/c} & {c03}Crag S Lv1{/c}.,
1018,"As suggested by the name, a{j}Bow that confers protection{j}on the user. {c02}<Tough Weapon>{/c}",
1019,"As suggested by the name, a{j}Bow that confers protection{j}on the user. {c02}<Tough Weapon>{/c}",
1020,Jet-black Bow given to those{j}who overcome their{j}limitations. Unbreakable.,
1021,Jet-black Bow given to those{j}who overcome their{j}limitations. Unbreakable.,
1022,Jet-black Bow given to those{j}who overcome their{j}limitations. Unbreakable.,
1023,Jet-black Bow given to those{j}who overcome their{j}limitations. Unbreakable.,
1024,Jet-black Bow given to those{j}who overcome their{j}limitations. Unbreakable.,
1025,"Fitted with an ""eruption{j}function"" that discharges{j}stored heat. {c02}<Tough Weapon>{/c}",
1026,ガノトトスを模した重弩。{j}その形状から防御にも長けて{j}いる。{c11}≪ＨＣ武器≫{/c},"Heavy Bowgun modeled after Plesioth.{j}Due to its shape, it also excels{j}at defense.{c11}≪HC Weapon≫{/c}"
1027,ガノトトスを模した重弩。{j}その形状から防御にも長けて{j}いる。{c11}≪ＨＣ武器≫{/c},"Heavy Bowgun modeled after Plesioth.{j}Due to its shape, it also excels{j}at defense.{c11}≪HC Weapon≫{/c}"
1028,ガノトトスを模した重弩。{j}その形状から防御にも長けて{j}いる。{c11}≪ＨＣ武器≫{/c},"Heavy Bowgun modeled after Plesioth.{j}Due to its shape, it also excels{j}at defense.{c11}≪HC Weapon≫{/c}"
1029,咆哮のごとく射出される弾丸{j}はクリティカルなダメージを{j}与える。{c11}≪ＨＣ武器≫{/c},Bullets fired like a roar{j}deal{j}critical damage.{c11}≪HC Weapon≫{/c}
1030,咆哮のごとく射出される弾丸{j}はクリティカルなダメージを{j}与える。{c11}≪ＨＣ武器≫{/c},Bullets fired like a roar{j}deal{j}critical damage.{c11}≪HC Weapon≫{/c}
1031,咆哮のごとく射出される弾丸{j}はクリティカルなダメージを{j}与える。{c11}≪ＨＣ武器≫{/c},Bullets fired like a roar{j}deal{j}critical damage.{c11}≪HC Weapon≫{/c}
1032,蛮竜素材の重弩。長時間の{j}使用にも耐え得るこだわり{j}の設計が施されている。,A Heavy Bowgun made from Berserk Dragon materials.{j}It features a meticulous design that withstands{j}even prolonged use.
1033,蛮竜素材の重弩。長時間の{j}使用にも耐え得るこだわり{j}の設計が施されている。,A Heavy Bowgun made from Berserk Dragon materials.{j}It features a meticulous design that withstands{j}even prolonged use.
1034,蛮竜の咆哮を思わせるような{j}強烈な一撃を放つ強化版重弩。{j}{c02}≪剛種武器≫{/c},An upgraded heavy bowgun that fires{j}a powerful shot reminiscent of Abiorugu's roar.{j}{c02}≪Gou Weapon≫{/c}
1035,ディアブロスの素材を用い、{j}通常弾を撃つ事に特化した{j}ヘビィボウガン。,"A Heavy Bowgun specialized for firing{j}Normal Ammo, made using Diablos materials.{j}"
1036,ディアブロスの素材を用い、{j}通常弾を撃つ事に特化した{j}ヘビィボウガン。,"A Heavy Bowgun specialized for firing{j}Normal Ammo, made using Diablos materials.{j}"
1037,通常弾を撃つ事に特化した{j}ヘビィボウガン。その風格は{j}ディアブロスそのもの。,A Heavy Bowgun built solely for firing Normal{j}shots. Its bearing is Diablos itself.{j}
1038,ディアブロス亜種の素材を{j}用い、貫通弾を撃つ事に{j}特化したヘビィボウガン。,A Heavy Bowgun{j}made from Black Diablos materials and{j}built to fire Pierce Shots.
1039,ディアブロス亜種の素材を{j}用い、貫通弾を撃つ事に{j}特化したヘビィボウガン。,A Heavy Bowgun{j}made from Black Diablos materials and{j}built to fire Pierce Shots.
1040,貫通弾を撃つ事に特化した{j}ヘビィボウガン。{j}その威厳はまさに砂漠の死神。,A Heavy Bowgun specialized in firing Pierce S. Its{j}majesty is truly that of the desert's grim reaper.{j}
1041,"Deep red, decoration-covered{j}儀礼用だが実用性も{j}兼ね備えた名工謹製の逸品。","Deep red, decoration-covered for ceremonial use,{j}yet also boasting practicality--a superb piece{j}crafted by a master artisan."
1042,熟練の加工技術を用いて{j}高品質に仕上げられた{j}ヘビィボウガン。,A Heavy Bowgun finished to high quality using{j}skilled craftsmanship.{j}
1043,熟練の加工技術を用いて{j}高品質に仕上げられた{j}ヘビィボウガン。,A Heavy Bowgun finished to high quality using{j}skilled craftsmanship.{j}
1044,熟練の加工技術を用いて{j}高品質に仕上げられた{j}ヘビィボウガン。,A Heavy Bowgun finished to high quality using{j}skilled craftsmanship.{j}
1045,速射と会心率に秀でている。{j}{c03}Rapid fire+:{/c} {c03}Crag S Lv1{/c} &{j}{c03}速射{/c}対応。{c11}≪ＨＣ武器≫{/c},Excels at rapid fire and affinity.{j}{c03}Rapid fire+:{/c}{c03}Crag S Lv1{/c}&{j}{c03}Rapid Fire{/c}capable.{c11}≪HC Weapon≫{/c}
1046,速射と会心率に秀でている。{j}{c03}Rapid fire+:{/c} {c03}Crag S Lv1{/c} &{j}{c03}速射{/c}対応。{c11}≪ＨＣ武器≫{/c},Excels at rapid fire and affinity.{j}{c03}Rapid fire+:{/c}{c03}Crag S Lv1{/c}&{j}{c03}Rapid Fire{/c}capable.{c11}≪HC Weapon≫{/c}
1047,速射と会心率に秀でている。{j}{c03}Rapid fire+:{/c} {c03}Crag S Lv1{/c} &{j}{c03}速射{/c}対応。{c11}≪ＨＣ武器≫{/c},Excels at rapid fire and affinity.{j}{c03}Rapid fire+:{/c}{c03}Crag S Lv1{/c}&{j}{c03}Rapid Fire{/c}capable.{c11}≪HC Weapon≫{/c}
1048,黒狼鳥の頭を模したライトボ{j}ウガン。{c03}LV1 散弾{/c}、{c03}火炎弾{/c}が{j}{c03}速射{/c}対応。{c11}≪ＨＣ武器≫{/c},A Light Bowgun{j}modeled after a Yian Garuga head.{c03}LV1 Pellet S{/c}and{c03}Flame S{/c}can be{j}{c03}rapid-fired{/c}.{c11}≪HC Weapon≫{/c}
1049,黒狼鳥の頭を模したライトボ{j}ウガン。{c03}LV1 散弾{/c}、{c03}火炎弾{/c}が{j}{c03}速射{/c}対応。{c11}≪ＨＣ武器≫{/c},A Light Bowgun{j}modeled after a Yian Garuga head.{c03}LV1 Pellet S{/c}and{c03}Flame S{/c}can be{j}{c03}rapid-fired{/c}.{c11}≪HC Weapon≫{/c}
1050,黒狼鳥の頭を模したライトボ{j}ウガン。{c03}LV1 散弾{/c}、{c03}火炎弾{/c}が{j}{c03}速射{/c}対応。{c11}≪ＨＣ武器≫{/c},A Light Bowgun{j}modeled after a Yian Garuga head.{c03}LV1 Pellet S{/c}and{c03}Flame S{/c}can be{j}{c03}rapid-fired{/c}.{c11}≪HC Weapon≫{/c}
1051,遠方の銃を模した氷狐竜素材{j}の軽銃。{c03}LV1 貫通弾{/c}、{j}{c03}Pierce S Lv1{/c} & {c03}Freeze S{/c}.,"A Light Bowgun made of Ice Fox Dragon material{j}, modeled after a distant gun.{c03}LV1 Pierce S{/c},{j}{c03}Pierce S Lv1{/c}&{c03}Freeze S{/c}."
1052,遠方の銃を模した氷狐竜素材{j}の軽銃。{c03}LV1 貫通弾{/c}、{j}{c03}Pierce S Lv1{/c} & {c03}Freeze S{/c}.,"A Light Bowgun made of Ice Fox Dragon material{j}, modeled after a distant gun.{c03}LV1 Pierce S{/c},{j}{c03}Pierce S Lv1{/c}&{c03}Freeze S{/c}."
1053,氷狐竜素材の軽銃の強化版。{j}{c03}LV1 貫通弾{/c}、{c03}氷結弾{/c}が{j}{c03}Thunder S{/c}. {c02}<Tough Weapon>{/c},"An upgraded version of the Light Bowgun made from Ice Fox Wyvern materials.{j}{c03}LV1 Pierce Ammo{/c},{c03}Freeze Ammo{/c}and{j}{c03}Thunder S{/c}.{c02}<Tough Weapon>{/c}"
1054,Deep-red crossbow covered in{j}decorations. {c03}Rapid fires{/c}{j}{c03}Pierce Lv1{/c} & {c03}Crag S Lv1{/c}.,
1055,貫通弾の弾倉を増やすことで、{j}高火力を実現。{j}{c03}Normal S Lv2{/c} & {c03}Pierce S Lv1{/c}.,"By increasing Pierce S magazine capacity,{j}achieves high firepower.{j}{c03}Normal S Lv2{/c}&{c03}Pierce S Lv1{/c}."
1056,貫通弾の弾倉を増やすことで、{j}高火力を実現。{j}{c03}Normal S Lv2{/c} & {c03}Pierce S Lv1{/c}.,"By increasing Pierce S magazine capacity,{j}achieves high firepower.{j}{c03}Normal S Lv2{/c}&{c03}Pierce S Lv1{/c}."
1057,貫通弾の弾倉を増やすことで、{j}高火力を実現。{j}{c03}Normal S Lv2{/c} & {c03}Pierce S Lv1{/c}.,"By increasing Pierce S magazine capacity,{j}achieves high firepower.{j}{c03}Normal S Lv2{/c}&{c03}Pierce S Lv1{/c}."
1058,拡散弾と徹甲榴弾で対象を{j}爆破するライトボウガン。{j}{c03}Rapid fire:{/c} {c03}Crag S Lv1{/c}.,A Light Bowgun that{j}blasts targets with Spread Shots and Crag Shots.{j}{c03}Rapid fire:{/c}{c03}Crag S Lv1{/c}.
1059,拡散弾と徹甲榴弾で対象を{j}爆破するライトボウガン。{j}{c03}Rapid fire:{/c} {c03}Crag S Lv1{/c}.,A Light Bowgun that{j}blasts targets with Spread Shots and Crag Shots.{j}{c03}Rapid fire:{/c}{c03}Crag S Lv1{/c}.
1060,拡散弾と徹甲榴弾で対象を{j}爆破するライトボウガン。{j}{c03}Rapid fire:{/c} {c03}Crag S Lv1{/c}.,A Light Bowgun that{j}blasts targets with Spread Shots and Crag Shots.{j}{c03}Rapid fire:{/c}{c03}Crag S Lv1{/c}.
1061,その一撃は怒れる炎王龍の{j}咆哮が如く立ちはだかる者{j}を貫く。{c02}≪剛猫武器≫{/c},"Its single blow, like the{j}roar of an enraged Teostra, pierces{j}any who stand in its way.{c02}≪Mighty Felyne Weapon≫{/c}"
1062,その一撃は怒れる炎王龍の{j}咆哮が如く立ちはだかる者{j}を貫く。{c02}≪剛猫武器≫{/c},"Its single blow, like the{j}roar of an enraged Teostra, pierces{j}any who stand in its way.{c02}≪Mighty Felyne Weapon≫{/c}"
1063,ヒプノックの羽を随所に散り{j}ばめた豪華な弓。{j}{c11}≪ＨＣ武器≫{/c},A gorgeous bow scattered{j}with Hypnocatrice feathers throughout.{j}{c11}≪HC Weapon≫{/c}
1064,ヒプノックの羽を随所に散り{j}ばめた豪華な弓。{j}{c11}≪ＨＣ武器≫{/c},A gorgeous bow scattered{j}with Hypnocatrice feathers throughout.{j}{c11}≪HC Weapon≫{/c}
1065,ヒプノックの羽を随所に散り{j}ばめた豪華な弓。{j}{c11}≪ＨＣ武器≫{/c},A gorgeous bow scattered{j}with Hypnocatrice feathers throughout.{j}{c11}≪HC Weapon≫{/c}
1066,ヒプノックの羽を随所に散り{j}ばめた豪華な弓。{j}{c11}≪ＨＣ武器≫{/c},A gorgeous bow scattered{j}with Hypnocatrice feathers throughout.{j}{c11}≪HC Weapon≫{/c}
1067,素材の弾性を最大限に活用し、{j}一度に多くの矢を放つ。{j}{c11}≪ＨＣ武器≫{/c},"Makes the most of the material's elasticity,{j}firing many arrows at once.{j}{c11}≪HC Weapon≫{/c}"
1068,素材の弾性を最大限に活用し、{j}一度に多くの矢を放つ。{j}{c11}≪ＨＣ武器≫{/c},"Makes the most of the material's elasticity,{j}firing many arrows at once.{j}{c11}≪HC Weapon≫{/c}"
1069,素材の弾性を最大限に活用し、{j}一度に多くの矢を放つ。{j}{c11}≪ＨＣ武器≫{/c},"Makes the most of the material's elasticity,{j}firing many arrows at once.{j}{c11}≪HC Weapon≫{/c}"
1070,素材の弾性を最大限に活用し、{j}一度に多くの矢を放つ。{j}{c11}≪ＨＣ武器≫{/c},"Makes the most of the material's elasticity,{j}firing many arrows at once.{j}{c11}≪HC Weapon≫{/c}"
1071,混合素材で弓身を補強し{j}耐久度を大幅に増強した{j}雷属性の狩猟用弓。,"A hunting bow with the Thunder element, its limbs{j}reinforced with composite materials to greatly{j}boost durability."
1072,混合素材で弓身を補強し{j}耐久度を大幅に増強した{j}雷属性の狩猟用弓。,"A hunting bow with the Thunder element, its limbs{j}reinforced with composite materials to greatly{j}boost durability."
1073,混合素材で弓身を補強し{j}耐久度を大幅に増強した{j}雷属性の狩猟用弓。,"A hunting bow with the Thunder element, its limbs{j}reinforced with composite materials to greatly{j}boost durability."
1074,混合素材で弓身を補強し{j}耐久度を大幅に増強した{j}雷属性の狩猟用弓。,"A hunting bow with the Thunder element, its limbs{j}reinforced with composite materials to greatly{j}boost durability."
1075,混合素材で弓身を補強し{j}耐久度を大幅に増強した{j}龍属性の狩猟用弓。,"A Dragon element hunting Bow reinforced with{j}composite materials, greatly increasing its{j}durability."
1076,混合素材で弓身を補強し{j}耐久度を大幅に増強した{j}龍属性の狩猟用弓。,"A Dragon element hunting Bow reinforced with{j}composite materials, greatly increasing its{j}durability."
1077,混合素材で弓身を補強し{j}耐久度を大幅に増強した{j}龍属性の狩猟用弓。,"A Dragon element hunting Bow reinforced with{j}composite materials, greatly increasing its{j}durability."
1078,混合素材で弓身を補強し{j}耐久度を大幅に増強した{j}龍属性の狩猟用弓。,"A Dragon element hunting Bow reinforced with{j}composite materials, greatly increasing its{j}durability."
1079,特定の状況下での狩猟に特化{j}させる為、属性値を極限まで{j}高めた異色の弓。,A unique Bow that has had its elemental value{j}raised to the limit in order to specialize it for{j}hunting under specific circumstances.
1080,特定の状況下での狩猟に特化{j}させる為、属性値を極限まで{j}高めた異色の弓。,A unique Bow that has had its elemental value{j}raised to the limit in order to specialize it for{j}hunting under specific circumstances.
1081,特定の状況下での狩猟に特化{j}させる為、属性値を極限まで{j}高めた異色の弓。,A unique Bow that has had its elemental value{j}raised to the limit in order to specialize it for{j}hunting under specific circumstances.
1082,特定の状況下での狩猟に特化{j}させる為、属性値を極限まで{j}高めた異色の弓。,A unique Bow that has had its elemental value{j}raised to the limit in order to specialize it for{j}hunting under specific circumstances.
1083,特定の状況下での狩猟に特化{j}させる為、属性値を極限まで{j}高めた異色の弓。,A unique Bow that has had its elemental value{j}raised to the limit in order to specialize it for{j}hunting under specific circumstances.
1084,特定の状況下での狩猟に特化{j}させる為、属性値を極限まで{j}高めた異色の弓。,A unique Bow that has had its elemental value{j}raised to the limit in order to specialize it for{j}hunting under specific circumstances.
1085,特定の状況下での狩猟に特化{j}させる為、属性値を極限まで{j}高めた異色の弓。,A unique Bow that has had its elemental value{j}raised to the limit in order to specialize it for{j}hunting under specific circumstances.
1086,特定の状況下での狩猟に特化{j}させる為、属性値を極限まで{j}高めた異色の弓。,A unique Bow that has had its elemental value{j}raised to the limit in order to specialize it for{j}hunting under specific circumstances.
1087,特定の状況下での狩猟に特化{j}させる為、属性値を極限まで{j}高めた異色の弓。,A unique Bow that has had its elemental value{j}raised to the limit in order to specialize it for{j}hunting under specific circumstances.
1088,特定の状況下での狩猟に特化{j}させる為、属性値を極限まで{j}高めた異色の弓。,A unique Bow that has had its elemental value{j}raised to the limit in order to specialize it for{j}hunting under specific circumstances.
1089,特定の状況下での狩猟に特化{j}させる為、属性値を極限まで{j}高めた異色の弓。,A unique Bow that has had its elemental value{j}raised to the limit in order to specialize it for{j}hunting under specific circumstances.
1090,特定の状況下での狩猟に特化{j}させる為、属性値を極限まで{j}高めた異色の弓。,A unique Bow that has had its elemental value{j}raised to the limit in order to specialize it for{j}hunting under specific circumstances.
1091,装飾の施された深紅の弓。{j}儀礼用だが実用性も{j}兼ね備えた名工謹製の逸品。,An ornamented deep crimson Bow. A ceremonial piece{j}that also boasts practicality--a masterpiece by a{j}master craftsman.
1092,装飾の施された深紅の弓。{j}儀礼用だが実用性も{j}兼ね備えた名工謹製の逸品。,An ornamented deep crimson Bow. A ceremonial piece{j}that also boasts practicality--a masterpiece by a{j}master craftsman.
1093,装飾の施された深紅の弓。{j}儀礼用だが実用性も{j}兼ね備えた名工謹製の逸品。,An ornamented deep crimson Bow. A ceremonial piece{j}that also boasts practicality--a masterpiece by a{j}master craftsman.
1094,装飾の施された深紅の弓。{j}儀礼用だが実用性も{j}兼ね備えた名工謹製の逸品。,An ornamented deep crimson Bow. A ceremonial piece{j}that also boasts practicality--a masterpiece by a{j}master craftsman.
1095,装飾の施された深紅の弓。{j}儀礼用だが実用性も{j}兼ね備えた名工謹製の逸品。,An ornamented deep crimson Bow. A ceremonial piece{j}that also boasts practicality--a masterpiece by a{j}master craftsman.
1096,"Based on the Steel Raven,{j}this Bow was redeveloped{j}using a different mineral.",
1097,"Based on the Steel Raven,{j}this Bow was redeveloped{j}using a different mineral.",
1098,"Based on the Steel Raven,{j}this Bow was redeveloped{j}using a different mineral.",
1099,"Based on the Steel Raven,{j}this Bow was redeveloped{j}using a different mineral.",
1100,"Based on the Steel Raven,{j}this Bow was redeveloped{j}using a different mineral.",
1101,一瞬のひらめきと伝統技術が{j}見事に融合した弓。{j}設計者の魂がこもった名作。,A Bow in which a flash of inspiration and{j}traditional craft are beautifully fused. A{j}masterpiece imbued with the designer's soul.
1102,一瞬のひらめきと伝統技術が{j}見事に融合した弓。{j}設計者の魂がこもった名作。,A Bow in which a flash of inspiration and{j}traditional craft are beautifully fused. A{j}masterpiece imbued with the designer's soul.
1103,一瞬のひらめきと伝統技術が{j}見事に融合した弓。{j}設計者の魂がこもった名作。,A Bow in which a flash of inspiration and{j}traditional craft are beautifully fused. A{j}masterpiece imbued with the designer's soul.
1104,一瞬のひらめきと伝統技術が{j}見事に融合した弓。{j}設計者の魂がこもった名作。,A Bow in which a flash of inspiration and{j}traditional craft are beautifully fused. A{j}masterpiece imbued with the designer's soul.
1105,その一撃は怒れる炎王龍の{j}咆哮が如く立ちはだかる者{j}を貫く。{c02}≪剛猫武器≫{/c},"Its single blow, like the{j}roar of an enraged Teostra, pierces{j}any who stand in its way.{c02}≪Mighty Felyne Weapon≫{/c}"
1106,一度手にすると心が奪われ、{j}二度と手放せないと言われる。{j}{c02}≪剛種武器≫{/c},"Said to steal your heart once held,{j}never to be released again.{j}{c02}≪Gou Weapon≫{/c}"
1107,熟練のガンナーが手にすると、{j}砲撃が怒りのごとく獲物に{j}襲い掛かる。{c11}≪ＨＣ武器≫{/c},"In the hands of a skilled gunner,{j}its shots{j}rain down on prey like fury.{c11}≪HC Weapon≫{/c}"
1108,熟練のガンナーが手にすると、{j}砲撃が怒りのごとく獲物に{j}襲い掛かる。{c11}≪ＨＣ武器≫{/c},"In the hands of a skilled gunner,{j}its shots{j}rain down on prey like fury.{c11}≪HC Weapon≫{/c}"
1109,熟練のガンナーが手にすると、{j}砲撃が怒りのごとく獲物に{j}襲い掛かる。{c11}≪ＨＣ武器≫{/c},"In the hands of a skilled gunner,{j}its shots{j}rain down on prey like fury.{c11}≪HC Weapon≫{/c}"
1110,A precious white crossbow{j}covered in decorations.,
1111,A precious white crossbow{j}covered in decorations.,
1112,A precious white crossbow{j}covered in decorations.,
1113,A precious black crossbow{j}covered in decorations.,
1114,A precious black crossbow{j}covered in decorations.,
1115,A precious black crossbow{j}covered in decorations.,
1116,"Based on the Steel Puffer,{j}this Bowgun was redeveloped{j}開発されたへビィボウガン。","Based on the Steel Puffer,{j}this Bowgun was redeveloped.{j}A Heavy Bowgun developed from it."
1117,"Based on the Steel Puffer,{j}this Bowgun was redeveloped{j}開発されたへビィボウガン。","Based on the Steel Puffer,{j}this Bowgun was redeveloped.{j}A Heavy Bowgun developed from it."
1118,"Based on the Steel Puffer,{j}this Bowgun was redeveloped{j}開発されたへビィボウガン。","Based on the Steel Puffer,{j}this Bowgun was redeveloped.{j}A Heavy Bowgun developed from it."
1119,"Based on the Steel Puffer,{j}this Bowgun was redeveloped{j}開発されたへビィボウガン。","Based on the Steel Puffer,{j}this Bowgun was redeveloped.{j}A Heavy Bowgun developed from it."
1120,頑丈かつ軽量な特殊合金を{j}使用することにより、威力と{j}汎用性を両立した逸品。,"A masterpiece that, by using a sturdy and{j}lightweight special alloy, achieves both power and{j}versatility."
1121,頑丈かつ軽量な特殊合金を{j}使用することにより、威力と{j}汎用性を両立した逸品。,"A masterpiece that, by using a sturdy and{j}lightweight special alloy, achieves both power and{j}versatility."
1122,頑丈かつ軽量な特殊合金を{j}使用することにより、威力と{j}汎用性を両立した逸品。,"A masterpiece that, by using a sturdy and{j}lightweight special alloy, achieves both power and{j}versatility."
1123,頑丈かつ軽量な特殊合金を{j}使用することにより、威力と{j}属性弾装填数を両立した逸品。,"A masterpiece that, by using a sturdy and{j}lightweight special alloy, achieves both power and{j}elemental shot capacity."
1124,頑丈かつ軽量な特殊合金を{j}使用することにより、威力と{j}属性弾装填数を両立した逸品。,"A masterpiece that, by using a sturdy and{j}lightweight special alloy, achieves both power and{j}elemental shot capacity."
1125,頑丈かつ軽量な特殊合金を{j}使用することにより、威力と{j}属性弾装填数を両立した逸品。,"A masterpiece that, by using a sturdy and{j}lightweight special alloy, achieves both power and{j}elemental shot capacity."
1126,極龍の力を具現する軽銃。苛烈{j}な砲撃と獲物の怨嗟の声が響き{j}渡る。{c03}LV1 貫通弾{/c}が{c03}速射{/c}対応。,A Light Bowgun that embodies the power of the Extreme Dragon. Fierce{j}bombardment and the resentful cries of its prey echo far and wide.{j}{c03}LV1 Pierce Ammo{/c}supports{c03}Rapid Fire{/c}.
1127,極龍の力を具現する軽銃。引き{j}金が獲物に永遠の静寂を約束す{j}る。{c03}LV1 貫通弾{/c}が{c03}速射{/c}対応。,A Light Bowgun that embodies the power of the Extreme Dragon. Its{j}trigger promises its prey eternal silence.{j}{c03}LV1 Pierce Ammo{/c}supports{c03}Rapid Fire{/c}.
1128,極龍の力を具現する軽銃。嵐を{j}招き焦土を残す。{c03}LV1 貫通弾{/c}が{j}{c03}Thunder S{/c}. {c02}<Tough Weapon>{/c},A Light Bowgun that embodies the power of the Extreme Dragon. It{j}summons storms and leaves scorched earth behind.{c03}LV1 Pierce Ammo{/c}is{j}{c03}Thunder S{/c}.{c02}<Tough Weapon>{/c}
1129,熟練のガンナー垂涎の一品。{j}{c03}Normal S Lv2{/c} & {c03}Pierce S Lv1{/c}.{j}{c11}≪ＨＣWeapon≫{/c},A coveted prize for skilled gunners.{j}{c03}Normal S Lv2{/c}&{c03}Pierce S Lv1{/c}.{j}{c11}≪HC Weapon≫{/c}
1130,熟練のガンナー垂涎の一品。{j}{c03}Normal S Lv2{/c} & {c03}Pierce S Lv1{/c}.{j}{c11}≪ＨＣWeapon≫{/c},A coveted prize for skilled gunners.{j}{c03}Normal S Lv2{/c}&{c03}Pierce S Lv1{/c}.{j}{c11}≪HC Weapon≫{/c}
1131,熟練のガンナー垂涎の一品。{j}{c03}Normal S Lv2{/c} & {c03}Pierce S Lv1{/c}.{j}{c11}≪ＨＣWeapon≫{/c},A coveted prize for skilled gunners.{j}{c03}Normal S Lv2{/c}&{c03}Pierce S Lv1{/c}.{j}{c11}≪HC Weapon≫{/c}
1132,Final version of a protoype{j}{c03}速射{/c}対応。新たに発見された{j}設計図から製作した秘密兵器。,Final version of a prototype{j}{c03}capable of rapid fire{/c}. A secret weapon crafted from a newly discovered{j}blueprint.
1133,並々ならぬ情熱をそそがれて{j}生産された華麗な軽弩。{j}{c03}Rapid fires{/c} {c03}Normal S Lv2{/c}.,A gorgeous Light Bowgun{j}produced with extraordinary passion.{j}{c03}Rapid fires{/c}{c03}Normal S Lv2{/c}.
1134,並々ならぬ情熱をそそがれて{j}生産された華麗な軽弩。{j}{c03}Rapid fires{/c} {c03}Pierce S Lv1{/c}.,A gorgeous Light Bowgun{j}produced with extraordinary passion.{j}{c03}Rapid fires{/c}{c03}Pierce S Lv1{/c}.
1135,多大な情熱をそそがれて生産{j}された華麗な軽弩。{c03}火炎弾{/c}、{j}{c03}Pierce S Lv1{/c} & {c03}Flaming S{/c}.,"A gorgeous Light Bowgun produced{j}with great passion.{c03}Flaming S{/c},{j}{c03}Pierce S Lv1{/c}&{c03}Flaming S{/c}."
1136,蛮竜素材を使った弓。{j}蛮竜の荒ぶる力を体現したと{j}言われる。,A Bow made from Berserk Dragon materials. It is{j}said to embody the raging power{j}of the Berserk Dragon.
1137,蛮竜素材を使った弓。{j}蛮竜の荒ぶる力を体現したと{j}言われる。,A Bow made from Berserk Dragon materials. It is{j}said to embody the raging power{j}of the Berserk Dragon.
1138,蛮竜素材を使った弓。{j}蛮竜の荒ぶる力を体現したと{j}言われる。,A Bow made from Berserk Dragon materials. It is{j}said to embody the raging power{j}of the Berserk Dragon.
1139,蛮竜素材を使った弓。{j}持ち手に蛮竜の荒ぶる力を{j}授ける。{c02}≪剛種武器≫{/c},A Bow made from Berserk Dragon materials.{j}It bestows upon its wielder the raging power of{j}the Berserk Dragon.{c02}≪Gou Weapon≫{/c}
1140,蛮竜素材を使った弓。{j}持ち手に蛮竜の荒ぶる力を{j}授ける。{c02}≪剛種武器≫{/c},A Bow made from Berserk Dragon materials.{j}It bestows upon its wielder the raging power of{j}the Berserk Dragon.{c02}≪Gou Weapon≫{/c}
1141,矢を射るたびに、素材と{j}なったモンスターの脈動が{j}感じられる。{c11}≪ＨＣ武器≫{/c},"With each arrow loosed, the pulse of the Monster that became{j}material can be{j}felt.{c11}≪HC Weapon≫{/c}"
1142,矢を射るたびに、素材と{j}なったモンスターの脈動が{j}感じられる。{c11}≪ＨＣ武器≫{/c},"With each arrow loosed, the pulse of the Monster that became{j}material can be{j}felt.{c11}≪HC Weapon≫{/c}"
1143,矢を射るたびに、素材と{j}なったモンスターの脈動が{j}感じられる。{c11}≪ＨＣ武器≫{/c},"With each arrow loosed, the pulse of the Monster that became{j}material can be{j}felt.{c11}≪HC Weapon≫{/c}"
1144,矢を射るたびに、素材と{j}なったモンスターの脈動が{j}感じられる。{c11}≪ＨＣ武器≫{/c},"With each arrow loosed, the pulse of the Monster that became{j}material can be{j}felt.{c11}≪HC Weapon≫{/c}"
1145,アローレストに矢の破壊力を{j}増幅させる工夫が施された機{j}械仕込みの鉄弓。,An iron bow engineered with a me chanical device at{j}the arrow rest that amplifies arrow destructive{j}power by.
1146,アローレストに矢の破壊力を{j}増幅させる工夫が施された機{j}械仕込みの鉄弓。,An iron bow engineered with a me chanical device at{j}the arrow rest that amplifies arrow destructive{j}power by.
1147,アローレストに矢の破壊力を{j}増幅させる工夫が施された機{j}械仕込みの鉄弓。,An iron bow engineered with a me chanical device at{j}the arrow rest that amplifies arrow destructive{j}power by.
1148,アローレストに矢の破壊力を{j}増幅させる工夫が施された機{j}械仕込みの鉄弓。,An iron bow engineered with a me chanical device at{j}the arrow rest that amplifies arrow destructive{j}power by.
1149,打ち上げ花火用の大筒を重砲{j}に改造。弾を撃つことで、{j}モンスターが花火になる。,A fireworks mortar converted{j}into a heavy cannon. Firing a shot{j}turns Monsters into fireworks.
1150,打ち上げ花火用の大筒を重砲{j}に改造。弾を撃つことで、{j}モンスターが花火になる。,A fireworks mortar converted{j}into a heavy cannon. Firing a shot{j}turns Monsters into fireworks.
1151,打ち上げ花火用の大筒を重砲{j}に改造。弾を撃つことで、{j}モンスターが花火になる。,A fireworks mortar converted{j}into a heavy cannon. Firing a shot{j}turns Monsters into fireworks.
1152,鋼龍素材のヘビィボウガン。{j}定石を破る加工方法を用いて{j}会心率を高めることに成功。,"Heavy Bowgun made from Kushala Daora materials.{j}Using an unconventional processing method,{j}it succeeded in raising affinity."
1153,鋼龍素材のヘビィボウガン。{j}定石を破る加工方法を用いて{j}会心率を高めることに成功。,"Heavy Bowgun made from Kushala Daora materials.{j}Using an unconventional processing method,{j}it succeeded in raising affinity."
1154,鋼龍素材のヘビィボウガン。{j}定石を破る加工方法を用いて{j}会心率を高めることに成功。,"Heavy Bowgun made from Kushala Daora materials.{j}Using an unconventional processing method,{j}it succeeded in raising affinity."
1155,"Deep red, decoration-covered{j}punch. A precious weapon.",
1156,"Deep red, decoration-covered{j}punch. A precious weapon.",
1157,"Deep red, decoration-covered{j}punch. A precious weapon.",
1158,"Deep red, decoration-covered{j}punch. A precious weapon.",
1159,洗練されたデザインを元に{j}設計された軽弩。{c03}火炎弾{/c}、{j}{c03}LV1 通常弾{/c}が{c03}速射{/c}対応。,A Light Bowgun{j}designed based on a refined design.{c03}Flame S{/c}and{j}{c03}LV1 Normal S{/c}{c03}support Rapid Fire{/c}.
1160,洗練されたデザインを元に{j}設計された軽弩。{c03}火炎弾{/c}、{j}{c03}Rapid fire:{/c} {c03}Crag S Lv1{/c}.,"A Light Bowgun{j}designed based on a refined design.{c03}Flame S{/c},{j}{c03}Rapid fire:{/c}{c03}Crag S Lv1{/c}."
1161,洗練されたデザインを元に{j}設計された軽弩。{c03}電撃弾{/c}、{j}{c03}Rapid fires{/c} {c03}Normal S Lv2{/c}.,"A Light Bowgun{j}designed based on a refined design.{c03}Thunder S{/c},{j}{c03}Rapid fires{/c}{c03}Normal S Lv2{/c}."
1162,子供の思いつきをヒントに{j}設計された武器。{c03}LV1 散弾{/c}と{j}{c03}水冷弾{/c}の{c03}速射{/c}が可能。,A{j}weapon designed with a child's idea as inspiration.{c03}{c03}Rapid Fire{/c}of LV1 Spread{/c}and{j}{c03}Water S{/c}is possible.
1163,子供の思いつきをヒントに{j}設計された武器。{c03}LV1 散弾{/c}と{j}{c03}水冷弾{/c}の{c03}速射{/c}が可能。,A{j}weapon designed with a child's idea as inspiration.{c03}{c03}Rapid Fire{/c}of LV1 Spread{/c}and{j}{c03}Water S{/c}is possible.
1164,子供の思いつきをヒントに{j}設計された武器。{c03}LV1 散弾{/c}と{j}{c03}水冷弾{/c}の{c03}速射{/c}が可能。,A{j}weapon designed with a child's idea as inspiration.{c03}{c03}Rapid Fire{/c}of LV1 Spread{/c}and{j}{c03}Water S{/c}is possible.
1165,子供の思いつきをヒントに{j}設計された武器。{c03}火炎弾{/c}、{j}{c03}電撃弾{/c}、{c03}氷結弾{/c}の{c03}速射{/c}が可能。,"A{j}weapon designed with a child's idea as inspiration.{c03}{c03}Rapid Fire{/c}of Flame S{/c},{j}{c03}Thunder S{/c}, and{c03}Freeze S{/c}is possible."
1166,子供の思いつきをヒントに{j}設計された武器。{c03}火炎弾{/c}、{j}{c03}電撃弾{/c}、{c03}氷結弾{/c}の{c03}速射{/c}が可能。,"A{j}weapon designed with a child's idea as inspiration.{c03}{c03}Rapid Fire{/c}of Flame S{/c},{j}{c03}Thunder S{/c}, and{c03}Freeze S{/c}is possible."
1167,子供の思いつきをヒントに{j}設計された武器。{c03}火炎弾{/c}、{j}{c03}電撃弾{/c}、{c03}氷結弾{/c}の{c03}速射{/c}が可能。,"A{j}weapon designed with a child's idea as inspiration.{c03}{c03}Rapid Fire{/c}of Flame S{/c},{j}{c03}Thunder S{/c}, and{c03}Freeze S{/c}is possible."
1168,A Steel Cree remade with a{j}金属でリメイク。{c03}LV2 通常弾{/c}{j}{c03}Normal S Lv2{/c} & {c03}Pierce S Lv1{/c}.,A Steel Cree remade with a{j}metal remake.{c03}LV2 Normal S{/c}{j}{c03}Normal S Lv2{/c}&{c03}Pierce S Lv1{/c}.
1169,A Steel Cree remade with a{j}金属でリメイク。{c03}LV2 通常弾{/c}{j}{c03}Normal S Lv2{/c} & {c03}Pierce S Lv1{/c}.,A Steel Cree remade with a{j}metal remake.{c03}LV2 Normal S{/c}{j}{c03}Normal S Lv2{/c}&{c03}Pierce S Lv1{/c}.
1170,A Steel Cree remade with a{j}金属でリメイク。{c03}LV2 通常弾{/c}{j}{c03}Normal S Lv2{/c} & {c03}Pierce S Lv1{/c}.,A Steel Cree remade with a{j}metal remake.{c03}LV2 Normal S{/c}{j}{c03}Normal S Lv2{/c}&{c03}Pierce S Lv1{/c}.
1171,A Steel Cree remade with a{j}金属でリメイク。{c03}LV2 通常弾{/c}{j}{c03}Normal S Lv2{/c} & {c03}Pierce S Lv1{/c}.,A Steel Cree remade with a{j}metal remake.{c03}LV2 Normal S{/c}{j}{c03}Normal S Lv2{/c}&{c03}Pierce S Lv1{/c}.
1172,A higly decorative and rare{j}bow that combines beauty{j}and practicality.,
1173,A higly decorative and rare{j}bow that combines beauty{j}and practicality.,
1174,A higly decorative and rare{j}bow that combines beauty{j}and practicality.,
1175,A higly decorative and rare{j}bow that combines beauty{j}and practicality.,
1176,A higly decorative and rare{j}bow that combines beauty{j}and practicality. {c16}≪Master's Mark≫{/c},
1177,"A Black Bow, covered in{j}decorations, that combines{j}beauty and practicality.",
1178,"A Black Bow, covered in{j}decorations, that combines{j}beauty and practicality.",
1179,"A Black Bow, covered in{j}decorations, that combines{j}beauty and practicality.",
1180,"A Black Bow, covered in{j}decorations, that combines{j}beauty and practicality.",
1181,"A Black Bow, covered in{j}decorations, that combines{j}and practicality. {c16}≪Master's Mark≫{/c}",
1182,この弓から放たれた矢は、{j}肉や骨の硬さに関係なく、{j}瞬く間にモンスターを貫く。,"The arrows fired from this Bow,{j}regardless of the hardness of flesh or bone,{j}pierce monsters in an instant."
1183,この弓から放たれた矢は、{j}肉や骨の硬さに関係なく、{j}瞬く間にモンスターを貫く。,"The arrows fired from this Bow,{j}regardless of the hardness of flesh or bone,{j}pierce monsters in an instant."
1184,この弓から放たれた矢は、{j}肉や骨の硬さに関係なく、{j}瞬く間にモンスターを貫く。,"The arrows fired from this Bow,{j}regardless of the hardness of flesh or bone,{j}pierce monsters in an instant."
1185,高速で矢を射出することで、{j}モンスターに風穴を開ける{j}貫通弓。弓の重量は軽い。,"By firing arrows at high speed, this piercing Bow{j}opens holes in Monsters.{j}The Bow is lightweight."
1186,藍色の木で製作した弓。{j}氷結された矢は肉を裂きなが{j}らモンスターを貫く。,A bow made from indigo wood.{j}Its frozen arrows tear through flesh as{j}they pierce the monster.
1187,藍色の木で製作した弓。{j}氷結された矢は肉を裂きなが{j}らモンスターを貫く。,A bow made from indigo wood.{j}Its frozen arrows tear through flesh as{j}they pierce the monster.
1188,藍色の木で製作した弓。{j}氷結された矢は肉を裂きなが{j}らモンスターを貫く。,A bow made from indigo wood.{j}Its frozen arrows tear through flesh as{j}they pierce the monster.
1189,藍色の木で製作した弓。{j}氷結された矢は肉を裂きなが{j}らモンスターを貫く。,A bow made from indigo wood.{j}Its frozen arrows tear through flesh as{j}they pierce the monster.
1190,水属性の貫通弓。この弓を{j}使うと通り雨が止むぐらいの{j}時間で狩りが終わるらしい。,"A Water element Pierce Bow. If you use{j}this bow, a hunt apparently ends in about the time{j}it takes a passing shower to stop."
1191,水属性の貫通弓。この弓を{j}使うと通り雨が止むぐらいの{j}時間で狩りが終わるらしい。,"A Water element Pierce Bow. If you use{j}this bow, a hunt apparently ends in about the time{j}it takes a passing shower to stop."
1192,水属性の貫通弓。この弓を{j}使うと通り雨が止むぐらいの{j}時間で狩りが終わるらしい。,"A Water element Pierce Bow. If you use{j}this bow, a hunt apparently ends in about the time{j}it takes a passing shower to stop."
1193,水属性の貫通弓。この弓を{j}使うと通り雨が止むぐらいの{j}時間で狩りが終わるらしい。,"A Water element Pierce Bow. If you use{j}this bow, a hunt apparently ends in about the time{j}it takes a passing shower to stop."
1194,緋色の木で製作した弓。{j}炎を纏いながら放たれる矢は、{j}肉を焦がしながら貫く。,"A Bow crafted from scarlet wood. The arrows it{j}looses, clad in flame, pierce through as they sear{j}flesh."
1195,緋色の木で製作した弓。{j}炎を纏いながら放たれる矢は、{j}肉を焦がしながら貫く。,"A Bow crafted from scarlet wood. The arrows it{j}looses, clad in flame, pierce through as they sear{j}flesh."
1196,緋色の木で製作した弓。{j}炎を纏いながら放たれる矢は、{j}肉を焦がしながら貫く。,"A Bow crafted from scarlet wood. The arrows it{j}looses, clad in flame, pierce through as they sear{j}flesh."
1197,緋色の木で製作した弓。{j}炎を纏いながら放たれる矢は、{j}肉を焦がしながら貫く。,"A Bow crafted from scarlet wood. The arrows it{j}looses, clad in flame, pierce through as they sear{j}flesh."
1198,雷の力を利用して、射出後の{j}矢を加速させることで、高い{j}貫通性能を実現させた。,"By using the power of lightning to accelerate the arrow {{j}}after firing, it achieves high {{j}}piercing performance."
1199,雷の力を利用して、射出後の{j}矢を加速させることで、高い{j}貫通性能を実現させた。,"By using the power of lightning to accelerate the arrow {{j}}after firing, it achieves high {{j}}piercing performance."
1200,雷の力を利用して、射出後の{j}矢を加速させることで、高い{j}貫通性能を実現させた。,"By using the power of lightning to accelerate the arrow {{j}}after firing, it achieves high {{j}}piercing performance."
1201,雷の力を利用して、射出後の{j}矢を加速させることで、高い{j}貫通性能を実現させた。,"By using the power of lightning to accelerate the arrow {{j}}after firing, it achieves high {{j}}piercing performance."
1202,昔のハンターが狩りに使用し{j}ていた木製の弓。ある素材を{j}用いることで生産可能になる。,A wooden bow that hunters of old once used{j}for hunting. It can be produced{j}by using a certain material.
1203,昔のハンターが狩りに使用し{j}ていた木製の弓。高性能な矢{j}と龍属性でモンスターを貫く。,"A wooden bow that hunters of old once used{j}for hunting. With high-performance arrows{j}and the Dragon element, it pierces monsters."
1204,昔のハンターが狩りに使用し{j}ていた木製の弓。高性能な矢{j}と龍属性でモンスターを貫く。,"A wooden bow that hunters of old once used{j}for hunting. With high-performance arrows{j}and the Dragon element, it pierces monsters."
1205,昔のハンターが狩りに使用し{j}ていた木製の弓。高性能な矢{j}と龍属性でモンスターを貫く。,"A wooden bow that hunters of old once used{j}for hunting. With high-performance arrows{j}and the Dragon element, it pierces monsters."
1206,天より与えられし弓。{j}未知なる力を吸収し成長する。{j}氷属性。{c05}≪進化武器≫{/c},A Bow bestowed by the heavens.{j}Absorbs unknown power and grows.{j}Ice element.{c05}≪Evolution Weapon≫{/c}
1207,天より与えられし弓。{j}未知なる力を吸収し成長する。{j}氷属性。{c05}≪進化武器≫{/c},A Bow bestowed by the heavens.{j}Absorbs unknown power and grows.{j}Ice element.{c05}≪Evolution Weapon≫{/c}
1208,天より与えられし弓。{j}未知なる力を吸収し成長する。{j}氷属性。{c05}≪進化武器≫{/c},A Bow bestowed by the heavens.{j}Absorbs unknown power and grows.{j}Ice element.{c05}≪Evolution Weapon≫{/c}
1209,工房の巨大な治具の一種を{j}そのまま弓の機構に応用。{j}職人の探究心が光る至高の品。,A type of giant jig from the Workshop was applied{j}directly to the mechanism of a Bow. A supreme piece{j}that shines with the artisan's inquisitive spirit.
1210,工房の巨大な治具の一種を{j}そのまま弓の機構に応用。{j}職人の探究心が光る至高の品。,A type of giant jig from the Workshop was applied{j}directly to the mechanism of a Bow. A supreme piece{j}that shines with the artisan's inquisitive spirit.
1211,工房の巨大な治具の一種を{j}そのまま弓の機構に応用。{j}職人の探究心が光る至高の品。,A type of giant jig from the Workshop was applied{j}directly to the mechanism of a Bow. A supreme piece{j}that shines with the artisan's inquisitive spirit.
1212,工房の巨大な治具の一種を{j}そのまま弓の機構に応用。{j}職人の探究心が光る至高の品。,A type of giant jig from the Workshop was applied{j}directly to the mechanism of a Bow. A supreme piece{j}that shines with the artisan's inquisitive spirit.
1213,工房の巨大な治具の一種を{j}そのまま弓の機構に応用。{j}職人の汗と涙が光る至高の品。,A type of giant jig from the Workshop was applied{j}directly to the mechanism of a Bow. A supreme piece{j}that shines with the artisan's sweat and tears.
1214,工房の巨大な治具の一種を{j}そのまま弓の機構に応用。{j}職人の汗と涙が光る至高の品。,A type of giant jig from the Workshop was applied{j}directly to the mechanism of a Bow. A supreme piece{j}that shines with the artisan's sweat and tears.
1215,工房の巨大な治具の一種を{j}そのまま弓の機構に応用。{j}職人の汗と涙が光る至高の品。,A type of giant jig from the Workshop was applied{j}directly to the mechanism of a Bow. A supreme piece{j}that shines with the artisan's sweat and tears.
1216,工房の巨大な治具の一種を{j}そのまま弓の機構に応用。{j}職人の汗と涙が光る至高の品。,A type of giant jig from the Workshop was applied{j}directly to the mechanism of a Bow. A supreme piece{j}that shines with the artisan's sweat and tears.
1217,A higly decorative and rare{j}bow that combines beauty{j}and practicality. {c16}≪Master's Mark≫{/c},
1218,"A Black Bow, covered in{j}decorations, that combines{j}and practicality. {c16}≪Master's Mark≫{/c}",
1219,Jet-black Bow given to those{j}who overcome their{j}決して折れない。{c16}≪親方印≫{/c},Jet-black Bow given to those{j}who overcome their{j}It will never break.{c16}≪Master Mark≫{/c}
1220,常人には理解不能な新理論を{j}応用し、超高密度の帯電蒸気{j}を矢と共に放つ。{c16}≪親方印≫{/c},"Applying a new theory beyond ordinary comprehension,{j}it fires ultra-high-density charged steam{j}together with its arrows.{c16}≪Master Mark≫{/c}"
1221,"装飾の施された銀色の重弩。{j}decorations, that combines{j}beauty and practicality.",A silver Heavy Bowgun adorned with decorations.{j}A piece that combines{j}beauty and practicality.
1222,"装飾の施された銀色の重弩。{j}decorations, that combines{j}beauty and practicality.",A silver Heavy Bowgun adorned with decorations.{j}A piece that combines{j}beauty and practicality.
1223,"装飾の施された銀色の重弩。{j}decorations, that combines{j}beauty and practicality.",A silver Heavy Bowgun adorned with decorations.{j}A piece that combines{j}beauty and practicality.
1224,"装飾の施された銀色の重弩。{j}decorations, that combines{j}and practicality. {c16}≪Master's Mark≫{/c}",A silver Heavy Bowgun adorned with decorations.{j}A piece that combines{j}beauty and practicality.{c16}≪Master's Mark≫{/c}
1225,装飾の施された銀色の軽弩。{j}名工謹製の逸品。{c03}火炎弾{/c}、{j}{c03}Thunder S{/c}.,A silver Light Bowgun adorned with ornamentation.{j}A masterpiece by a master craftsman.{c03}Flaming S{/c}and{j}{c03}Thunder S{/c}.
1226,装飾の施された銀色の軽弩。{j}名工謹製の逸品。{c03}火炎弾{/c}、{j}{c03}Thunder S{/c}.,A silver Light Bowgun adorned with ornamentation.{j}A masterpiece by a master craftsman.{c03}Flaming S{/c}and{j}{c03}Thunder S{/c}.
1227,装飾の施された銀色の軽弩。{j}名工謹製の逸品。{c03}火炎弾{/c}、{j}{c03}Thunder S{/c}.,A silver Light Bowgun adorned with ornamentation.{j}A masterpiece by a master craftsman.{c03}Flaming S{/c}and{j}{c03}Thunder S{/c}.
1228,装飾の施された銀色の軽弩。{j}{c03}火炎弾{/c}、{c03}電撃弾{/c}が{c03}速射{/c}対応。{j}{c16}≪Master's Mark≫{/c},A silver Light Bowgun adorned with ornamentation.{j}{c03}Flaming S{/c}and{c03}Thunder S{/c}support{c03}Rapid Fire{/c}.{j}{c16}≪Master's Mark≫{/c}
1229,装飾の施された銀色の弓。{j}crossbow that also packs a{j}punch. A precious weapon.,An ornate silver Bow.{j}crossbow that also packs a{j}punch. A precious weapon.
1230,装飾の施された銀色の弓。{j}crossbow that also packs a{j}punch. A precious weapon.,An ornate silver Bow.{j}crossbow that also packs a{j}punch. A precious weapon.
1231,装飾の施された銀色の弓。{j}crossbow that also packs a{j}punch. A precious weapon.,An ornate silver Bow.{j}crossbow that also packs a{j}punch. A precious weapon.
1232,装飾の施された銀色の弓。{j}bow that combines beauty{j}and practicality. {c16}≪Master's Mark≫{/c},An ornate silver Bow.{j}bow that combines beauty{j}and practicality.{c16}≪Master's Mark≫{/c}
1233,桃毛獣の強靭な素材を使用し{j}た重弩。放たれた弾は確実に{j}急所を射抜く。{c11}≪ＨＣ武器≫{/c},A Heavy Bowgun made using{j}the sturdy materials of a Congalala. Its fired shots reliably pierce{j}vital points.{c11}≪HC Weapon≫{/c}
1234,桃毛獣の強靭な素材を使用し{j}た重弩。放たれた弾は確実に{j}急所を射抜く。{c11}≪ＨＣ武器≫{/c},A Heavy Bowgun made using{j}the sturdy materials of a Congalala. Its fired shots reliably pierce{j}vital points.{c11}≪HC Weapon≫{/c}
1235,桃毛獣の強靭な素材を使用し{j}た重弩。放たれた弾は確実に{j}急所を射抜く。{c11}≪ＨＣ武器≫{/c},A Heavy Bowgun made using{j}the sturdy materials of a Congalala. Its fired shots reliably pierce{j}vital points.{c11}≪HC Weapon≫{/c}
1236,携帯性に優れた軽弩の決定版。{j}{c03}Normal S Lv2{/c} & {c03}Pierce S Lv1{/c}.{j}{c11}≪ＨＣWeapon≫{/c},The definitive light bowgun with excellent portability.{j}{c03}Normal S Lv2{/c}&{c03}Pierce S Lv1{/c}.{j}{c11}≪HC Weapon≫{/c}
1237,携帯性に優れた軽弩の決定版。{j}{c03}Normal S Lv2{/c} & {c03}Pierce S Lv1{/c}.{j}{c11}≪ＨＣWeapon≫{/c},The definitive light bowgun with excellent portability.{j}{c03}Normal S Lv2{/c}&{c03}Pierce S Lv1{/c}.{j}{c11}≪HC Weapon≫{/c}
1238,携帯性に優れた軽弩の決定版。{j}{c03}Normal S Lv2{/c} & {c03}Pierce S Lv1{/c}.{j}{c11}≪ＨＣWeapon≫{/c},The definitive light bowgun with excellent portability.{j}{c03}Normal S Lv2{/c}&{c03}Pierce S Lv1{/c}.{j}{c11}≪HC Weapon≫{/c}
1239,革新的な技法で帯電器官を{j}搭載した軽弩。{c03}電撃弾{/c}が{j}{c03}速射{/c}対応。{c11}≪ＨＣ武器≫{/c},A Light Bowgun fitted with a charging{j}organ through innovative tech.{c03}Thunder S{/c}is{j}{c03}Rapid Fire{/c}-capable.{c11}≪HC Weapon≫{/c}
1240,革新的な技法で帯電器官を{j}搭載した軽弩。{c03}電撃弾{/c}が{j}{c03}速射{/c}対応。{c11}≪ＨＣ武器≫{/c},A Light Bowgun fitted with a charging{j}organ through innovative tech.{c03}Thunder S{/c}is{j}{c03}Rapid Fire{/c}-capable.{c11}≪HC Weapon≫{/c}
1241,革新的な技法で帯電器官を{j}搭載した軽弩。{c03}電撃弾{/c}が{j}{c03}速射{/c}対応。{c11}≪ＨＣ武器≫{/c},A Light Bowgun fitted with a charging{j}organ through innovative tech.{c03}Thunder S{/c}is{j}{c03}Rapid Fire{/c}-capable.{c11}≪HC Weapon≫{/c}
1242,デザイン性と実用性を備えた雌{j}火竜の弓。放たれる矢は咆哮の{j}如く敵を貫く。{c11}≪ＨＣ武器≫{/c},A bow of the female{j}fire wyvern that combines design and practicality. The arrows it fires pierce foes like{j}a roar.{c11}≪HC Weapon≫{/c}
1243,デザイン性と実用性を備えた雌{j}火竜の弓。放たれる矢は咆哮の{j}如く敵を貫く。{c11}≪ＨＣ武器≫{/c},A bow of the female{j}fire wyvern that combines design and practicality. The arrows it fires pierce foes like{j}a roar.{c11}≪HC Weapon≫{/c}
1244,デザイン性と実用性を備えた雌{j}火竜の弓。放たれる矢は咆哮の{j}如く敵を貫く。{c11}≪ＨＣ武器≫{/c},A bow of the female{j}fire wyvern that combines design and practicality. The arrows it fires pierce foes like{j}a roar.{c11}≪HC Weapon≫{/c}
1245,デザイン性と実用性を備えた雌{j}火竜の弓。放たれる矢は咆哮の{j}如く敵を貫く。{c11}≪ＨＣ武器≫{/c},A bow of the female{j}fire wyvern that combines design and practicality. The arrows it fires pierce foes like{j}a roar.{c11}≪HC Weapon≫{/c}
1246,水竜の素材と新しい加工技術で{j}水竜の力を宿した至高の{j}水属性弓。{c11}≪ＨＣ武器≫{/c},"Imbued with{j}Plesioth's power, this supreme{j}Water Element Bow is crafted from Plesioth materials using new processing techniques.{c11}≪HC Weapon≫{/c}"
1247,水竜の素材と新しい加工技術で{j}水竜の力を宿した至高の{j}水属性弓。{c11}≪ＨＣ武器≫{/c},"Imbued with{j}Plesioth's power, this supreme{j}Water Element Bow is crafted from Plesioth materials using new processing techniques.{c11}≪HC Weapon≫{/c}"
1248,水竜の素材と新しい加工技術で{j}水竜の力を宿した至高の{j}水属性弓。{c11}≪ＨＣ武器≫{/c},"Imbued with{j}Plesioth's power, this supreme{j}Water Element Bow is crafted from Plesioth materials using new processing techniques.{c11}≪HC Weapon≫{/c}"
1249,水竜の素材と新しい加工技術で{j}水竜の力を宿した至高の{j}水属性弓。{c11}≪ＨＣ武器≫{/c},"Imbued with{j}Plesioth's power, this supreme{j}Water Element Bow is crafted from Plesioth materials using new processing techniques.{c11}≪HC Weapon≫{/c}"
1250,極龍の力を具現する重弩。{j}発射機構に磁気を帯びた素材を{j}使用し磁場を発生させている。,A Heavy Bowgun that embodies the power of the{j}Extreme Dragon. Its firing mechanism uses{j}magnetized material to generate a magnetic field.
1251,極龍の力を具現する重弩。{j}発射機構に磁気を帯びた素材を{j}使用し磁場を発生させている。,A Heavy Bowgun that embodies the power of the{j}Extreme Dragon. Its firing mechanism uses{j}magnetized material to generate a magnetic field.
1252,極龍の力を具現する重弩。{j}磁場を極限まで強化、威力と静{j}音性に優れる。{c02}≪剛種武器≫{/c},"A Heavy Bowgun that embodies the power of the Extreme Dragon.{j}The magnetic field is strengthened to its limit, granting superior power and quiet{j}operation.{c02}≪Gou Weapon≫{/c}"
1253,特殊加工を施した、鎧竜の素材{j}を発射機構に使用することで威{j}力が格段に向上。{c11}≪ＨＣ武器≫{/c},"By using specially processed Gravios{j}material in its firing mechanism, its{j}power is vastly improved.{c11}≪HC Weapon≫{/c}"
1254,特殊加工を施した、鎧竜の素材{j}を発射機構に使用することで威{j}力が格段に向上。{c11}≪ＨＣ武器≫{/c},"By using specially processed Gravios{j}material in its firing mechanism, its{j}power is vastly improved.{c11}≪HC Weapon≫{/c}"
1255,特殊加工を施した、鎧竜の素材{j}を発射機構に使用することで威{j}力が格段に向上。{c11}≪ＨＣ武器≫{/c},"By using specially processed Gravios{j}material in its firing mechanism, its{j}power is vastly improved.{c11}≪HC Weapon≫{/c}"
1256,最高の重弩を合言葉に集まった{j}職人達の技術の結晶。驚異の性{j}能を誇る。{c11}≪ＨＣ武器≫{/c},The crystallized skill of the{j}artisans who gathered under the rallying cry of the ultimate Heavy Bowgun. Boasts astonishing{j}performance.{c11}≪HC Weapon≫{/c}
1257,最高の重弩を合言葉に集まった{j}職人達の技術の結晶。驚異の性{j}能を誇る。{c11}≪ＨＣ武器≫{/c},The crystallized skill of the{j}artisans who gathered under the rallying cry of the ultimate Heavy Bowgun. Boasts astonishing{j}performance.{c11}≪HC Weapon≫{/c}
1258,最高の重弩を合言葉に集まった{j}職人達の技術の結晶。驚異の性{j}能を誇る。{c11}≪ＨＣ武器≫{/c},The crystallized skill of the{j}artisans who gathered under the rallying cry of the ultimate Heavy Bowgun. Boasts astonishing{j}performance.{c11}≪HC Weapon≫{/c}
1259,天狼より放たれる一撃は黄泉へ{j}の誘い。狙われたものへの{j}鎮魂歌。{c02}≪天嵐武器≫{/c},The blow loosed by Sirius is an invitation to{j}the underworld. A requiem{j}for the one it marks.{c02}≪Tenran Weapon≫{/c}
1260,職人の熱い想いが思わぬ破壊{j}力を生み出したボウガン。{j}{c16}≪Master's Mark≫{/c},A Bowgun in which the artisan's passion gave birth to unexpected destructive{j}power.{j}{c16}≪Master's Mark≫{/c}
1261,A precious white crossbow{j}covered in decorations.{j}{c16}≪Master's Mark≫{/c},
1262,A precious black crossbow{j}covered in decorations.{j}{c16}≪Master's Mark≫{/c},
1263,ディアブロスと見紛う風格を{j}備えた大型のヘビィボウガン。{j}{c16}≪Master's Mark≫{/c},A large Heavy Bowgun with a{j}style that could be mistaken for Diablos.{j}{c16}≪Master's Mark≫{/c}
1264,砂漠の死神と見紛う威厳を{j}備えた黒きヘビィボウガン。{j}{c16}≪Master's Mark≫{/c},A black Heavy Bowgun that possesses{j}the dignity to be mistaken for the desert's grim reaper.{j}{c16}≪Master's Mark≫{/c}
1265,古龍の素材と失われた技法が、{j}最高峰のボウガンを生んだ。{j}その轟音が新たな歴史を刻む。,Elder Dragon materials and a lost technique gave{j}birth to the finest Bowgun. Its roar carves a new{j}history.
1266,ある地方の神話に着想を得た{j}異形のヘビィボウガン。{j}稀に何かの鼓動を感じる。,"A bizarre Heavy Bowgun inspired{j}by the myths of a certain region. At times,{j}you can feel something's heartbeat."
1267,フレームの材質や強度を見直{j}し、更なる強化に成功した{j}ヘビィボウガン。,"By reviewing{j}the frame's materials and strength, this{j}Heavy Bowgun achieved further enhancement."
1268,A precious white crossbow{j}covered in decorations.{j}{c16}≪Master's Mark≫{/c},
1269,A precious black crossbow{j}covered in decorations.{j}{c16}≪Master's Mark≫{/c},
1270,跳緋獣の素材から作られたライ{j}トボウガン。{c03}LV2 通常弾{/c}、{j}{c03}Pierce S Lv1{/c} & {c03}Pellet S Lv1{/c}.,"A Light{j}Bowgun made from Gogomoa materials.{c03}Lv2 Normal S{/c},{j}{c03}Pierce S Lv1{/c}&{c03}Pellet S Lv1{/c}."
1271,跳緋獣の素材から作られたライ{j}トボウガン。{c03}LV2 通常弾{/c}、{j}{c03}Pierce S Lv1{/c} & {c03}Pellet S Lv1{/c}.,"A Light{j}Bowgun made from Gogomoa materials.{c03}Lv2 Normal S{/c},{j}{c03}Pierce S Lv1{/c}&{c03}Pellet S Lv1{/c}."
1272,跳緋獣の素材から作られたライ{j}トボウガン。{c03}LV2 通常弾{/c}、{j}{c03}Pierce S Lv1{/c} & {c03}Pellet S Lv1{/c}.,"A Light{j}Bowgun made from Gogomoa materials.{c03}Lv2 Normal S{/c},{j}{c03}Pierce S Lv1{/c}&{c03}Pellet S Lv1{/c}."
1273,新技術でリメイクされた軽弩の{j}傑作。{c03}LV2 通常弾{/c}、{c03}LV1 散弾{/c}が{j}{c03}Thunder S{/c}. {c02}<Tough Weapon>{/c},"A masterpiece light bowgun{j}remade with new technology.{c03}Fires LV2 Normal S{/c},{c03}LV1 Spread S{/c}and{j}{c03}Thunder S{/c}.{c02}<Tough Weapon>{/c}"
1274,新しい設計思想が光る軽弩。{j}{c03}Normal S Lv1{/c} & {c03}Flaming S{/c}.{j}{c11}≪ＨＣWeapon≫{/c},A Light Bowgun shining with a new design philosophy.{j}{c03}Normal S Lv1{/c}&{c03}Flaming S{/c}.{j}{c11}≪HC Weapon≫{/c}
1275,新しい設計思想が光る軽弩。{j}{c03}Normal S Lv1{/c} & {c03}Flaming S{/c}.{j}{c11}≪ＨＣWeapon≫{/c},A Light Bowgun shining with a new design philosophy.{j}{c03}Normal S Lv1{/c}&{c03}Flaming S{/c}.{j}{c11}≪HC Weapon≫{/c}
1276,新しい設計思想が光る軽弩。{j}{c03}Normal S Lv1{/c} & {c03}Flaming S{/c}.{j}{c11}≪ＨＣWeapon≫{/c},A Light Bowgun shining with a new design philosophy.{j}{c03}Normal S Lv1{/c}&{c03}Flaming S{/c}.{j}{c11}≪HC Weapon≫{/c}
1277,美しい装飾のライトボウガン。{j}職人のセンスが光る。{j}fires{/c} {c03}Normal S Lv2{/c}.,A beautifully ornamented Light Bowgun.{j}The artisan's flair shines through.{j}fires{/c}{c03}Normal S Lv2{/c}.
1278,美しい装飾のライトボウガン。{j}職人のセンスが光る。{j}fires{/c} {c03}Normal S Lv2{/c}.,A beautifully ornamented Light Bowgun.{j}The artisan's flair shines through.{j}fires{/c}{c03}Normal S Lv2{/c}.
1279,美しい装飾のライトボウガン。{j}職人のセンスが光る。{j}fires{/c} {c03}Normal S Lv2{/c}.,A beautifully ornamented Light Bowgun.{j}The artisan's flair shines through.{j}fires{/c}{c03}Normal S Lv2{/c}.
1280,美しい装飾のライトボウガン。{j}職人のセンスが光る。{c03}火炎弾{/c}、{j}{c03}Rapid fire:{/c} {c03}Crag S Lv1{/c}.,"A beautifully ornamented Light Bowgun.{j}The artisan's flair shines through.{c03}Flame S{/c},{j}{c03}Rapid Fire:{/c}{c03}Crag S Lv1{/c}."
1281,美しい装飾のライトボウガン。{j}職人のセンスが光る。{c03}火炎弾{/c}、{j}{c03}Rapid fire:{/c} {c03}Crag S Lv1{/c}.,"A beautifully ornamented Light Bowgun.{j}The artisan's flair shines through.{c03}Flame S{/c},{j}{c03}Rapid Fire:{/c}{c03}Crag S Lv1{/c}."
1282,美しい装飾のライトボウガン。{j}職人のセンスが光る。{c03}火炎弾{/c}、{j}{c03}Rapid fire:{/c} {c03}Crag S Lv1{/c}.,"A beautifully ornamented Light Bowgun.{j}The artisan's flair shines through.{c03}Flame S{/c},{j}{c03}Rapid Fire:{/c}{c03}Crag S Lv1{/c}."
1283,White crossbow covered in{j}名工謹製の逸品。{c03}LV2 通常弾{/c}、{j}{c03}Normal S Lv1{/c} & {c03}Flaming S{/c}.,"White crossbow covered in{j}A masterpiece by a master craftsman.{c03}LV2 Normal S{/c},{j}{c03}Normal S Lv1{/c}&{c03}Flaming S{/c}."
1284,White crossbow covered in{j}名工謹製の逸品。{c03}LV2 通常弾{/c}、{j}{c03}Normal S Lv1{/c} & {c03}Flaming S{/c}.,"White crossbow covered in{j}A masterpiece by a master craftsman.{c03}LV2 Normal S{/c},{j}{c03}Normal S Lv1{/c}&{c03}Flaming S{/c}."
1285,White crossbow covered in{j}名工謹製の逸品。{c03}LV2 通常弾{/c}、{j}{c03}Normal S Lv1{/c} & {c03}Flaming S{/c}.,"White crossbow covered in{j}A masterpiece by a master craftsman.{c03}LV2 Normal S{/c},{j}{c03}Normal S Lv1{/c}&{c03}Flaming S{/c}."
1286,White crossbow covered in{j}{c03}LV2 通常弾{/c}、{c03}火炎弾{/c}が{j}{c03}速射{/c}対応。{c16}≪親方印≫{/c},White crossbow covered in{j}{c03}LV2 Normal S{/c}and{c03}Flaming S{/c}are{j}{c03}Rapid Fire{/c}compatible.{c16}≪Master Mark≫{/c}
1287,Black crossbow covered in{j}decorations. {c03}Rapid fires{/c}{j}{c03}Normal S Lv2{/c} & {c03}Thunder S{/c}.,
1288,Black crossbow covered in{j}decorations. {c03}Rapid fires{/c}{j}{c03}Normal S Lv2{/c} & {c03}Thunder S{/c}.,
1289,Black crossbow covered in{j}decorations. {c03}Rapid fires{/c}{j}{c03}Normal S Lv2{/c} & {c03}Thunder S{/c}.,
1290,Black crossbow covered in{j}{c03}LV1 貫通弾{/c}、{c03}電撃弾{/c}が{j}{c03}速射{/c}対応。{c16}≪親方印≫{/c},"Black crossbow covered in{j}{c03}LV1 Pierce Ammo{/c},{c03}Thunder Ammo{/c}are{j}{c03}Rapid Fire{/c}compatible.{c16}≪Master Mark≫{/c}"
1291,White crossbow covered in{j}{c03}LV1 貫通弾{/c}、{c03}氷結弾{/c}が{j}{c03}速射{/c}対応。{c16}≪親方印≫{/c},White crossbow covered in{j}{c03}LV1 Pierce S{/c}and{c03}Freeze S{/c}are{j}{c03}Rapid Fire{/c}compatible.{c16}≪Master Mark≫{/c}
1292,Black crossbow covered in{j}{c03}Normal S Lv2{/c}.{j}{c16}≪Master's Mark≫{/c},
1293,構造をより攻撃的に進化させ{j}威力の引き上げに成功した。{j}{c03}Normal S Lv2{/c} & {c03}Pierce S Lv1{/c}.,"Its structure evolved to be more aggressive,{j}successfully increasing its power.{j}{c03}Normal S Lv2{/c}&{c03}Pierce S Lv1{/c}."
1294,フルフルの皮を幾重にも巻き{j}冷却性能を増したライトボウ{j}ガン。ひんやり気持ちいい。,A Light Bowgun{j}wrapped in layer upon layer of Khezu hide{j}to boost its cooling. Pleasantly cool.
1295,A hefty Light Bowgun made{j}with parts taken from a{j}Hypnocatrice.,
1296,跳緋獣の素材を加工し、フレー{j}ムに力強さとしなやかさを兼ね{j}備えた弓。,"A Bow crafted from worked Gogomoa materials, its{j}frame possessing both strength and suppleness in{j}equal measure."
1297,跳緋獣の素材を加工し、フレー{j}ムに力強さとしなやかさを兼ね{j}備えた弓。,"A Bow crafted from worked Gogomoa materials, its{j}frame possessing both strength and suppleness in{j}equal measure."
1298,跳緋獣の素材を加工し、フレー{j}ムに力強さとしなやかさを兼ね{j}備えた弓。,"A Bow crafted from worked Gogomoa materials, its{j}frame possessing both strength and suppleness in{j}equal measure."
1299,跳緋獣の素材を加工し、フレー{j}ムに力強さとしなやかさを兼ね{j}備えた弓。,"A Bow crafted from worked Gogomoa materials, its{j}frame possessing both strength and suppleness in{j}equal measure."
1300,跳緋獣の素材を特殊加工し、フ{j}レーム強度を向上。重量もやや{j}軽くなっている。{c02}≪剛種武器≫{/c},Gogomoa materials given special treatment{j}to boost frame strength. Its weight has also become slightly{j}lighter.{c02}≪Gou Weapon≫{/c}
1301,跳緋獣の素材を特殊加工し、フ{j}レーム強度を向上。重量もやや{j}軽くなっている。{c02}≪剛種武器≫{/c},Gogomoa materials given special treatment{j}to boost frame strength. Its weight has also become slightly{j}lighter.{c02}≪Gou Weapon≫{/c}
1302,特殊な技法で作られた為、その{j}仕組みは謎の覇弓。恐るべき破{j}壊力を持つ。{c11}≪ＨＣ武器≫{/c},"Forged with special techniques,{j}its workings are a mystery--a supreme Bow with{j}fearsome destructive power.{c11}≪HC Weapon≫{/c}"
1303,特殊な技法で作られた為、その{j}仕組みは謎の覇弓。恐るべき破{j}壊力を持つ。{c11}≪ＨＣ武器≫{/c},"Forged with special techniques,{j}its workings are a mystery--a supreme Bow with{j}fearsome destructive power.{c11}≪HC Weapon≫{/c}"
1304,特殊な技法で作られた為、その{j}仕組みは謎の覇弓。恐るべき破{j}壊力を持つ。{c11}≪ＨＣ武器≫{/c},"Forged with special techniques,{j}its workings are a mystery--a supreme Bow with{j}fearsome destructive power.{c11}≪HC Weapon≫{/c}"
1305,特殊な技法で作られた為、その{j}仕組みは謎の覇弓。恐るべき破{j}壊力を持つ。{c11}≪ＨＣ武器≫{/c},"Forged with special techniques,{j}its workings are a mystery--a supreme Bow with{j}fearsome destructive power.{c11}≪HC Weapon≫{/c}"
1306,強大な岩をも砕く弓。{j}この弓を手にしたものは自然と{j}力が湧いてくると言われる。,A bow that can crush even mighty rocks.{j}Those who take up this bow are said to naturally{j}gain power.
1307,強大な岩をも砕く弓。{j}この弓を手にしたものは自然と{j}力が湧いてくると言われる。,A bow that can crush even mighty rocks.{j}Those who take up this bow are said to naturally{j}gain power.
1308,強大な岩をも砕く弓。{j}この弓を手にしたものは自然と{j}力が湧いてくると言われる。,A bow that can crush even mighty rocks.{j}Those who take up this bow are said to naturally{j}gain power.
1309,強大な岩をも砕く弓。{j}この弓を手にしたものは自然と{j}力が湧いてくると言われる。,A bow that can crush even mighty rocks.{j}Those who take up this bow are said to naturally{j}gain power.
1310,天より与えられし弓。{j}未知なる力を吸収し成長する。{j}雷属性。{c05}≪進化武器≫{/c},A Bow bestowed by the heavens.{j}Absorbs unknown power and grows.{j}Thunder element.{c05}≪Evolution Weapon≫{/c}
1311,天より与えられし弓。{j}未知なる力を吸収し成長する。{j}雷属性。{c05}≪進化武器≫{/c},A Bow bestowed by the heavens.{j}Absorbs unknown power and grows.{j}Thunder element.{c05}≪Evolution Weapon≫{/c}
1312,天より与えられし弓。{j}未知なる力を吸収し成長する。{j}雷属性。{c05}≪進化武器≫{/c},A Bow bestowed by the heavens.{j}Absorbs unknown power and grows.{j}Thunder element.{c05}≪Evolution Weapon≫{/c}
1313,天より与えられし弓。{j}未知なる力を吸収し成長する。{j}水属性。{c05}≪進化武器≫{/c},A Bow bestowed by the heavens.{j}Absorbs unknown power and grows.{j}Water element.{c05}≪Evolution Weapon≫{/c}
1314,天より与えられし弓。{j}未知なる力を吸収し成長する。{j}水属性。{c05}≪進化武器≫{/c},A Bow bestowed by the heavens.{j}Absorbs unknown power and grows.{j}Water element.{c05}≪Evolution Weapon≫{/c}
1315,天より与えられし弓。{j}未知なる力を吸収し成長する。{j}水属性。{c05}≪進化武器≫{/c},A Bow bestowed by the heavens.{j}Absorbs unknown power and grows.{j}Water element.{c05}≪Evolution Weapon≫{/c}
1316,使い易さをコンセプトとして{j}開発された氷属性の狩猟用弓。,Designed with ease of use in mind{j}A developed Ice-element hunting bow.
1317,使い易さをコンセプトとして{j}開発された氷属性の狩猟用弓。,Designed with ease of use in mind{j}A developed Ice-element hunting bow.
1318,使い易さをコンセプトとして{j}開発された氷属性の狩猟用弓。,Designed with ease of use in mind{j}A developed Ice-element hunting bow.
1319,使い易さと高威力を備えてい{j}る狩猟用の弓。初心者からベ{j}テランにまで愛用されている。,Combines ease of use with high power{j}A hunting bow. From beginners to veterans.{j}Even Teran swears by it.
1320,古龍退治を生業とした有名な{j}狩人集団の首領が使用した弓{j}のレプリカ。,A replica of the bow used by the leader of the{j}famous Hunter band that made its living slaying{j}Elder Dragons.
1321,古龍退治を生業とした有名な{j}狩人集団の首領が使用した弓{j}のレプリカ。,A replica of the bow used by the leader of the{j}famous Hunter band that made its living slaying{j}Elder Dragons.
1322,古龍退治を生業とした有名な{j}狩人集団の首領が使用した弓{j}のレプリカ。,A replica of the bow used by the leader of the{j}famous Hunter band that made its living slaying{j}Elder Dragons.
1323,古龍退治を生業とした有名な{j}狩人集団の首領がかつて使用{j}した名弓。,A famed bow once used by the leader of the famous{j}Hunter band that made its living slaying Elder{j}Dragons.
1324,正体不明のモンスターの甲殻{j}から制作した弓。{j}扱うにはかなりの腕力が必要。,A Bow crafted from the shell{j}of an unknown monster.{j}It takes considerable strength to wield.
1325,正体不明のモンスターの甲殻{j}から制作した弓。{j}扱うにはかなりの腕力が必要。,A Bow crafted from the shell{j}of an unknown monster.{j}It takes considerable strength to wield.
1326,尾晶蠍の素材で強化した弓。{j}高い攻撃力をもつ無数の矢が{j}モンスターの殻を破壊する。,A Bow reinforced with Tail Crystal Scorpion{j}materials. Countless arrows with high Attack{j}destroy the monster's shell.
1327,凶悪な尾晶蠍を討伐した証と{j}して所持が許される重弓。{j}{c16}≪親方印≫{/c},A heavy bow one is permitted to carry as{j}proof of slaying the vicious Tail Crystal Scorpion.{j}{c16}≪Master Mark≫{/c}
1328,龍属性を帯びた墨で塗装した{j}木製の高性能な貫通弓。{j}{c16}≪親方印≫{/c},A{j}high-performance wooden Pierce Bow painted with ink imbued with the Dragon element.{j}{c16}≪Master Mark≫{/c}
1329,水竜の素材を用いた水属性の{j}猟弓を改良。流麗なデザイン{j}は、ハンターに人気。,An improved Water-element hunting bow made from{j}Water Wyvern materials. Its graceful design is{j}popular among Hunters.
1330,素材に桜火竜の上鱗を用いた{j}Rathian shell. Its beauty is{j}complemented by great power.,Made using Pink Rathian Scale+ as material.{j}Rathian shell. Its beauty is{j}complemented by great power.
1331,老山龍の素材で強化した剛弓。{j}力で引くことは適わず、心で{j}引くのだと、伝承は語る。,"A mighty bow reinforced with Lao-Shan Lung{j}materials. It cannot be drawn with strength, but is{j}drawn with the heart, as the legend tells."
1332,A Bow with a powerful new{j}構造で生産された改良型弓。{j}{c16}≪Master's Mark≫{/c},"A Bow with a powerful new{j}structure, produced as an improved bow.{j}{c16}≪Master's Mark≫{/c}"
1333,Black Bow favored by skilled{j}Hunters. Capable of punching{j}射抜くという。{c16}≪親方印≫{/c},"Black Bow favored by skilled{j}Hunters. Capable of punching{j}through, they say.{c16}≪Master Mark≫{/c}"
1334,多殻蟹のとある形態の素材を用{j}いた重砲。岩盤のような外装か{j}ら放たれる砲撃は威力抜群。,A Heavy Bowgun made using materials from a certain{j}form of Carapaceon. The shots fired from its{j}bedrock-like casing are supremely powerful.
1335,多殻蟹のとある形態の素材を用{j}いた重砲。岩盤のような外装か{j}ら放たれる砲撃は威力抜群。,A Heavy Bowgun made using materials from a certain{j}form of Carapaceon. The shots fired from its{j}bedrock-like casing are supremely powerful.
1336,多殻蟹のとある形態の素材を用{j}いた重砲。岩盤のような外装か{j}ら放たれる砲撃は威力抜群。,A Heavy Bowgun made using materials from a certain{j}form of Carapaceon. The shots fired from its{j}bedrock-like casing are supremely powerful.
1337,効果的に素材を追加することで{j}大幅な性能向上を試みた多殻蟹{j}素材の重砲。{c02}≪剛種武器≫{/c},By effectively adding materials{j}A multi-shell crab that attempted a major performance upgrade.{j}A heavy cannon forged from materials.{c02}≪Gou Weapon≫{/c}
1338,蛮竜の一撃を思い出させるよう{j}な、強烈な威力を秘めた重砲。{j}{c07}ＳＰ武器{/c},A heavy cannon with intense power that{j}reminds one of Abiorugu's strike.{j}{c07}SP Weapon{/c}
1339,ヘビィボウガンの道を極めんと{j}する者の為に開発された重砲。{j}{c11}≪ＨＣ武器≫{/c},A heavy cannon developed for those{j}who seek to master the way of the Heavy Bowgun.{j}{c11}≪HC Weapon≫{/c}
1340,ヘビィボウガンの道を極めんと{j}する者の為に開発された重砲。{j}{c11}≪ＨＣ武器≫{/c},A heavy cannon developed for those{j}who seek to master the way of the Heavy Bowgun.{j}{c11}≪HC Weapon≫{/c}
1341,ヘビィボウガンの道を極めんと{j}する者の為に開発された重砲。{j}{c11}≪ＨＣ武器≫{/c},A heavy cannon developed for those{j}who seek to master the way of the Heavy Bowgun.{j}{c11}≪HC Weapon≫{/c}
1342,手にした者は覇業を成すとさ{j}れるヘビィボウガン。非常に{j}重いが安定している。,"A Heavy Bowgun said{j}to let its wielder achieve supremacy.{j}Extremely heavy, yet very stable."
1343,手にした者は覇業を成すとさ{j}れるヘビィボウガン。非常に{j}重いが安定している。,"A Heavy Bowgun said{j}to let its wielder achieve supremacy.{j}Extremely heavy, yet very stable."
1344,手にした者は覇業を成すとさ{j}れるヘビィボウガン。非常に{j}重いが安定している。,"A Heavy Bowgun said{j}to let its wielder achieve supremacy.{j}Extremely heavy, yet very stable."
1345,太古の覇者が愛した重砲。そ{j}の威力は肉を貫き大地に傷痕{j}を残す。{c16}≪親方印≫{/c},The heavy cannon beloved by the ancient conqueror. Its{j}Its power pierces flesh and scars the earth.{j}Leave the{c16}≪Master Mark≫{/c}behind.
1346,風の神が宿るとさえ言われた{j}規格外のヘビィボウガン。{j}軽量にして強力。{c16}≪親方印≫{/c},"A Heavy Bowgun{j}said to house the wind god itself, far beyond the norm.{j}Lightweight yet powerful.{c16}≪Master Mark≫{/c}"
1347,タンクメイジを更に強化した{j}逸品。見た目は同じだが最高{j}のパーツで組まれている。,"A further upgraded Tank Mage -- a masterpiece. It{j}looks the same, but is built from the finest parts.{j}"
1348,より良質の溶岩竜の素材で作{j}られたヘビィボウガン。{j}小回りの利く、優秀な逸品。,A Heavy Bowgun made{j}from higher-quality Lavasioth materials.{j}Nimble and an excellent piece.
1349,Very Heavy Bowgun modeled{j}on a black Gravios. Roars{j}弾丸が唸りをあげる。,Very Heavy Bowgun modeled{j}on a black Gravios. Roars{j}Bullets howl with each shot.
1350,幻の大巌竜の軽弩。{j}{c06}強酸弾{/c}に対応。{c03}LV2 通常弾{/c}{j}が{c03}速射{/c}対応。{c05}≪進化武器≫{/c},Light Bowgun of a legendary Gurenzeburu. Supports{j}{c06}Strong Acid Ammo{/c}.{c03}LV2 Normal Ammo{/c}{j}are{c03}Rapid Fire{/c}compatible.{c05}≪Evolution Weapon≫{/c}
1351,蘇った大巌竜の軽弩。{c06}強酸弾{/c}に{j}対応。{c03}LV2 通常弾{/c}、{c03}LV1 貫通弾{/c}{j}が{c03}速射{/c}対応。{c05}≪進化武器≫{/c},"A Light Bowgun of the revived Great Rock Dragon.{c06}Supports Strong Acid Ammo{/c}.{j}Supports{c03}LV2 Normal Ammo{/c},{c03}LV1 Pierce Ammo{/c}{j}and{c03}Rapid Fire{/c}.{c05}≪Evolution Weapon≫{/c}"
1352,幻の大巌竜の軽弩。{c06}龍酸弾{/c}に{j}対応。{c03}LV2 通常弾{/c}、{c03}LV1 貫通弾{/c}{j}が{c03}速射{/c}対応。{c05}≪進化武器≫{/c},Light Bowgun of a legendary Gurenzeburu. Supports{c06}Dragon Acid Ammo{/c}{j}.{c03}LV2 Normal Ammo{/c}and{c03}LV1 Pierce Ammo{/c}{j}are{c03}Rapid Fire{/c}compatible.{c05}≪Evolution Weapon≫{/c}
1353,稀少な大巌竜の軽弩。{c06}強酸弾{/c}、{j}{c06}龍酸弾{/c}に対応。{c03}LV2 通常弾{/c}が{j}{c03}速射{/c}対応。{c05}≪進化武器≫{/c},A Light Bowgun of the rare Great Rock Dragon.{c06}Strong Acid Ammo{/c}and{j}{c06}Dragon Acid Ammo{/c}are supported.{c03}LV2 Normal Ammo{/c}can use{j}{c03}Rapid Fire{/c}.{c05}≪Evolution Weapon≫{/c}
1354,希少な棘竜素材の軽弩。{j}{c03}LV2 通常弾{/c}、{c03}火炎弾{/c}が{j}{c03}速射{/c}対応。{c11}≪ＨＣ武器≫{/c},"A Light Bowgun made from rare Espinas materials.{j}{c03}Can rapid fire{/c}LV2 Normal S{c03},{/c}Flame S{j}{c03}{/c}.{c11}≪HC Weapon≫{/c}"
1355,希少な棘竜素材の軽弩。{j}{c03}LV2 通常弾{/c}、{c03}火炎弾{/c}が{j}{c03}速射{/c}対応。{c11}≪ＨＣ武器≫{/c},"A Light Bowgun made from rare Espinas materials.{j}{c03}Can rapid fire{/c}LV2 Normal S{c03},{/c}Flame S{j}{c03}{/c}.{c11}≪HC Weapon≫{/c}"
1356,希少な棘竜素材の軽弩。{j}{c03}LV2 通常弾{/c}、{c03}火炎弾{/c}が{j}{c03}速射{/c}対応。{c11}≪ＨＣ武器≫{/c},"A Light Bowgun made from rare Espinas materials.{j}{c03}Can rapid fire{/c}LV2 Normal S{c03},{/c}Flame S{j}{c03}{/c}.{c11}≪HC Weapon≫{/c}"
1357,業火を纏い、新生した爆炎銃。{j}{c03}LV1 貫通弾{/c}と{c03}火炎弾{/c}が{j}{c03}Water S{/c}. {c02}<Tough Weapon>{/c},A reborn flame gun clad in hellfire.{j}{c03}LV1 Pierce S{/c}and{c03}Fire S{/c}as well as{j}{c03}Water S{/c}.{c02}<Tough Weapon>{/c}
1358,進化する軽弩。{j}{c06}強酸弾{/c}に対応。{c03}LV2 通常弾{/c}{j}が{c03}速射{/c}対応。{c05}≪進化武器≫{/c},An evolving Light Bowgun. Compatible with{j}{c06}Strong Acid Ammo{/c}.{c03}Lv2 Normal Ammo{/c}{j}is capable of{c03}Rapid Fire{/c}.{c05}≪Evolution Weapon≫{/c}
1359,進化する軽弩。{c06}強酸弾{/c}に{j}対応。{c03}LV2 通常弾{/c}、{c03}LV1 貫通弾{/c}{j}が{c03}速射{/c}対応。{c05}≪進化武器≫{/c},"An evolving light bowgun.{c06}Compatible with{/c}Strong Acid S{j}.{c03}LV2 Normal S{/c},{c03}LV1 Pierce S{/c}{j}are{c03}Rapid Fire{/c}capable.{c05}≪Evolution Weapon≫{/c}"
1360,進化する軽弩。{c06}氷酸弾{/c}に{j}対応。{c03}LV2 通常弾{/c}、{c03}氷結弾{/c}{j}が{c03}速射{/c}対応。{c05}≪進化武器≫{/c},An evolving Light Bowgun. Compatible with{c06}Ice Acid Ammo{/c}{j}.{c03}Lv2 Normal Ammo{/c}and{c03}Freeze Ammo{/c}{j}are capable of{c03}Rapid Fire{/c}.{c05}≪Evolution Weapon≫{/c}
1361,{c03}LV1 貫通弾{/c}、{c03}LV1 徹甲榴弾{/c}、{j}{c03}Rapid fires{/c} {c03}Normal S Lv2{/c}.{j}新たな秘密兵器。{c16}≪親方印≫{/c},"{c03}Lv1 Pierce S.{/c},{c03}Lv1 Crag S.{/c},{j}{c03}Rapid fires{/c}{c03}Normal S Lv2{/c}.{j}A new secret weapon.{c16}≪Master Mark≫{/c}"
1362,狩猟を助ける赤いライトボウ{j}ガン。{c03}LV2 通常弾{/c}、{c03}LV1 徹甲榴{j}弾{/c}が{c03}速射{/c}対応。{c16}≪親方印≫{/c},"A red Light Bowgun{j}that aids the hunt.{c03}LV2 Normal S{/c},{c03}LV1 Crag{j}S{/c}support{c03}Rapid Fire{/c}.{c16}≪Master Mark≫{/c}"
1363,黄金の魚をモチーフに製造。{j}{c03}Water S{/c}.{j}{c16}≪Master's Mark≫{/c},Manufactured with a golden fish as its motif.{j}{c03}Water S{/c}.{j}{c16}≪Master's Mark≫{/c}
1364,教官ネコのど根性が炸裂！{j}instructor... {c03}Rapid fires{/c}{j}{c03}速射{/c}対応。{c16}≪親方印≫{/c},The Instructor Cat's guts explode!{j}instructor...{c03}Rapid fires{/c}{j}{c03}Rapid Fire{/c}supported.{c16}≪Master Mark≫{/c}
1365,怪鳥の頭部を素材として用い{j}た軽量ボウガン。その威力は{j}高く強い風を巻き起こす。,"A lightweight Bowgun{j}crafted from Bird Wyvern head parts. Its power{j}is great, whipping up strong winds."
1366,{c03}LV1 散弾{/c}が{c03}速射{/c}可能な軽量ボ{j}ウガン。その弾丸は氷の飛礫{j}の如く対象を襲う。,A light bowgun{j}that can{c03}rapid-fire{/c}{c03}Lv1 Pellet S.{/c}. Its shots assail the target like{j}icy stones.
1367,名工の手でより強化された鉄{j}火ガン。玄人好みの仕上がり。{j}{c03}Pellet S Lv1{/c} & {c03}Pierce S Lv1{/c}.,An iron{j}fire gun further enhanced by a master craftsman. A finish favored by experts.{j}{c03}Pellet S Lv1{/c}&{c03}Pierce S Lv1{/c}.
1368,緻密な設計と大胆な飾り模様で{j}装飾された獰竜素材の弓。{j}シンプルで扱い易い。,"A Bow of ferocious wyvern material, decorated with{j}intricate design and bold ornamentation. Simple and{j}easy to handle."
1369,緻密な設計と大胆な飾り模様で{j}装飾された獰竜素材の弓。{j}シンプルで扱い易い。,"A Bow of ferocious wyvern material, decorated with{j}intricate design and bold ornamentation. Simple and{j}easy to handle."
1370,緻密な設計と大胆な飾り模様で{j}装飾された獰竜素材の弓。{j}シンプルで扱い易い。,"A Bow of ferocious wyvern material, decorated with{j}intricate design and bold ornamentation. Simple and{j}easy to handle."
1371,選りすぐりの素材を利用して更{j}なる軽量化を実現した、獰竜{j}素材の剛弓。{c02}≪剛種武器≫{/c},"Mighty bow made using the finest materials to achieve even{j}greater weight reduction, from Abiorugu{j}materials.{c02}≪Gou Weapon≫{/c}"
1372,選りすぐりの素材を利用して更{j}なる軽量化を実現した、獰竜{j}素材の剛弓。{c02}≪剛種武器≫{/c},"Mighty bow made using the finest materials to achieve even{j}greater weight reduction, from Abiorugu{j}materials.{c02}≪Gou Weapon≫{/c}"
1373,凶暴な雪獅子が襲いかかるが{j}如く、鋭い矢を放つ至極の弓。{j}{c11}≪ＨＣ武器≫{/c},A peerless Bow that looses keen arrows as though a ferocious Snow Lion{j}were pouncing.{j}{c11}≪HC Weapon≫{/c}
1374,凶暴な雪獅子が襲いかかるが{j}如く、鋭い矢を放つ至極の弓。{j}{c11}≪ＨＣ武器≫{/c},A peerless Bow that looses keen arrows as though a ferocious Snow Lion{j}were pouncing.{j}{c11}≪HC Weapon≫{/c}
1375,凶暴な雪獅子が襲いかかるが{j}如く、鋭い矢を放つ至極の弓。{j}{c11}≪ＨＣ武器≫{/c},A peerless Bow that looses keen arrows as though a ferocious Snow Lion{j}were pouncing.{j}{c11}≪HC Weapon≫{/c}
1376,凶暴な雪獅子が襲いかかるが{j}如く、鋭い矢を放つ至極の弓。{j}{c11}≪ＨＣ武器≫{/c},A peerless Bow that looses keen arrows as though a ferocious Snow Lion{j}were pouncing.{j}{c11}≪HC Weapon≫{/c}
1377,深淵の光牙と呼ばれた民族が{j}かつて使用していた弓。{j}近年、製法の解明に成功した。,"A Bow once wielded by the tribe known as the{j}Shining Fangs of the Abyss. In recent years, its{j}method of crafting was finally deciphered."
1378,深淵の光牙と呼ばれた民族が{j}かつて使用していた弓。{j}近年、製法の解明に成功した。,"A Bow once wielded by the tribe known as the{j}Shining Fangs of the Abyss. In recent years, its{j}method of crafting was finally deciphered."
1379,深淵の光牙と呼ばれた民族が{j}かつて使用していた弓。{j}近年、製法の解明に成功した。,"A Bow once wielded by the tribe known as the{j}Shining Fangs of the Abyss. In recent years, its{j}method of crafting was finally deciphered."
1380,深淵の光牙と呼ばれた民族が{j}かつて使用していた弓。{j}近年、製法の解明に成功した。,"A Bow once wielded by the tribe known as the{j}Shining Fangs of the Abyss. In recent years, its{j}method of crafting was finally deciphered."
1381,深淵の光牙と呼ばれた民族が{j}かつて使用していた弓。{j}近年、製法の解明に成功した。,"A Bow once wielded by the tribe known as the{j}Shining Fangs of the Abyss. In recent years, its{j}method of crafting was finally deciphered."
1382,深淵の光牙と呼ばれた民族が{j}かつて使用していた弓。{j}近年、製法の解明に成功した。,"A Bow once wielded by the tribe known as the{j}Shining Fangs of the Abyss. In recent years, its{j}method of crafting was finally deciphered."
1383,深淵の光牙と呼ばれた民族が{j}かつて使用していた弓。{j}近年、製法の解明に成功した。,"A Bow once wielded by the tribe known as the{j}Shining Fangs of the Abyss. In recent years, its{j}method of crafting was finally deciphered."
1384,深淵の光牙と呼ばれた民族が{j}かつて使用していた弓。{j}近年、製法の解明に成功した。,"A Bow once wielded by the tribe known as the{j}Shining Fangs of the Abyss. In recent years, its{j}method of crafting was finally deciphered."
1385,天より与えられし弓。{j}未知なる力を吸収し成長する。{j}火属性。{c05}≪進化武器≫{/c},A Bow bestowed by the heavens.{j}Absorbs unknown power and grows.{j}Fire element.{c05}≪Evolution Weapon≫{/c}
1386,天より与えられし弓。{j}未知なる力を吸収し成長する。{j}火属性。{c05}≪進化武器≫{/c},A Bow bestowed by the heavens.{j}Absorbs unknown power and grows.{j}Fire element.{c05}≪Evolution Weapon≫{/c}
1387,天より与えられし弓。{j}未知なる力を吸収し成長する。{j}火属性。{c05}≪進化武器≫{/c},A Bow bestowed by the heavens.{j}Absorbs unknown power and grows.{j}Fire element.{c05}≪Evolution Weapon≫{/c}
1388,恋する乙女の想いで、相手を{j}魅了することができる拡散弓。{j}これでアイツも射止めれる？,A Spread Bow that{j}can charm a target with a maiden's love.{j}Can this win his heart too?
1389,恋する乙女の想いで、相手を{j}魅了することができる拡散弓。{j}これでアイツも射止めれる？,A Spread Bow that{j}can charm a target with a maiden's love.{j}Can this win his heart too?
1390,恋する乙女の想いで、相手を{j}魅了することができる拡散弓。{j}これでアイツも射止めれる？,A Spread Bow that{j}can charm a target with a maiden's love.{j}Can this win his heart too?
1391,恋する乙女の想いで、相手を{j}魅了することができる拡散弓。{j}ハートがアツイ！{c16}≪親方印≫{/c},A Spread Bow that{j}can charm a target with a maiden's love.{j}My heart burns hot!{c16}≪Master Mark≫{/c}
1392,装飾の施された深紅の弓。{j}crossbow that also packs a{j}punch. A precious weapon.,An ornamented deep crimson Bow.{j}crossbow that also packs a{j}punch. A precious weapon.
1393,装飾の施された深紅の弓。{j}crossbow that also packs a{j}punch. A precious weapon.,An ornamented deep crimson Bow.{j}crossbow that also packs a{j}punch. A precious weapon.
1394,装飾の施された深紅の弓。{j}crossbow that also packs a{j}punch. A precious weapon.,An ornamented deep crimson Bow.{j}crossbow that also packs a{j}punch. A precious weapon.
1395,装飾の施された深紅の弓。{j}bow that combines beauty{j}and practicality.,An ornamented deep crimson Bow.{j}bow that combines beauty{j}and practicality.
1396,古代から現在までのあらゆる{j}生物の骨でできている弓。{j}風格もあり、弓使い憧れの的。,"A bow made from the bones of{j}every creature from ancient times to the present.{j}A commanding presence, and the envy of bow users."
1397,古代から現在までのあらゆる{j}生物の骨でできている弓。{j}風格もあり、弓使い憧れの的。,"A bow made from the bones of{j}every creature from ancient times to the present.{j}A commanding presence, and the envy of bow users."
1398,古代から現在までのあらゆる{j}生物の骨でできている弓。{j}風格もあり、弓使い憧れの的。,"A bow made from the bones of{j}every creature from ancient times to the present.{j}A commanding presence, and the envy of bow users."
1399,古代から現在までのあらゆる{j}生物の骨でできている弓。{j}弓使い憧れの的。{c16}≪親方印≫{/c},A bow made from the bones of{j}every creature from ancient times to the present.{j}The envy of bow users.{c16}≪Master Mark≫{/c}
1400,Oddly shaped Bow that no{j}prey can hope to escape.{j}これであの人も…。{c16}≪親方印≫{/c},"Oddly shaped Bow that no{j}prey can hope to escape.{j}With this, he too can...{c16}≪Master Mark≫{/c}"
1401,雪獅子の素材を綿密に織り込{j}み、更なる強化に成功した弓。{j}その外見に似合わぬ高威力。,A Bow that succeeded in further enhancement by{j}meticulously weaving in Blangonga materials. Its{j}high power belies its appearance.
1402,身近な鉱石で作られているが{j}その扱い易さから人気も有り、{j}更なる強化を望まれている。,"Made from common ore,{j}but its ease of handling makes it popular,{j}and further upgrades are desired."
1403,White Bow containing the{j}soul of a Fatalis. Purifies{j}千年の繁栄が約束される。,White Bow containing the{j}soul of a Fatalis. Purifies{j}A thousand years of prosperity is promised.
1404,A precious black crossbow{j}covered in decorations.{j}{c11}≪ＨＣWeapon≫{/c},A precious black crossbow{j}covered in decorations.{j}{c11}≪HC Weapon≫{/c}
1405,キャラバンの民に多大な貢献{j}をした証。後方支援に特化し{j}ている。{c11}≪ＨＣ武器≫{/c},Proof of great service{j}to the Caravan folk. Specialized in{j}rear support.{c11}≪HC Weapon≫{/c}
1406,Black crossbow covered in{j}{c03}LV1 貫通弾{/c}、{c03}電撃弾{/c}が{j}{c03}速射{/c}対応。{c11}≪ＨＣ武器≫{/c},"Black crossbow covered in{j}{c03}LV1 Pierce Ammo{/c},{c03}Thunder Ammo{/c}are{j}{c03}Rapid Fire{/c}compatible.{c11}≪HC Weapon≫{/c}"
1407,{c03}LV1 貫通弾{/c}、{c03}LV1 徹甲榴弾{/c}が{j}{c03}速射{/c}対応。奇をてらった設計の{j}秘密兵器。{c11}≪ＨＣ武器≫{/c},{c03}Lv1 Pierce S.{/c}and{c03}Lv1 Crag S.{/c}can be{j}{c03}rapid-fired{/c}. A secret weapon{j}of eccentric design.{c11}≪HC Weapon≫{/c}
1408,"A Black Bow, covered in{j}beauty and practicality.{j}{c11}≪ＨＣWeapon≫{/c}","A Black Bow, covered in{j}beauty and practicality.{j}{c11}≪HC Weapon≫{/c}"
1409,夜陰に乗じて獲物を仕留める{j}木製の高性能な貫通弓。{j}{c11}≪ＨＣ武器≫{/c},A wooden high-performance piercing bow that takes down prey{j}under the cover of darkness.{j}{c11}≪HC Weapon≫{/c}
1410,最新の技術により、晶竜の{j}素材の特性が最大限に活か{j}されたヘビィボウガン。,"Thanks to the latest technology, the properties of{j}Crystal Dragon materials are put to maximum use in{j}this Heavy Bowgun."
1411,最新の技術により、晶竜の{j}素材の特性が最大限に活か{j}されたヘビィボウガン。,"Thanks to the latest technology, the properties of{j}Crystal Dragon materials are put to maximum use in{j}this Heavy Bowgun."
1412,晶竜の素材と、最新の技術が{j}詰め込まれたヘビィボウガン。{j}{c02}≪剛種武器≫{/c},A Heavy Bowgun{j}packed with Crystal Dragon materials and the latest technology.{j}{c02}≪Gou Weapon≫{/c}
1413,0,
1414,獰竜素材と最新の技術を利用{j}して作られたヘビィボウガン。{j}非常に使いやすい。,A Heavy Bowgun built using Dread Wyvern materials{j}and the latest technology. Extremely easy to use.{j}
1415,獰竜素材と最新の技術を利用{j}して作られたヘビィボウガン。{j}非常に使いやすい。,A Heavy Bowgun built using Dread Wyvern materials{j}and the latest technology. Extremely easy to use.{j}
1416,獰竜素材と最新の技術を利用{j}して作られたヘビィボウガン。{j}非常に使いやすい。,A Heavy Bowgun built using Dread Wyvern materials{j}and the latest technology. Extremely easy to use.{j}
1417,獰竜素材と最新の技術の結晶。{j}使いやすく、そして、力強い。{j}{c02}≪剛種武器≫{/c},"A crystal of Dread Wyvern materials and the latest technology.{j}Easy to use, and powerful.{j}{c02}≪Gou Weapon≫{/c}"
1418,どんなに硬い甲殻でも穿つ{j}火力を持った玄人向けの{j}重弩。{c11}≪ＨＣ武器≫{/c},"A{j}Heavy Bowgun for experts, with the{j}firepower to pierce any carapace, however hard.{c11}≪HC Weapon≫{/c}"
1419,どんなに硬い甲殻でも穿つ{j}火力を持った玄人向けの{j}重弩。{c11}≪ＨＣ武器≫{/c},"A{j}Heavy Bowgun for experts, with the{j}firepower to pierce any carapace, however hard.{c11}≪HC Weapon≫{/c}"
1420,どんなに硬い甲殻でも穿つ{j}火力を持った玄人向けの{j}重弩。{c11}≪ＨＣ武器≫{/c},"A{j}Heavy Bowgun for experts, with the{j}firepower to pierce any carapace, however hard.{c11}≪HC Weapon≫{/c}"
1421,狙われた獲物は逃げられないと{j}いう伝説を残す大巌竜の重弩。{j}{c06}爆撃弾{/c}に対応。{c05}≪進化武器≫{/c},"A Heavy Bowgun of Laviente, who left behind{j}a legend that no hunted prey escapes.{j}Compatible with{c06}Blast S{/c}.{c05}≪Evolution Weapon≫{/c}"
1422,星を撃ち落としたという{j}伝説を持つ大巌竜の重弩。{j}{c06}爆撃弾{/c}に対応。{c05}≪進化武器≫{/c},"A Heavy Bowgun of the Great Boulder Dragon, bearing the{j}legend that it shot down a star.{j}{c06}Supports{/c}Bomb Shot.{c05}≪Evolution Weapon≫{/c}"
1423,狙われた獲物は逃げられないと{j}いう伝説を残す大巌竜の重弩。{j}{c06}龍爆撃弾{/c}に対応。{c05}≪進化武器≫{/c},"A Heavy Bowgun of Laviente, who left behind{j}a legend that no hunted prey escapes.{j}Compatible with{c06}Dragon Blast S{/c}.{c05}≪Evolution Weapon≫{/c}"
1424,月を削ったと伝わる大巌竜の{j}重弩。{c06}爆撃弾{/c}、{c06}龍爆撃弾{/c}{j}に対応。{c05}≪進化武器≫{/c},"The Heavy Bowgun of the Great Rock{j}Dragon, said to have carved away the moon.{c06}Compatible with{/c}Explosive Shells,{c06}Dragon Blast Shells{/c}{j}.{c05}≪Evolution Weapon≫{/c}"
1425,装飾の施された金色の重弩。{j}儀礼用だが実用性も{j}兼ね備えた名工謹製の逸品。,"An ornate golden Heavy Bowgun.{j}Ceremonial, but also{j}practical--a masterpiece by a master craftsman."
1426,装飾の施された金色の重弩。{j}儀礼用だが実用性も{j}兼ね備えた名工謹製の逸品。,"An ornate golden Heavy Bowgun.{j}Ceremonial, but also{j}practical--a masterpiece by a master craftsman."
1427,装飾の施された金色の重弩。{j}儀礼用だが実用性も{j}兼ね備えた名工謹製の逸品。,"An ornate golden Heavy Bowgun.{j}Ceremonial, but also{j}practical--a masterpiece by a master craftsman."
1428,装飾の施された金色の重弩。{j}名工謹製の逸品。{j}{c16}≪親方印≫{/c},An ornate golden Heavy Bowgun.{j}A masterpiece by a master craftsman.{j}{c16}≪Master Mark≫{/c}
1429,装飾の施された金色の重弩。{j}名工謹製の逸品。{j}{c11}≪ＨＣ武器≫{/c},An ornate golden Heavy Bowgun.{j}A masterpiece by a master craftsman.{j}{c11}≪HC Weapon≫{/c}
1430,北方の地で祭事に用いられる{j}鉄球を模したボウガン。見た{j}目に反し軽量で扱い易い。,"A Bowgun modeled after the iron ball used in{j}festivals in the northern lands. Despite its{j}appearance, it is lightweight and easy to handle."
1431,北方の地で祭事に用いられる{j}鉄球を模したボウガン。見た{j}目に反し軽量で扱い易い。,"A Bowgun modeled after the iron ball used in{j}festivals in the northern lands. Despite its{j}appearance, it is lightweight and easy to handle."
1432,北方の地で祭事に用いられる{j}鉄球を模したボウガン。軽量で{j}扱い易い。{c11}≪ＨＣ武器≫{/c},A Bowgun modeled after the{j}iron ball used in festivals in the northern lands. Lightweight and{j}easy to handle.{c11}≪HC Weapon≫{/c}
1433,北方の地で祭事に用いられる{j}鉄球を模したボウガン。見た{j}目に反し軽量で扱い易い。,"A Bowgun modeled after the iron ball used in{j}festivals in the northern lands. Despite its{j}appearance, it is lightweight and easy to handle."
1434,北方の地で祭事に用いられる{j}鉄球を模したボウガン。見た{j}目に反し軽量で扱い易い。,"A Bowgun modeled after the iron ball used in{j}festivals in the northern lands. Despite its{j}appearance, it is lightweight and easy to handle."
1435,北方の地で祭事に用いられる{j}鉄球を模したボウガン。軽量で{j}扱い易い。{c11}≪ＨＣ武器≫{/c},A Bowgun modeled after the{j}iron ball used in festivals in the northern lands. Lightweight and{j}easy to handle.{c11}≪HC Weapon≫{/c}
1436,まるで生き物のような脈動を{j}伝え、所有者に不思議な力を{j}与えるとされる重銃。,A Heavy Bowgun that{j}pulses like a living thing and{j}is said to grant its wielder mysterious power.
1437,まるで生き物のような脈動を{j}伝え、所有者に不思議な力を{j}与えるとされる重銃。,A Heavy Bowgun that{j}pulses like a living thing and{j}is said to grant its wielder mysterious power.
1438,まるで生き物のような脈動を{j}伝え、所有者に不思議な力を{j}与えるとされる重銃。,A Heavy Bowgun that{j}pulses like a living thing and{j}is said to grant its wielder mysterious power.
1439,打ち上げ花火用の大筒を重砲{j}に改造。とても重く、扱える{j}ハンターは少数。{c16}≪親方印≫{/c},A fireworks mortar converted{j}into a heavy cannon. So heavy that few{j}Hunters can handle it.{c16}≪Master Mark≫{/c}
1440,打ち上げ花火用の大筒を重砲{j}に改造。弾を発射するときの{j}摩擦を軽減した。{c11}≪ＨＣ武器≫{/c},A fireworks mortar converted{j}into a heavy cannon. Reduced{j}the friction when firing a shot.{c11}≪HC Weapon≫{/c}
1441,龍木を用いて劇的な進化を遂{j}げた汎用性の高いヘビィボウ{j}ガン。根強い人気を誇る。,A highly versatile Heavy Bowgun that has achieved a{j}dramatic evolution using Dragonwood. It boasts{j}enduring popularity.
1442,ユニオン鉱石を用いて更なる{j}強度を得た重弩。これから始{j}める貴方にもお勧めの逸品。,A Heavy Bowgun that gains even greater strength{j}through Union Ore. A fine piece recommended even{j}for those just starting out.
1443,水竜の素材をふんだんに使用{j}した重弩。高密度なフレーム{j}が、更なる火力を生み出す。,A Heavy Bowgun made with abundant Plesioth{j}materials. Its high-density frame produces even{j}greater firepower.
1444,猛る牙獣をモチーフに{j}玄人好みに仕上げた軽弩。{j}{c11}≪ＨＣ武器≫{/c},A light bowgun modeled after a raging Fanged Beast{j}and finished to an expert's taste.{j}{c11}≪HC Weapon≫{/c}
1445,猛る牙獣をモチーフに{j}玄人好みに仕上げた軽弩。{j}{c11}≪ＨＣ武器≫{/c},A light bowgun modeled after a raging Fanged Beast{j}and finished to an expert's taste.{j}{c11}≪HC Weapon≫{/c}
1446,猛る牙獣をモチーフに{j}玄人好みに仕上げた軽弩。{j}{c11}≪ＨＣ武器≫{/c},A light bowgun modeled after a raging Fanged Beast{j}and finished to an expert's taste.{j}{c11}≪HC Weapon≫{/c}
1447,0,
1448,随所に職人技が光る軽弩。{j}{c03}LV2 通常弾{/c}、{c03}LV1 散弾{/c}が{j}{c03}速射{/c}対応。{c07}ＳＰ武器{/c},"A light bowgun that gleams with master craftsmanship.{j}{c03}LV2 Normal Ammo{/c},{c03}LV1 Pellet{/c}are{j}{c03}Rapid Fire{/c}capable.{c07}SP Weapon{/c}"
1449,装飾の施された金色の軽弩。{j}名工謹製の逸品。{c03}LV2 通常弾{/c}、{j}{c03}LV1 散弾{/c}が{c03}速射{/c}対応。,A golden Light Bowgun adorned with ornamentation.{j}A masterpiece by a master artisan.{c03}LV2 Normal S{/c}and{j}{c03}LV1 Pellet S{/c}can be fired with{c03}Rapid Fire{/c}.
1450,装飾の施された金色の軽弩。{j}名工謹製の逸品。{c03}LV2 通常弾{/c}、{j}{c03}LV1 散弾{/c}が{c03}速射{/c}対応。,A golden Light Bowgun adorned with ornamentation.{j}A masterpiece by a master artisan.{c03}LV2 Normal S{/c}and{j}{c03}LV1 Pellet S{/c}can be fired with{c03}Rapid Fire{/c}.
1451,装飾の施された金色の軽弩。{j}名工謹製の逸品。{c03}LV2 通常弾{/c}、{j}{c03}LV1 散弾{/c}が{c03}速射{/c}対応。,A golden Light Bowgun adorned with ornamentation.{j}A masterpiece by a master artisan.{c03}LV2 Normal S{/c}and{j}{c03}LV1 Pellet S{/c}can be fired with{c03}Rapid Fire{/c}.
1452,装飾の施された金色の軽弩。{j}{c03}LV2 通常弾{/c}、{c03}LV1 散弾{/c}が{j}{c03}速射{/c}対応。{c16}≪親方印≫{/c},A golden Light Bowgun adorned with ornamentation.{j}{c03}LV2 Normal S{/c}and{c03}LV1 Pellet S{/c}can be fired with{j}{c03}Rapid Fire{/c}.{c16}≪Master Mark≫{/c}
1453,装飾の施された金色の軽弩。{j}{c03}LV2 通常弾{/c}、{c03}LV1 散弾{/c}が{j}{c03}速射{/c}対応。{c11}≪ＨＣ武器≫{/c},A golden Light Bowgun adorned with ornamentation.{j}{c03}LV2 Normal S{/c}and{c03}LV1 Pellet S{/c}can be fired with{j}{c03}Rapid Fire{/c}.{c11}≪HC Weapon≫{/c}
1454,華麗な花束のライトボウガン。{j}{c03}LV2 通常弾{/c}、{c03}LV1 貫通弾{/c}、{j}{c03}LV1 散弾{/c}が{c03}速射{/c}対応。,"A Light Bowgun shaped like a gorgeous bouquet.{j}{c03}LV2 Normal S{/c},{c03}LV1 Pierce S{/c}, and{j}{c03}LV1 Pellet S{/c}are{c03}Rapid Fire{/c}capable."
1455,華麗な花束のライトボウガン。{j}{c03}LV2 通常弾{/c}、{c03}LV1 貫通弾{/c}、{j}{c03}LV1 散弾{/c}が{c03}速射{/c}対応。,"A Light Bowgun shaped like a gorgeous bouquet.{j}{c03}LV2 Normal S{/c},{c03}LV1 Pierce S{/c}, and{j}{c03}LV1 Pellet S{/c}are{c03}Rapid Fire{/c}capable."
1456,華麗な花束のライトボウガン。{j}{c03}LV2 通常弾{/c}、{c03}LV1 貫通弾{/c}、{j}{c03}LV1 散弾{/c}が{c03}速射{/c}対応。,"A Light Bowgun shaped like a gorgeous bouquet.{j}{c03}LV2 Normal S{/c},{c03}LV1 Pierce S{/c}, and{j}{c03}LV1 Pellet S{/c}are{c03}Rapid Fire{/c}capable."
1457,華麗な花束のライトボウガン。{j}{c03}LV2 通常弾{/c}、{c03}LV1 貫通弾{/c}、{c03}LV1{j}散弾{/c}が{c03}速射{/c}対応。{c16}≪親方印≫{/c},"A Light Bowgun shaped like a gorgeous bouquet.{j}{c03}LV2 Normal S{/c},{c03}LV1 Pierce S{/c}, and{c03}LV1{j}Pellet S{/c}are{c03}Rapid Fire{/c}capable.{c16}≪Master Mark≫{/c}"
1458,華麗な花束のライトボウガン。{j}{c03}LV2 通常弾{/c}、{c03}LV1 貫通弾{/c}、{c03}LV1{j}散弾{/c}が{c03}速射{/c}対応。{c11}≪ＨＣ武器≫{/c},"A Light Bowgun shaped like a gorgeous bouquet.{j}{c03}LV2 Normal S{/c},{c03}LV1 Pierce S{/c}, and{c03}LV1{j}Pellet S{/c}are{c03}Rapid Fire{/c}capable.{c11}≪HC Weapon≫{/c}"
1459,進化する軽弩。{j}{c06}強酸弾{/c}に対応。{c03}LV2 通常弾{/c}{j}が{c03}速射{/c}対応。{c05}≪進化武器≫{/c},An evolving Light Bowgun. Compatible with{j}{c06}Strong Acid Ammo{/c}.{c03}Lv2 Normal Ammo{/c}{j}is capable of{c03}Rapid Fire{/c}.{c05}≪Evolution Weapon≫{/c}
1460,進化する軽弩。{c06}強酸弾{/c}に{j}対応。{c03}LV2 通常弾{/c}、{c03}LV1 貫通弾{/c}{j}が{c03}速射{/c}対応。{c05}≪進化武器≫{/c},"An evolving light bowgun.{c06}Compatible with{/c}Strong Acid S{j}.{c03}LV2 Normal S{/c},{c03}LV1 Pierce S{/c}{j}are{c03}Rapid Fire{/c}capable.{c05}≪Evolution Weapon≫{/c}"
1461,進化する軽弩。{c06}雷酸弾{/c}に{j}対応。{c03}LV2 通常弾{/c}、{c03}電撃弾{/c}{j}が{c03}速射{/c}対応。{c05}≪進化武器≫{/c},An evolving Light Bowgun. Compatible with{c06}Lightning Acid Ammo{/c}{j}.{c03}Lv2 Normal Ammo{/c}and{c03}Thunder Ammo{/c}{j}are capable of{c03}Rapid Fire{/c}.{c05}≪Evolution Weapon≫{/c}
1462,工房が新たに開発した合金で{j}生産した次世代の軽弩。{j}{c03}LV2 通常弾{/c}が{c03}速射{/c}対応。,A next-generation Light Bowgun produced{j}from an alloy newly developed by the Workshop.{j}{c03}LV2 Normal Ammo{/c}supports{c03}Rapid Fire{/c}.
1463,工房が新たに開発した合金で{j}生産した次世代の軽弩。{j}{c03}LV2 通常弾{/c}が{c03}速射{/c}対応。,A next-generation Light Bowgun produced{j}from an alloy newly developed by the Workshop.{j}{c03}LV2 Normal Ammo{/c}supports{c03}Rapid Fire{/c}.
1464,工房が新たに開発した合金で{j}生産した次世代の軽弩。{j}{c03}LV2 通常弾{/c}が{c03}速射{/c}対応。,A next-generation Light Bowgun produced{j}from an alloy newly developed by the Workshop.{j}{c03}LV2 Normal Ammo{/c}supports{c03}Rapid Fire{/c}.
1465,工房が開発した次世代の軽弩。{j}{c03}LV2 通常弾{/c}が{c03}速射{/c}対応。{j}{c11}≪ＨＣ武器≫{/c},A next-generation Light Bowgun developed by the Workshop.{j}{c03}LV2 Normal Ammo{/c}supports{c03}Rapid Fire{/c}.{j}{c11}≪HC Weapon≫{/c}
1466,工房が開発した次世代の軽弩。{j}{c03}火炎弾{/c}、{c03}水冷弾{/c}、{c03}電撃弾{/c}が{j}{c03}速射{/c}対応。,"A next-generation Light Bowgun developed by the Workshop.{j}{c03}Flame Ammo{/c},{c03}Water Ammo{/c},{c03}Thunder Ammo{/c}support{j}{c03}Rapid Fire{/c}."
1467,工房が開発した次世代の軽弩。{j}{c03}火炎弾{/c}、{c03}水冷弾{/c}、{c03}電撃弾{/c}が{j}{c03}速射{/c}対応。,"A next-generation Light Bowgun developed by the Workshop.{j}{c03}Flame Ammo{/c},{c03}Water Ammo{/c},{c03}Thunder Ammo{/c}support{j}{c03}Rapid Fire{/c}."
1468,工房が開発した次世代の軽弩。{j}{c03}火炎弾{/c}、{c03}水冷弾{/c}、{c03}電撃弾{/c}が{j}{c03}速射{/c}対応。,"A next-generation Light Bowgun developed by the Workshop.{j}{c03}Flame Ammo{/c},{c03}Water Ammo{/c},{c03}Thunder Ammo{/c}support{j}{c03}Rapid Fire{/c}."
1469,工房が開発した次世代の軽弩。{j}{c03}火炎弾{/c}、{c03}水冷弾{/c}、{c03}電撃弾{/c}が{j}{c03}速射{/c}対応。{c11}≪ＨＣ武器≫{/c},"A next-generation Light Bowgun developed by the Workshop.{j}{c03}Flame Ammo{/c},{c03}Water Ammo{/c},{c03}Thunder Ammo{/c}support{j}{c03}Rapid Fire{/c}.{c11}≪HC Weapon≫{/c}"
1470,出所が不明のライトボウガン。{j}混沌が訪れる際、これを持っ{j}た婦人が目撃されるらしい。,"A Light Bowgun of unknown origin.{j}When chaos draws near, a woman holding{j}one of these is said to be sighted."
1471,溶岩竜の素材を使用した{j}変わった形の軽弩。{c03}火炎弾{/c}、{j}{c03}LV1 徹甲榴弾{/c}の{c03}速射{/c}が可能。,"A Light Bowgun of curious shape{j}made from Lavasioth materials.{c03}Flaming Ammo{/c},{j}{c03}LV1 Crag Shot{/c}can be{c03}rapid-fired{/c}."
1472,少し臭いの残る桃毛獣の{j}ライトボウガン。{c03}LV2 通常弾{/c}、{j}{c03}LV1 散弾{/c}が{c03}速射{/c}対応。,"A Light Bowgun of a Congalala that{j}still smells slightly.{c03}LV2 Normal S{/c},{j}{c03}LV1 Pellet S{/c}{c03}supports Rapid Fire{/c}."
1473,極龍の力を具現する弓。{j}この弓から放たれる矢は{j}力を持ち、目標を射抜く。,A Bow that embodies the power of the Extreme{j}Dragon. Arrows loosed from this bow carry power and{j}pierce their target.
1474,極龍の力を具現する弓。{j}この弓から放たれる矢は{j}力を持ち、目標を射抜く。,A Bow that embodies the power of the Extreme{j}Dragon. Arrows loosed from this bow carry power and{j}pierce their target.
1475,極龍の力を具現する弓。{j}この弓から放たれる矢は{j}力を持ち、目標を射抜く。,A Bow that embodies the power of the Extreme{j}Dragon. Arrows loosed from this bow carry power and{j}pierce their target.
1476,極龍の力を具現する弓。{j}放つ矢は全てを射抜く。{j}{c02}≪剛種武器≫{/c},A Bow that embodies the power of the Extreme Dragon.{j}Every arrow it looses pierces all.{j}{c02}≪Gou Weapon≫{/c}
1477,極龍の力を具現する弓。{j}放つ矢は全てを射抜く。{j}{c02}≪剛種武器≫{/c},A Bow that embodies the power of the Extreme Dragon.{j}Every arrow it looses pierces all.{j}{c02}≪Gou Weapon≫{/c}
1478,厳選された桜火竜素材を{j}熟練弓手向けに組み上げた{j}逸品。{c11}≪ＨＣ武器≫{/c},Carefully selected Pink Rathian materials{j}assembled for skilled bow users produce{j}a masterpiece.{c11}≪HC Weapon≫{/c}
1479,厳選された桜火竜素材を{j}熟練弓手向けに組み上げた{j}逸品。{c11}≪ＨＣ武器≫{/c},Carefully selected Pink Rathian materials{j}assembled for skilled bow users produce{j}a masterpiece.{c11}≪HC Weapon≫{/c}
1480,厳選された桜火竜素材を{j}熟練弓手向けに組み上げた{j}逸品。{c11}≪ＨＣ武器≫{/c},Carefully selected Pink Rathian materials{j}assembled for skilled bow users produce{j}a masterpiece.{c11}≪HC Weapon≫{/c}
1481,厳選された桜火竜素材を{j}熟練弓手向けに組み上げた{j}逸品。{c11}≪ＨＣ武器≫{/c},Carefully selected Pink Rathian materials{j}assembled for skilled bow users produce{j}a masterpiece.{c11}≪HC Weapon≫{/c}
1482,凍てついた冬を耐えたことで{j}生命の息吹を宿したと伝わる{j}剛弓。{c02}≪天嵐武器≫{/c},A{j}mighty bow said to have been imbued with the{j}breath of life by enduring the frozen winter.{c02}≪Tenran Weapon≫{/c}
1483,正体不明のモンスターの甲殻{j}から制作した貫通弓。{j}とても重く、扱いが難しい。,A Pierce Bow crafted from the shell{j}of an unknown monster.{j}It is very heavy and hard to handle.
1484,正体不明のモンスターの甲殻{j}から制作した貫通弓。{j}とても重く、扱いが難しい。,A Pierce Bow crafted from the shell{j}of an unknown monster.{j}It is very heavy and hard to handle.
1485,灰晶蠍の素材で強化した弓。{j}凄まじい攻撃力を秘めた矢が{j}モンスターの殻を貫通する。,A Bow upgraded with Ash Crystal Scorpion material.{j}Arrows holding tremendous attack power pierce{j}through the Monster's shell.
1486,数多の灰晶蠍を討伐した証と{j}して所持が許される貫通弓。{j}{c16}≪親方印≫{/c},A Pierce Bow that may be possessed as{j}proof of slaying many Akura Jebia.{j}{c16}≪Master Mark≫{/c}
1487,数多の灰晶蠍を討伐した証と{j}して所持が許される貫通弓。{j}{c11}≪ＨＣ武器≫{/c},A Pierce Bow that may be possessed as{j}proof of slaying many Akura Jebia.{j}{c11}≪HC Weapon≫{/c}
1488,装飾の施された金色の弓。{j}儀礼用だが実用性も{j}兼ね備えた名工謹製の逸品。,"A golden Bow adorned with ornamentation. A{j}ceremonial piece, yet a masterpiece by a master{j}artisan that boasts practicality as well."
1489,装飾の施された金色の弓。{j}儀礼用だが実用性も{j}兼ね備えた名工謹製の逸品。,"A golden Bow adorned with ornamentation. A{j}ceremonial piece, yet a masterpiece by a master{j}artisan that boasts practicality as well."
1490,装飾の施された金色の弓。{j}儀礼用だが実用性も{j}兼ね備えた名工謹製の逸品。,"A golden Bow adorned with ornamentation. A{j}ceremonial piece, yet a masterpiece by a master{j}artisan that boasts practicality as well."
1491,装飾の施された金色の弓。{j}名工謹製の逸品。{j}{c16}≪親方印≫{/c},A golden Bow adorned with ornamentation.{j}A masterpiece by a master artisan.{j}{c16}≪Master Mark≫{/c}
1492,装飾の施された金色の弓。{j}名工謹製の逸品。{j}{c11}≪ＨＣ武器≫{/c},A golden Bow adorned with ornamentation.{j}A masterpiece by a master artisan.{j}{c11}≪HC Weapon≫{/c}
1493,伝承の中で言い伝えられて{j}いた弓。放たれた矢の数は{j}誰もわからない。{c16}≪親方印≫{/c},A Bow passed down{j}in legend. Nobody knows{j}the number of arrows it has fired.{c16}≪Master Mark≫{/c}
1494,伝承の中で言い伝えられて{j}いた弓。放たれた矢の数は{j}誰もわからない。{c11}≪ＨＣ武器≫{/c},A Bow passed down{j}in legend. Nobody knows{j}the number of arrows it has fired.{c11}≪HC Weapon≫{/c}
1495,古代から現在までのあらゆる{j}生物の骨でできている弓。{j}堂々たる風格。{c11}≪ＨＣ武器≫{/c},A bow made from the bones of{j}every creature from ancient times to the present.{j}A commanding presence.{c11}≪HC Weapon≫{/c}
1496,制約を越えた未知なる仲間に{j}ささげられた漆黒の弓。{j}決して屈せず。{c11}≪ＨＣ武器≫{/c},A jet-black Bow dedicated to an unknown comrade{j}who transcended all constraints.{j}It never yields.{c11}≪HC Weapon≫{/c}
1497,藍色の木で製作した弓。氷結{j}された矢は肉を裂きながら{j}モンスターを貫く。{c16}≪親方印≫{/c},A bow made from indigo wood. Arrows that have been{j}frozen tear through flesh as they{j}pierce the monster.{c16}≪Master Mark≫{/c}
1498,汎用性の高いクイックボウを{j}増強した狩猟用の弓。破壊{j}力抜群。,A hunting bow created by reinforcing a highly{j}versatile Quick Bow. Outstanding destructive power.{j}
1499,ヒプノックの素材を使った弓。{j}繁殖期の蒼毛を使用すること{j}で、より鮮やかな色彩に。,A Bow made from Hypnocatrice materials.{j}Using blue fur from the breeding season{j}gives it a more vivid color.
1500,汎用性の高さが売りの狩猟弓。{j}攻撃力、身を守る効果共に強化{j}された癖の無い逸品。,A hunting bow prized for its high versatility. A{j}flawless masterpiece with both Attack and{j}protective effects enhanced.
1501,高速で飛ぶ竜をも射抜いたと{j}伝えられる熟練ハンターが好{j}んで使う黒い弓。{c11}≪ＨＣ武器≫{/c},"A black Bow said to have{j}pierced even dragons flying at high speed,{j}favored by skilled Hunters.{c11}≪HC Weapon≫{/c}"
1502,スティールレイヴンの設計図{j}を元に、異なる金属で新たに{j}開発された弓。,"Based on the Steel Raven blueprint{j}, a Bow newly{j}developed with a different metal."
1503,弩岩竜の素材で作られた重弩。{j}よく狙い、発射！{j}{c02}≪剛種武器≫{/c},A Heavy Bowgun made from Crossbow Rock Dragon materials.{j}Aim well and fire!{j}{c02}≪Gou Weapon≫{/c}
1504,弩岩竜の素材で作られた重弩。{j}よく狙い、構え、発射！{j}{c02}≪天嵐武器≫{/c},"A Heavy Bowgun made from Crossbow Rock Dragon materials.{j}Aim well, ready, and fire!{j}{c02}≪Tenran Weapon≫{/c}"
1505,弩岩竜の素材で作られた重弩。{j}よく狙い、構え、熱く発射！{j}{c02}≪覇種武器≫{/c},"A Heavy Bowgun made from Crossbow Rock Dragon materials.{j}Aim well, ready, and fire passionately!{j}{c02}≪Supremacy Weapon≫{/c}"
1506,頑健なフレームはそれだけで{j}基本性能の高さを表す。{j}{c02}≪天嵐武器≫{/c},The sturdy frame alone displays its high{j}base performance.{j}{c02}≪Tenran Weapon≫{/c}
1507,特殊な技法で作成された{j}規格外の高機能弓。{j}{c02}≪天嵐武器≫{/c},"A high-performance Bow{j}that defies all standards, made with special techniques.{j}{c02}≪Tenran Weapon≫{/c}"
1508,エピドシスシリーズの重弩。{j}造形は武器種ごとに様々だが、{j}実用性が高く愛用者が多い。,"Epidosis Series Heavy Bowgun.{j}The design varies by weapon type, but{j}it is highly practical and has many fans."
1509,エピドシスシリーズの重弩。{j}造形は武器種ごとに様々だが、{j}実用性が高く愛用者が多い。,"Epidosis Series Heavy Bowgun.{j}The design varies by weapon type, but{j}it is highly practical and has many fans."
1510,エピドシスシリーズの重弩。{j}造形は武器種ごとに様々だが、{j}実用性が高く愛用者が多い。,"Epidosis Series Heavy Bowgun.{j}The design varies by weapon type, but{j}it is highly practical and has many fans."
1511,カンビオシリーズの重弩。{j}造形は武器種ごとに様々だが、{j}実用性が高く愛用者が多い。,"Kambio Series Heavy Bowgun. The{j}design varies by weapon type, but it is{j}highly practical and loved by many."
1512,カンビオシリーズの重弩。{j}造形は武器種ごとに様々だが、{j}実用性が高く愛用者が多い。,"Kambio Series Heavy Bowgun. The{j}design varies by weapon type, but it is{j}highly practical and loved by many."
1513,カンビオシリーズの重弩。{j}造形は武器種ごとに様々だが、{j}実用性が高く愛用者が多い。,"Kambio Series Heavy Bowgun. The{j}design varies by weapon type, but it is{j}highly practical and loved by many."
1514,装飾の施された黒い重弩。{j}名工謹製の逸品。{j}{c11}≪ＨＣ武器≫{/c},A black Heavy Bowgun adorned with ornamentation.{j}A masterpiece by a master craftsman.{j}{c11}≪HC Weapon≫{/c}
1515,新進気鋭の発明家が設計した{j}蒸気式重砲。独自技術により{j}半永久的な動作が可能。,A steam-powered Heavy Bowgun designed by a talented{j}up-and-coming inventor. Its unique technology{j}allows semi-permanent operation.
1516,新進気鋭の発明家が設計した{j}蒸気式重砲。独自技術により{j}半永久的な動作が可能。,A steam-powered Heavy Bowgun designed by a talented{j}up-and-coming inventor. Its unique technology{j}allows semi-permanent operation.
1517,自然の力を利用することで{j}理論上の性能限界を超えた{j}蒸気式機械重砲。,A steam-driven mechanical heavy cannon that{j}surpasses its theoretical performance limits by{j}harnessing the power of nature.
1518,常人には理解不能な新理論を{j}提唱し、開発した蒸気式重砲。{j}使い易さ重視。{c16}≪親方印≫{/c},"Proposing a new theory beyond ordinary comprehension,{j}they developed this steam-powered heavy cannon.{j}Built for ease of use.{c16}≪Master Mark≫{/c}"
1519,常人には理解不能な新理論を{j}提唱し、開発した蒸気式重砲。{j}火力重視。{c11}≪ＨＣ武器≫{/c},"Proposing a new theory beyond ordinary comprehension,{j}they developed this steam-powered heavy cannon.{j}Built for firepower.{c11}≪HC Weapon≫{/c}"
1520,至高の合金と火薬が{j}超弾速を可能にした究極の{j}ヘビィボウガン{c11}≪ＨＣ武器≫{/c},"The ultimate{j}Heavy Bowgun, whose supreme alloy and gunpowder make{j}ultra-fast shots possible.{c11}≪HC Weapon≫{/c}"
1521,まるで生き物のように脈動し、{j}力の変化を予感させる重弩。,"A Heavy Bowgun that pulses as if alive, hinting at changes in{j}power."
1522,まるで生き物のように脈動し、{j}力の変化を予感させる重弩。,"A Heavy Bowgun that pulses as if alive, hinting at changes in{j}power."
1523,まるで生き物のように脈動し、{j}力の変化を予感させる重弩。,"A Heavy Bowgun that pulses as if alive, hinting at changes in{j}power."
1524,0,
1525,0,
1526,0,
1527,晶竜素材をふんだんに使用した{j}軽弩。{c03}LV1 貫通弾{/c}、{j}{c03}電撃弾{/c}が{c03}速射{/c}対応。,"A Light Bowgun that uses{j}abundant Crystal Dragon materials.{c03}LV1 Pierce S{/c},{j}{c03}Thunder S{/c}{c03}support Rapid Fire{/c}."
1528,晶竜素材をふんだんに使用した{j}軽弩。{c03}LV1 貫通弾{/c}、{j}{c03}電撃弾{/c}が{c03}速射{/c}対応。,"A Light Bowgun that uses{j}abundant Crystal Dragon materials.{c03}LV1 Pierce S{/c},{j}{c03}Thunder S{/c}{c03}support Rapid Fire{/c}."
1529,雷の力を活かした軽弩。{j}{c03}LV1 貫通弾{/c}、{c03}電撃弾{/c}が{j}{c03}超速射{/c}対応。{c02}≪剛種武器≫{/c},"A Light Bowgun that makes use of the power of lightning. {{j}}{{c03}}LV1 Piercing S{{/c}}, {{c03}}Thunder S{{/c}} are {{j}}{{c03}}Ultra Rapid Fire{{/c}} compatible. {{c02}}≪Gou Weapon≫{{/c}}"
1530,雷の力を活かした軽弩。{j}{c03}LV1 貫通弾{/c}、{c03}電撃弾{/c}が{j}{c03}超速射{/c}対応。{c02}≪剛種武器≫{/c},"A Light Bowgun that makes use of the power of lightning. {{j}}{{c03}}LV1 Piercing S{{/c}}, {{c03}}Thunder S{{/c}} are {{j}}{{c03}}Ultra Rapid Fire{{/c}} compatible. {{c02}}≪Gou Weapon≫{{/c}}"
1531,龍木が素材のライトボウガン。{j}{c03}LV2 通常弾{/c}、{c03}LV1 散弾{/c}が{j}{c03}超速射{/c}対応。{c02}≪天嵐武器≫{/c},"A Light Bowgun made from Dragonwood.{j}{c03}LV2 Normal S{/c},{c03}LV1 Spread S{/c}are{j}{c03}Ultra Rapid Fire{/c}compatible.{c02}≪Tenran Weapon≫{/c}"
1532,甘い誘惑はいかがですか？{j}{c03}LV2 通常弾{/c}、{c03}LV1 貫通弾{/c}、{j}{c03}火炎弾{/c}が{c03}速射{/c}対応。,"How about a sweet temptation?{j}{c03}LV2 Normal Ammo{/c},{c03}LV1 Pierce Ammo{/c},{j}{c03}Flame Ammo{/c}support{c03}Rapid Fire{/c}."
1533,甘い誘惑はいかがですか？{j}{c03}LV2 通常弾{/c}、{c03}LV1 貫通弾{/c}、{j}{c03}火炎弾{/c}が{c03}速射{/c}対応。,"How about a sweet temptation?{j}{c03}LV2 Normal Ammo{/c},{c03}LV1 Pierce Ammo{/c},{j}{c03}Flame Ammo{/c}support{c03}Rapid Fire{/c}."
1534,甘い誘惑はいかがですか？{j}{c03}LV2 通常弾{/c}、{c03}LV1 貫通弾{/c}、{j}{c03}火炎弾{/c}が{c03}速射{/c}対応。,"How about a sweet temptation?{j}{c03}LV2 Normal Ammo{/c},{c03}LV1 Pierce Ammo{/c},{j}{c03}Flame Ammo{/c}support{c03}Rapid Fire{/c}."
1535,甘い誘惑はいかがですか？{j}{c03}LV2 通常弾{/c}、{c03}LV1 貫通弾{/c}、{j}{c03}火炎弾{/c}が{c03}速射{/c}対応。{c16}≪親方印≫{/c},"How about a sweet temptation?{j}{c03}LV2 Normal Ammo{/c},{c03}LV1 Pierce Ammo{/c},{j}{c03}Flame Ammo{/c}support{c03}Rapid Fire{/c}.{c16}≪Master Mark≫{/c}"
1536,エピドシスシリーズの軽弩。{j}{c03}LV2 通常弾{/c}が{c03}速射{/c}対応。{j}実用性があり愛用者が多い。,Epidosis Series Light Bowgun.{j}{c03}LV2 Normal Ammo{/c}supports{c03}rapid fire{/c}.{j}Practical and favored by many.
1537,エピドシスシリーズの軽弩。{j}{c03}LV2 通常弾{/c}が{c03}速射{/c}対応。{j}実用性があり愛用者が多い。,Epidosis Series Light Bowgun.{j}{c03}LV2 Normal Ammo{/c}supports{c03}rapid fire{/c}.{j}Practical and favored by many.
1538,エピドシスシリーズの軽弩。{j}{c03}LV2 通常弾{/c}が{c03}速射{/c}対応。{j}実用性があり愛用者が多い。,Epidosis Series Light Bowgun.{j}{c03}LV2 Normal Ammo{/c}supports{c03}rapid fire{/c}.{j}Practical and favored by many.
1539,カンビオシリーズの軽弩。{j}{c03}火炎弾{/c}、{c03}LV1 貫通弾{/c}が{c03}速射{j}{/c}対応。愛用者が多い。,Kambio Series Light Bowgun.{j}{c03}Fire Ammo{/c}and{c03}Lv1 Pierce Ammo{/c}are{c03}Rapid Fire{j}{/c}compatible. A favorite of many.
1540,カンビオシリーズの軽弩。{j}{c03}火炎弾{/c}、{c03}LV1 貫通弾{/c}が{c03}速射{j}{/c}対応。愛用者が多い。,Kambio Series Light Bowgun.{j}{c03}Fire Ammo{/c}and{c03}Lv1 Pierce Ammo{/c}are{c03}Rapid Fire{j}{/c}compatible. A favorite of many.
1541,カンビオシリーズの軽弩。{j}{c03}火炎弾{/c}、{c03}LV1 貫通弾{/c}が{c03}速射{j}{/c}対応。愛用者が多い。,Kambio Series Light Bowgun.{j}{c03}Fire Ammo{/c}and{c03}Lv1 Pierce Ammo{/c}are{c03}Rapid Fire{j}{/c}compatible. A favorite of many.
1542,装飾の施された黒い軽弩。{j}{c03}LV2 通常弾{/c}が{c03}速射{/c}対応。{j}{c11}≪ＨＣ武器≫{/c},A black Light Bowgun adorned with ornamentation.{j}{c03}LV2 Normal Ammo{/c}is{c03}Rapid Fire{/c}compatible.{j}{c11}≪HC Weapon≫{/c}
1543,装飾の施された深紅の軽弩。{j}名工謹製の逸品。{c03}LV2 通常弾{/c}、{j}{c03}火炎弾{/c}が{c03}速射{/c}対応。,"An ornamented deep crimson Light Bowgun.{j}A masterpiece by a master craftsman.{c03}LV2 Normal Ammo{/c},{j}{c03}Fire Ammo{/c}are{c03}Rapid Fire{/c}compatible."
1544,装飾の施された深紅の軽弩。{j}名工謹製の逸品。{c03}LV2 通常弾{/c}、{j}{c03}火炎弾{/c}が{c03}速射{/c}対応。,"An ornamented deep crimson Light Bowgun.{j}A masterpiece by a master craftsman.{c03}LV2 Normal Ammo{/c},{j}{c03}Fire Ammo{/c}are{c03}Rapid Fire{/c}compatible."
1545,装飾の施された深紅の軽弩。{j}名工謹製の逸品。{c03}LV2 通常弾{/c}、{j}{c03}火炎弾{/c}が{c03}速射{/c}対応。,"An ornamented deep crimson Light Bowgun.{j}A masterpiece by a master craftsman.{c03}LV2 Normal Ammo{/c},{j}{c03}Fire Ammo{/c}are{c03}Rapid Fire{/c}compatible."
1546,装飾の施された深紅の軽弩。{j}名工謹製の逸品。{c03}LV2 通常弾{/c}、{j}{c03}火炎弾{/c}が{c03}速射{/c}対応。,"An ornamented deep crimson Light Bowgun.{j}A masterpiece by a master craftsman.{c03}LV2 Normal Ammo{/c},{j}{c03}Fire Ammo{/c}are{c03}Rapid Fire{/c}compatible."
1547,上手に焼けましたー！と叫び{j}たくなる。{c03}火炎弾{/c}、{c03}氷結弾{/c}が{j}{c03}速射{/c}対応。{c16}≪親方印≫{/c},"It makes you want to shout{j}'Well done!'{c03}Fire S{/c},{c03}Ice S{/c}support{j}{c03}rapid fire{/c}.{c16}≪Master Mark≫{/c}"
1548,婉麗で且つ高性能な軽銃。{j}{c03}LV2 通常弾{/c}、{c03}LV1 散弾{/c}が{j}{c03}速射{/c}対応。,"A graceful, high-performance light gun.{j}{c03}Can{j}{c03}rapid fire{/c}LV2 Normal Ammo{/c}and{c03}LV1 Pellet Ammo{/c}."
1549,婉麗で且つ高性能な軽銃。{j}{c03}LV2 通常弾{/c}、{c03}LV1 散弾{/c}が{j}{c03}速射{/c}対応。,"A graceful, high-performance light gun.{j}{c03}Can{j}{c03}rapid fire{/c}LV2 Normal Ammo{/c}and{c03}LV1 Pellet Ammo{/c}."
1550,婉麗で且つ高性能な軽銃。{j}{c03}LV2 通常弾{/c}、{c03}LV1 散弾{/c}が{j}{c03}速射{/c}対応。{c11}≪ＨＣ武器≫{/c},"A graceful, high-performance light gun.{j}{c03}Can{j}{c03}rapid fire{/c}LV2 Normal Ammo{/c}and{c03}LV1 Pellet Ammo{/c}.{c11}≪HC Weapon≫{/c}"
1551,婉麗で且つ高性能なライト{j}ボウガン。{c03}LV1 貫通弾{/c}が{j}{c03}速射{/c}対応。,"A graceful, high-performance Light{j}Bowgun.{c03}Can{j}{c03}rapid fire{/c}LV1 Pierce Ammo{/c}."
1552,婉麗で且つ高性能なライト{j}ボウガン。{c03}LV1 貫通弾{/c}が{j}{c03}速射{/c}対応。,"A graceful, high-performance Light{j}Bowgun.{c03}Can{j}{c03}rapid fire{/c}LV1 Pierce Ammo{/c}."
1553,婉麗で且つ高性能なライト{j}ボウガン。{c03}LV1 貫通弾{/c}が{j}{c03}速射{/c}対応。{c11}≪ＨＣ武器≫{/c},"A graceful, high-performance Light{j}Bowgun.{c03}Can{j}{c03}rapid fire{/c}LV1 Pierce Ammo{/c}.{c11}≪HC Weapon≫{/c}"
1554,女ならざる侍女の乙女心が{j}宿る異世界の軽銃。低音響く、{j}{c03}LV1 徹甲榴弾{/c}が{c03}速射{/c}対応。,"A Light Bowgun from another world,{j}home to the maiden heart of a maid who is no woman. With a low report,{j}{c03}LV1 Crag Shot{/c}supports{c03}Rapid Fire{/c}."
1555,女ならざる侍女の乙女心が{j}宿る異世界の軽銃。低音響く、{j}{c03}LV1 徹甲榴弾{/c}が{c03}速射{/c}対応。,"A Light Bowgun from another world,{j}home to the maiden heart of a maid who is no woman. With a low report,{j}{c03}LV1 Crag Shot{/c}supports{c03}Rapid Fire{/c}."
1556,境界を超えし異世界の名器。{j}{c03}LV1 徹甲榴弾{/c}が{c03}速射{/c}対応。{j}{c11}≪ＨＣ武器≫{/c},A famed weapon from another world that crosses all boundaries.{j}{c03}LV1 Crag Shot{/c}supports{c03}Rapid Fire{/c}.{j}{c11}≪HC Weapon≫{/c}
1557,多殻蟹の素材から作られた弓。{j}独特な構造をしており、重い{j}が、意外と使いやすい。,"A Bow forged from Carapaceon materials. It has a{j}unique structure and is{j}heavy, yet surprisingly easy to use."
1558,多殻蟹の素材から作られた弓。{j}独特な構造をしており、重い{j}が、意外と使いやすい。,"A Bow forged from Carapaceon materials. It has a{j}unique structure and is{j}heavy, yet surprisingly easy to use."
1559,多殻蟹の素材から作られた弓。{j}独特な構造をしており、重い{j}が、意外と使いやすい。,"A Bow forged from Carapaceon materials. It has a{j}unique structure and is{j}heavy, yet surprisingly easy to use."
1560,重いが強靭な、多殻蟹素材{j}を独特の構造で仕上げた弓。{j}{c02}≪剛種武器≫{/c},A bow crafted with a unique structure from{j}heavy yet tough Carapaceon material.{j}{c02}≪Gou Weapon≫{/c}
1561,重いが強靭な、多殻蟹素材{j}を独特の構造で仕上げた弓。{j}{c02}≪剛種武器≫{/c},A bow crafted with a unique structure from{j}heavy yet tough Carapaceon material.{j}{c02}≪Gou Weapon≫{/c}
1562,究極の業を持って作られた{j}鋼龍の弓。未知なる力を宿す。{j}{c02}≪天嵐武器≫{/c},"Crafted with ultimate skill,{j}a Kushala Daora Bow. It harbors unknown power.{j}{c02}≪Tenran Weapon≫{/c}"
1563,エピドシスシリーズの弓。{j}造形は武器種ごとに様々だが、{j}実用性が高く愛用者が多い。,"Epidosis Series Bow.{j}The design varies by weapon type, but{j}it is highly practical and has many fans."
1564,エピドシスシリーズの弓。{j}造形は武器種ごとに様々だが、{j}実用性が高く愛用者が多い。,"Epidosis Series Bow.{j}The design varies by weapon type, but{j}it is highly practical and has many fans."
1565,エピドシスシリーズの弓。{j}造形は武器種ごとに様々だが、{j}実用性が高く愛用者が多い。,"Epidosis Series Bow.{j}The design varies by weapon type, but{j}it is highly practical and has many fans."
1566,カンビオシリーズの弓。{j}造形は武器種ごとに様々だが、{j}実用性が高く愛用者が多い。,"Kambio Series Bow. The{j}design varies by weapon type, but it is{j}highly practical and loved by many."
1567,カンビオシリーズの弓。{j}造形は武器種ごとに様々だが、{j}実用性が高く愛用者が多い。,"Kambio Series Bow. The{j}design varies by weapon type, but it is{j}highly practical and loved by many."
1568,カンビオシリーズの弓。{j}造形は武器種ごとに様々だが、{j}実用性が高く愛用者が多い。,"Kambio Series Bow. The{j}design varies by weapon type, but it is{j}highly practical and loved by many."
1569,装飾の施された黒い弓。{j}儀礼用だが実用性も兼ね備えた{j}名工謹製の逸品。{c11}≪ＨＣ武器≫{/c},"A black bow adorned with ornamentation.{j}Ceremonial, yet fully practical--{j}a masterpiece by a master craftsman.{c11}≪HC Weapon≫{/c}"
1570,キャラバンの民に協力して{j}いく中で作られた武器。{j}防御力が上がる。,A weapon made while cooperating with the Caravan{j}people. Defense increases.{j}
1571,攻撃対象を効率よく{j}破壊することを目的に{j}製造された弓。,A Bow{j}manufactured for the purpose of efficiently{j}destroying the target.
1572,攻撃対象を効率よく{j}破壊することを目的に{j}製造された弓。,A Bow{j}manufactured for the purpose of efficiently{j}destroying the target.
1573,攻撃対象を効率よく{j}破壊することを目的に{j}製造された弓。,A Bow{j}manufactured for the purpose of efficiently{j}destroying the target.
1574,攻撃対象を効率よく{j}破壊することを目的に{j}製造された弓。{c11}≪ＨＣ武器≫{/c},A Bow{j}manufactured for the purpose of efficiently{j}destroying the target.{c11}≪HC Weapon≫{/c}
1575,激流のごとき威力を誇る弓。{j}この弓を手にしたものは自然と{j}力が湧いてくると言われる。,A Bow boasting the power of a raging torrent.{j}Those who hold it are said to{j}gain strength naturally.
1576,激流のごとき威力を誇る弓。{j}この弓を手にしたものは自然と{j}力が湧いてくると言われる。,A Bow boasting the power of a raging torrent.{j}Those who hold it are said to{j}gain strength naturally.
1577,激流のごとき威力を誇る弓。{j}この弓を手にしたものは自然と{j}力が湧いてくると言われる。,A Bow boasting the power of a raging torrent.{j}Those who hold it are said to{j}gain strength naturally.
1578,激流のごとき威力を誇る弓。{j}この弓を手にしたものは自然と{j}力が湧いてくると言われる。,A Bow boasting the power of a raging torrent.{j}Those who hold it are said to{j}gain strength naturally.
1579,強大な飛竜をも落とす弓。{j}この弓を手にしたものは自然と{j}力が湧いてくると言われる。,A bow that can bring down even mighty wyverns.{j}Those who take up this bow are said to naturally{j}feel power welling up.
1580,強大な飛竜をも落とす弓。{j}この弓を手にしたものは自然と{j}力が湧いてくると言われる。,A bow that can bring down even mighty wyverns.{j}Those who take up this bow are said to naturally{j}feel power welling up.
1581,強大な飛竜をも落とす弓。{j}この弓を手にしたものは自然と{j}力が湧いてくると言われる。,A bow that can bring down even mighty wyverns.{j}Those who take up this bow are said to naturally{j}feel power welling up.
1582,強大な飛竜をも落とす弓。{j}この弓を手にしたものは自然と{j}力が湧いてくると言われる。,A bow that can bring down even mighty wyverns.{j}Those who take up this bow are said to naturally{j}feel power welling up.
1583,鉄をも溶かす火属性の弓。{j}この弓を手にしたものは自然と{j}力が湧いてくると言われる。,A Fire element Bow that can melt even iron.{j}It is said that those who hold this bow naturally{j}feel power welling up.
1584,鉄をも溶かす火属性の弓。{j}この弓を手にしたものは自然と{j}力が湧いてくると言われる。,A Fire element Bow that can melt even iron.{j}It is said that those who hold this bow naturally{j}feel power welling up.
1585,鉄をも溶かす火属性の弓。{j}この弓を手にしたものは自然と{j}力が湧いてくると言われる。,A Fire element Bow that can melt even iron.{j}It is said that those who hold this bow naturally{j}feel power welling up.
1586,鉄をも溶かす火属性の弓。{j}この弓を手にしたものは自然と{j}力が湧いてくると言われる。,A Fire element Bow that can melt even iron.{j}It is said that those who hold this bow naturally{j}feel power welling up.
1587,スティールレイヴンの設計図{j}を元に、異なる金属で新たに{j}開発された弓。,"Based on the Steel Raven blueprint{j}, a Bow newly{j}developed with a different metal."
1588,0,
1589,0,
1590,0,
1591,1,
1592,1,
1593,1,
1594,1,
1595,1,
1596,1,
1597,1,
1598,1,
1599,安定性を重視し、金属板で{j}補強された大口径弾用の{j}ヘビィボウガン。{c11}≪ＨＣ武器≫{/c},"A{j}heavy bowgun for large-caliber rounds,{j}reinforced with metal plates for stability.{c11}≪HC Weapon≫{/c}"
1600,一撃離脱用に設計された{j}遊撃向けヘビィボウガン。{j}見た目より軽い。{c11}≪ＨＣ武器≫{/c},A Heavy Bowgun built for hit-and-run{j}skirmishing.{j}Lighter than it looks.{c11}≪HC Weapon≫{/c}
1601,空陸の素材を合わせた重弩。{j}素材の耐火性を吟味し、圧倒{j}的な火力を誇る。{c11}≪ＨＣ武器≫{/c},"A Heavy Bowgun combining materials of sky and land.{j}Carefully selected for fire resistance, it boasts overwhelming{j}firepower.{c11}≪HC Weapon≫{/c}"
1602,極限まで高めた火力で獲物を{j}蜂の巣にする。{c03}LV2 通常弾{/c}が{j}{c03}速射{/c}対応。{c11}≪ＨＣ武器≫{/c},Turns prey into a{j}honeycomb with firepower honed to the limit.{c03}LV2 Normal Ammo{/c}{j}{c03}Rapid Fire{/c}capable.{c11}≪HC Weapon≫{/c}
1603,柔軟な拡張性に豊富な弾丸が{j}発射可能。{c03}火炎弾{/c}、{c03}水冷弾{/c}が{j}{c03}速射{/c}対応。{c11}≪ＨＣ武器≫{/c},"Flexible expandability allows{j}firing of abundant bullets.{c03}Fire Ammo{/c},{c03}Water Ammo{/c}support{j}{c03}Rapid Fire{/c}.{c11}≪HC Weapon≫{/c}"
1604,遠方大陸が発祥の地の名銃。{j}{c03}LV1 通常弾{/c}、{c03}火炎弾速射{/c}対応。{j}{c11}≪ＨＣ武器≫{/c},"A famous gun originating from a distant continent.{j}{c03}LV1 Normal S{/c},{c03}Flame S Rapid Fire{/c}compatible.{j}{c11}≪HC Weapon≫{/c}"
1605,遠方大陸が発祥の地の名銃。{j}{c03}LV1 通常弾{/c}、{c03}水冷弾速射{/c}対応。{j}{c11}≪ＨＣ武器≫{/c},"A famous gun originating from a distant continent.{j}{c03}LV1 Normal S{/c},{c03}Water S Rapid Fire{/c}compatible.{j}{c11}≪HC Weapon≫{/c}"
1606,眠れる森の野獣こと我らが{j}ヒプノックの素材で改良した{j}重厚な軽弩。{c11}≪ＨＣ武器≫{/c},"Improved with materials from our very{j}own Hypnocatrice, the beast of the{j}sleeping forest--a weighty Light Bowgun.{c11}≪HC Weapon≫{/c}"
1607,混合素材で弓身を補強し{j}耐久度を大幅に増強した{j}雷属性狩猟用弓。{c11}≪ＨＣ武器≫{/c},"A hunting bow with the Thunder element, its limbs reinforced with composite materials{j}to greatly boost durability{j}.{c11}≪HC Weapon≫{/c}"
1608,混合素材で弓身を補強し{j}耐久度を大幅に増強した{j}龍属性狩猟用弓。{c11}≪ＨＣ武器≫{/c},"A Dragon element hunting Bow reinforced with composite materials,{j}greatly increasing its durability.{j}{c11}≪HC Weapon≫{/c}"
1609,名匠の手によって補強された{j}火属性の弓。狙い撃った獲物{j}を燃やし尽くす。{c11}≪ＨＣ武器≫{/c},A{j}Fire-element Bow reinforced by a master craftsman. It burns to ash any prey{j}felled by a well-aimed shot.{c11}≪HC Weapon≫{/c}
1610,名匠の手によって補強された{j}弓。水に弱いモンスターに無類{j}の強さを誇る。{c11}≪ＨＣ武器≫{/c},A{j}Bow reinforced by a master craftsman. It boasts matchless{j}strength against monsters weak to water.{c11}≪HC Weapon≫{/c}
1611,甲虫素材を使用した高性能{j}氷弓。その軽さの為、すばやい{j}対応が可能。{c11}≪ＨＣ武器≫{/c},A high-performance{j}Ice Bow using Neopteron materials. Its lightness allows{j}swift response.{c11}≪HC Weapon≫{/c}
1612,凍てついた冬を耐えて得た{j}生命の息吹を芽吹かせた{j}剛弓。{c02}≪覇種武器≫{/c},A{j}mighty bow that caused the{j}breath of life obtained by enduring the frozen winter to bud.{c02}≪Supremacy Weapon≫{/c}
1613,究極の業を持って作られた{j}至高の鋼龍の弓。未知なる{j}力を宿す。{c02}≪覇種武器≫{/c},"Crafted with ultimate skill,{j}a supreme Kushala Daora Bow. It harbors unknown{j}power.{c02}≪Supremacy Weapon≫{/c}"
1614,特殊な技法で作成された{j}規格外中の規格外の{j}高機能弓。{c02}≪覇種武器≫{/c},"Crafted with special techniques,{j}a high-performance Bow that is{j}extraordinary even among the extraordinary.{c02}≪Supremacy Weapon≫{/c}"
1615,”排熱噴射機構”を搭載可能な{j}ヘビィボウガンの改良版。{j}{c02}≪覇種武器≫{/c},An improved version of the{j}Heavy Bowgun capable of mounting an exhaust heat ejection mechanism.{j}{c02}≪Supremacy Weapon≫{/c}
1616,天狼より放たれる一撃は黄泉へ{j}の誘い。葬ったものへの{j}葬送歌。{c02}≪覇種武器≫{/c},The blow loosed by Sirius is an invitation to{j}the underworld. A dirge{j}for the one it buries.{c02}≪Supremacy Weapon≫{/c}
1617,頑健なフレームがあらわす{j}基本性能の高さは折り紙{j}付き。{c02}≪覇種武器≫{/c},The high{j}base performance shown by its sturdy frame is guaranteed{j}.{c02}≪Supremacy Weapon≫{/c}
1618,再び生まれ変わった爆炎銃。{j}{c03}LV1 貫通弾{/c}と{c03}火炎弾{/c}が{j}{c03}超速射{/c}対応。{c02}≪覇種武器≫{/c},A Blaze Gun reborn once more.{j}{c03}Lv1 Piercing Shots{/c}and{c03}Flame Shots{/c}are{j}{c03}rapid fire{/c}capable.{c02}≪Supremacy Weapon≫{/c}
1619,龍木が素材の神秘的な軽弩。{j}{c03}LV2 通常弾{/c}、{c03}LV1 散弾{/c}が{j}{c03}超速射{/c}対応。{c02}≪覇種武器≫{/c},"A mysterious Light Bowgun made from Dragonwood.{j}{c03}LV2 Normal S{/c},{c03}LV1 Spread S{/c}are{j}{c03}Ultra Rapid Fire{/c}compatible.{c02}≪Supremacy Weapon≫{/c}"
1620,速射能力を覚醒させた軽弩。{j}{c03}LV2 通常弾{/c}、{c03}氷結弾{/c}が{c03}超速射{/c}{j}に対応。{c02}≪覇種武器≫{/c},"A light bowgun that has awakened its rapid fire ability.{j}{c03}LV2 Normal S{/c},{c03}Ice S{/c}are{c03}Ultra Rapid Fire{/c}{j}capable.{c02}≪Supremacy Weapon≫{/c}"
1621,夫婦の安寧を祈って作られた、{j}祭事の時などに使用する弓。{j}弦が切れると縁起が悪い。,"A bow made in prayer for a couple's peace,{j}used for festivals and other rites.{j}A snapped string is an ill omen."
1622,夫婦の安寧を祈って作られた、{j}祭事の時などに使用する弓。{j}弦が切れると縁起が悪い。,"A bow made in prayer for a couple's peace,{j}used for festivals and other rites.{j}A snapped string is an ill omen."
1623,夫婦の安寧を祈って作られた、{j}祭事の時などに使用する弓。{j}弦が切れると縁起が悪い。,"A bow made in prayer for a couple's peace,{j}used for festivals and other rites.{j}A snapped string is an ill omen."
1624,夫婦の安寧を祈って作られた、{j}祝い事の時に使われる弓。{j}{c16}≪親方印≫{/c},"A bow made in prayer for a couple's peace,{j}used on celebratory occasions.{j}{c16}≪Master Mark≫{/c}"
1625,二次元世界を彷徨い求める{j}武器職人の想いが込められた{j}秘蔵の弓。灼熱を纏う。,A treasured Bow imbued with the feelings of a{j}weaponsmith wandering the two-dimensional world in{j}search of it. Clad in scorching heat.
1626,二次元世界を彷徨い求める{j}武器職人の想いが込められた{j}秘蔵の弓。灼熱を纏う。,A treasured Bow imbued with the feelings of a{j}weaponsmith wandering the two-dimensional world in{j}search of it. Clad in scorching heat.
1627,二次元世界を彷徨い求める{j}武器職人の想いが込められた{j}秘蔵の弓。灼熱を纏う。,A treasured Bow imbued with the feelings of a{j}weaponsmith wandering the two-dimensional world in{j}search of it. Clad in scorching heat.
1628,所有者は二次元への想いで{j}身も心も焼き尽くされる。{j}狂気の弓。{c11}≪ＨＣ武器≫{/c},Its owner is{j}burned body and soul by his love for 2D.{j}A Bow of madness.{c11}≪HC Weapon≫{/c}
1629,攻撃対象を効率よく{j}殲滅することを目的に{j}製造された弓。,A Bow manufactured{j}to efficiently{j}annihilate its targets.
1630,攻撃対象を効率よく{j}殲滅することを目的に{j}製造された弓。,A Bow manufactured{j}to efficiently{j}annihilate its targets.
1631,攻撃対象を効率よく{j}殲滅することを目的に{j}製造された弓。,A Bow manufactured{j}to efficiently{j}annihilate its targets.
1632,攻撃対象を効率よく{j}殲滅することを目的に{j}製造された弓。{c11}≪ＨＣ武器≫{/c},A Bow manufactured{j}to efficiently{j}annihilate its targets.{c11}≪HC Weapon≫{/c}
1633,遠方を統治する国家で{j}主に攻城戦を目的として{j}採用されたボウガン。,"A bowgun{j}mainly for siege warfare,{j}adopted by a nation ruling a distant land."
1634,遠方を統治する国家で{j}主に攻城戦を目的として{j}採用されたボウガン。,"A bowgun{j}mainly for siege warfare,{j}adopted by a nation ruling a distant land."
1635,遠方を統治する国家で{j}主に攻城戦を目的として{j}採用されたボウガン。,"A bowgun{j}mainly for siege warfare,{j}adopted by a nation ruling a distant land."
1636,遠方を統治する国家で{j}採用されたボウガン。{j}{c11}≪ＨＣ武器≫{/c},A bowgun{j}adopted by a nation ruling a distant land.{j}{c11}≪HC Weapon≫{/c}
1637,遠方を統治する国家で{j}主に攻城戦を目的として{j}採用されたボウガン。,"A bowgun{j}mainly for siege warfare,{j}adopted by a nation ruling a distant land."
1638,遠方を統治する国家で{j}主に攻城戦を目的として{j}採用されたボウガン。,"A bowgun{j}mainly for siege warfare,{j}adopted by a nation ruling a distant land."
1639,遠方を統治する国家で{j}主に攻城戦を目的として{j}採用されたボウガン。,"A bowgun{j}mainly for siege warfare,{j}adopted by a nation ruling a distant land."
1640,遠方を統治する国家で{j}採用されたボウガン。{j}{c11}≪ＨＣ武器≫{/c},A bowgun{j}adopted by a nation ruling a distant land.{j}{c11}≪HC Weapon≫{/c}
1641,酒の力で解き放たれた{j}暴走する妄想が愛の銃弾を{j}放つ異世界の重機銃。,"An otherworldly heavy machine gun whose delusions,{j}unleashed by the power of drink, run wild and fire{j}bullets of love."
1642,酒の力で解き放たれた{j}暴走する妄想が愛の銃弾を{j}放つ異世界の重機銃。,"An otherworldly heavy machine gun whose delusions,{j}unleashed by the power of drink, run wild and fire{j}bullets of love."
1643,謎に包まれた異世界の重機銃。{j}真実が明かされた時、新たな{j}扉が開かれる。{c11}≪ＨＣ武器≫{/c},"A heavy machine gun from a mysterious other world.{j}When the truth is revealed, a new{j}door will open.{c11}≪HC Weapon≫{/c}"
1644,レジェンドラスタに与えられ{j}る名を冠した名誉の武器。ク{j}エストによって性能が変わる。,A weapon of honor bearing the name given to Legend{j}Rasta. Its performance changes depending on the{j}Quest.
1645,レジェンドラスタに与えられ{j}る名を冠した名誉の武器。ク{j}エストによって性能が変わる。,A weapon of honor bearing the name given to Legend{j}Rasta. Its performance changes depending on the{j}Quest.
1646,レジェンドラスタに与えられ{j}る名を冠した名誉の武器。ク{j}エストによって性能が変わる。,A weapon of honor bearing the name given to Legend{j}Rasta. Its performance changes depending on the{j}Quest.
1647,レジェンドラスタに与えられ{j}る名を冠した名誉の武器。ク{j}エストによって性能が変わる。,A weapon of honor bearing the name given to Legend{j}Rasta. Its performance changes depending on the{j}Quest.
1648,レジェンドラスタに与えられ{j}る名を冠した名誉の武器。ク{j}エストによって性能が変わる。,A weapon of honor bearing the name given to Legend{j}Rasta. Its performance changes depending on the{j}Quest.
1649,レジェンドラスタに与えられ{j}る名を冠した名誉の武器。ク{j}エストによって性能が変わる。,A weapon of honor bearing the name given to Legend{j}Rasta. Its performance changes depending on the{j}Quest.
1650,レジェンドラスタに与えられ{j}る名を冠した名誉の武器。ク{j}エストによって性能が変わる。,A weapon of honor bearing the name given to Legend{j}Rasta. Its performance changes depending on the{j}Quest.
1651,レジェンドラスタに与えられ{j}る名を冠した名誉の武器。ク{j}エストによって性能が変わる。,A weapon of honor bearing the name given to Legend{j}Rasta. Its performance changes depending on the{j}Quest.
1652,レジェンドラスタに与えられ{j}る名を冠した名誉の武器。ク{j}エストによって性能が変わる。,A weapon of honor bearing the name given to Legend{j}Rasta. Its performance changes depending on the{j}Quest.
1653,レジェンドラスタに与えられ{j}る名を冠した名誉の武器。ク{j}エストによって性能が変わる。,A weapon of honor bearing the name given to Legend{j}Rasta. Its performance changes depending on the{j}Quest.
1654,レジェンドラスタに与えられ{j}る名を冠した名誉の武器。ク{j}エストによって性能が変わる。,A weapon of honor bearing the name given to Legend{j}Rasta. Its performance changes depending on the{j}Quest.
1655,レジェンドラスタに与えられ{j}る名を冠した名誉の武器。ク{j}エストによって性能が変わる。,A weapon of honor bearing the name given to Legend{j}Rasta. Its performance changes depending on the{j}Quest.
1656,レジェンドラスタに与えられ{j}る名を冠した名誉の武器。ク{j}エストによって性能が変わる。,A weapon of honor bearing the name given to Legend{j}Rasta. Its performance changes depending on the{j}Quest.
1657,レジェンドラスタに与えられ{j}る名を冠した名誉の武器。ク{j}エストによって性能が変わる。,A weapon of honor bearing the name given to Legend{j}Rasta. Its performance changes depending on the{j}Quest.
1658,レジェンドラスタに与えられ{j}る名を冠した名誉の武器。ク{j}エストによって性能が変わる。,A weapon of honor bearing the name given to Legend{j}Rasta. Its performance changes depending on the{j}Quest.
1659,レジェンドラスタに与えられ{j}る名を冠した名誉の武器。ク{j}エストによって性能が変わる。,A weapon of honor bearing the name given to Legend{j}Rasta. Its performance changes depending on the{j}Quest.
1660,レジェンドラスタに与えられ{j}る名を冠した名誉の武器。ク{j}エストによって性能が変わる。,A weapon of honor bearing the name given to Legend{j}Rasta. Its performance changes depending on the{j}Quest.
1661,レジェンドラスタに与えられ{j}る名を冠した名誉の武器。ク{j}エストによって性能が変わる。,A weapon of honor bearing the name given to Legend{j}Rasta. Its performance changes depending on the{j}Quest.
1662,数々の凶暴なモンスターを{j}狩猟可能にした重弩。{j}初心者ハンターにオススメ！,A Heavy Bowgun that made it possible to{j}Hunt many ferocious monsters.{j}Recommended for beginner Hunters!
1663,強力なモンスターに対抗する{j}べく作られた、武器の試作品。{j}かつてない力を秘めている。,A prototype weapon made{j}to contend with powerful monsters.{j}It holds unprecedented power.
1664,装飾が施された白い重弩。{j}儀礼用であったものを鍛え、{j}至高の逸品へと昇華した。,"A decorated white Heavy Bowgun.{j}Forged from a ceremonial piece,{j}it has been elevated to a supreme masterpiece."
1665,古の装飾が施された青い軽弩。{j}実用性も兼ねた名工の逸品。{j}{c03}火炎弾、水冷弾{/c}が{c03}速射{/c}対応。,"A blue Light Bowgun adorned with ancient decorations.{j}A masterpiece of a master artisan that also serves practical use.{j}{c03}Fire Ammo, Water Ammo{/c}are{c03}Rapid Fire{/c}compatible."
1666,古の装飾が施された青い軽弩。{j}実用性も兼ねた名工の逸品。{j}{c03}火炎弾、水冷弾{/c}が{c03}速射{/c}対応。,"A blue Light Bowgun adorned with ancient decorations.{j}A masterpiece of a master artisan that also serves practical use.{j}{c03}Fire Ammo, Water Ammo{/c}are{c03}Rapid Fire{/c}compatible."
1667,古の装飾が施された青い軽弩。{j}実用性も兼ねた名工の逸品。{j}{c03}火炎弾、水冷弾{/c}が{c03}速射{/c}対応。,"A blue Light Bowgun adorned with ancient decorations.{j}A masterpiece of a master artisan that also serves practical use.{j}{c03}Fire Ammo, Water Ammo{/c}are{c03}Rapid Fire{/c}compatible."
1668,装飾が施された、名工謹製の{j}軽弩。{c03}火炎弾、水冷弾{/c}が{c03}速射{/c}{j}対応。{c16}≪親方印≫{/c},"A decorated, master-crafted{j}light bowgun.{c03}Fire and Water Ammo{/c}{c03}Rapid Fire{/c}{j}supported.{c16}≪Master Mark≫{/c}"
1669,{c03}LV1 徹甲榴弾、火炎弾{/c}が、{j}{c03}速射{/c}対応。本物の炎妃龍の素{j}材を使用。{c11}≪ＨＣ武器≫{/c},{c03}Lv1 Crag S. and Fire S.{/c}can be{j}{c03}rapid-fired{/c}. Crafted with{j}genuine Lunastra materials.{c11}≪HC Weapon≫{/c}
1670,祭具を模して作られた黄金色{j}の軽弩。{c03}LV1 散弾、火炎弾{/c}{j}が{c03}速射{/c}対応。,"A golden{j}Light Bowgun modeled after ritual tools.{c03}LV1 Pellet S, Fire S{/c}{j}can use{c03}Rapid Fire{/c}."
1671,祭具を模して作られた黄金色{j}の軽弩。{c03}LV1 散弾、火炎弾{/c}{j}が{c03}速射{/c}対応。,"A golden{j}Light Bowgun modeled after ritual tools.{c03}LV1 Pellet S, Fire S{/c}{j}can use{c03}Rapid Fire{/c}."
1672,祭具を模して作られた黄金色{j}の軽弩。{c03}LV1 散弾、火炎弾{/c}{j}が{c03}速射{/c}対応。,"A golden{j}Light Bowgun modeled after ritual tools.{c03}LV1 Pellet S, Fire S{/c}{j}can use{c03}Rapid Fire{/c}."
1673,祭具を模して作られた黄金色{j}の軽弩。{c03}LV1 散弾、火炎弾{/c}{j}が{c03}速射{/c}対応。{c11}≪ＨＣ武器≫{/c},"A golden{j}Light Bowgun modeled after ritual tools.{c03}LV1 Pellet S, Fire S{/c}{j}can use{c03}Rapid Fire{/c}.{c11}≪HC Weapon≫{/c}"
1674,祭具を模して作られた黄金色{j}の軽弩。{c03}LV1 散弾、火炎弾{/c}{j}が{c03}速射{/c}対応。,"A golden{j}Light Bowgun modeled after ritual tools.{c03}LV1 Pellet S, Fire S{/c}{j}can use{c03}Rapid Fire{/c}."
1675,数々の凶暴なモンスターを{j}狩猟可能にした軽弩。{c03}火炎弾{/c}{j}と{c03}LV1 貫通弾{/c}の{c03}速射{/c}が可能。,A Light Bowgun that made it possible to{j}Hunt many ferocious monsters.{c03}Flame Ammo{/c}{j}and{c03}Lv1 Piercing Ammo{/c}can be fired as a{c03}Rapid Fire{/c}.
1676,強力なモンスターに対抗する{j}べく試作された軽弩。{c03}火炎弾、{j}LV1 貫通弾{/c}が{c03}速射{/c}対応。,A Light Bowgun prototyped{j}to contend with powerful monsters.{c03}Fire Ammo and{j}LV1 Pierce Ammo{/c}can{c03}Rapid Fire{/c}.
1677,儀礼用だが、実用性も重視し{j}て作られた白い軽弩。{c03}氷結弾、{j}LV2 通常弾{/c}が{c03}速射{/c}対応。,"A white light bowgun made for rituals, yet also{j}built with practicality in mind.{c03}Freeze Ammo and{j}LV2 Normal Ammo{/c}are{c03}rapid-fire{/c}capable."
1678,様々なモンスターの骨を{j}つなぎ合わせて作った弓。{j}禍々しい雰囲気を感じる。,A bow made by tying together{j}bones from various monsters.{j}It gives off an ominous aura.
1679,様々なモンスターの骨を{j}つなぎ合わせて作った弓。{j}禍々しい雰囲気を感じる。,A bow made by tying together{j}bones from various monsters.{j}It gives off an ominous aura.
1680,様々なモンスターの骨を{j}つなぎ合わせて作った弓。{j}禍々しい雰囲気を感じる。,A bow made by tying together{j}bones from various monsters.{j}It gives off an ominous aura.
1681,禍々しい骨を繋ぎ合せた弓。{j}一度に大量の矢を番え、{j}放てる。{c16}≪親方印≫{/c},A Bow made of joined ominous bones.{j}It can nock and loose{j}a great many arrows at once.{c16}≪Master Mark≫{/c}
1682,禍々しい骨を繋ぎ合せた弓。{j}放った矢は敵の急所に{j}的確に刺さる。{c11}≪ＨＣ武器≫{/c},A Bow made of joined ominous bones.{j}The arrows it looses pierce the enemy's vitals{j}with precision.{c11}≪HC Weapon≫{/c}
1683,この弓を手にしたものは自然と{j}力が湧いてくると言われる。{j}{c11}≪ＨＣ武器≫{/c},Those who take up this Bow are said to naturally{j}feel power welling up.{j}{c11}≪HC Weapon≫{/c}
1684,特殊な技法で作り出された合{j}成物を加工した白き弓。{j}秘めた力を感じさせる。,A white Bow crafted from a compound{j}produced by special techniques.{j}You can sense the hidden power within.
1685,特殊な技法で作り出された合{j}成物を加工した白き弓。{j}秘めた力を感じさせる。,A white Bow crafted from a compound{j}produced by special techniques.{j}You can sense the hidden power within.
1686,特殊な技法で作り出された合{j}成物を加工した白き弓。{j}秘めた力を感じさせる。,A white Bow crafted from a compound{j}produced by special techniques.{j}You can sense the hidden power within.
1687,特殊な合成物を研ぎ澄まし、{j}真価を発揮した白き弓。{j}何者も的確に貫く。,"A white Bow refined from a special compound,{j}revealing its true worth.{j}It pierces any target true."
1688,叫ぶ精霊の名を冠する白き弓。{j}知性の象徴として賢者を導く{j}と唄われる。{c11}≪ＨＣ武器≫{/c},A white bow bearing the name of a crying spirit.{j}It is sung that it guides the wise{j}as a symbol of intellect.{c11}≪HC Weapon≫{/c}
1689,精霊の加護を信じる一族が{j}扱っていた白い弓。{j}狙った場所を正確に撃ちぬく。,A white bow wielded by a tribe that believes in the{j}protection of spirits. It accurately pierces the{j}intended spot.
1690,特殊な技法で作り出された合{j}成物を加工した白き弓。{j}秘めた力を感じさせる。,A white Bow crafted from a compound{j}produced by special techniques.{j}You can sense the hidden power within.
1691,特殊な技法で作り出された合{j}成物を加工した白き弓。{j}秘めた力を感じさせる。,A white Bow crafted from a compound{j}produced by special techniques.{j}You can sense the hidden power within.
1692,特殊な技法で作り出された合{j}成物を加工した白き弓。{j}秘めた力を感じさせる。,A white Bow crafted from a compound{j}produced by special techniques.{j}You can sense the hidden power within.
1693,特殊な合成物を研ぎ澄まし、{j}真価を発揮した白き弓。{j}握れば動きが機敏になる。,"A white Bow refined from a special compound,{j}revealing its true worth.{j}Holding it makes your movements nimble."
1694,速き精霊の名を冠する白き弓。{j}自由の象徴として旅人を導く{j}と唄われる。{c11}≪ＨＣ武器≫{/c},A white bow bearing the name of a swift spirit.{j}It is sung that it guides travelers as a symbol of freedom.{j}{c11}≪HC Weapon≫{/c}
1695,精霊の加護を信じる一族が{j}扱っていた白い弓。放たれた{j}矢は美しい軌跡を残して飛ぶ。,"A white bow wielded by a tribe that believes in the{j}protection of spirits. The arrow it fires flies,{j}leaving a beautiful trail."
1696,別世界の弓兵が愛用する弓。{j}「偽・螺旋剣」カラドボルク賖{j}という武器を物質化し、放つ。,A bow favored by an archer from another world. It{j}materializes and looses the weapon 'False Spiral{j}Sword' Caladbolg.
1697,別世界の弓兵が愛用する弓。{j}「偽・螺旋剣」カラドボルク賖{j}という武器を物質化し、放つ。,A bow favored by an archer from another world. It{j}materializes and looses the weapon 'False Spiral{j}Sword' Caladbolg.
1698,別世界の弓兵が愛用する弓。{j}「偽・螺旋剣」カラドボルク賖{j}という武器を物質化し、放つ。,A bow favored by an archer from another world. It{j}materializes and looses the weapon 'False Spiral{j}Sword' Caladbolg.
1699,「偽・螺旋剣」カラドボルク賖{j}という武器を物質化し、撃ち{j}出す弓。{c11}≪ＨＣ武器≫{/c},"A bow that materializes the weapon known as the 'False Spiral Sword', Caladbolg{j}, and shoots it{j}out.{c11}≪HC Weapon≫{/c}"
1700,別世界の弓兵が愛用する弓。{j}「偽・螺旋剣」カラドボルク賖{j}という武器を物質化し、放つ。,A bow favored by an archer from another world. It{j}materializes and looses the weapon 'False Spiral{j}Sword' Caladbolg.
1701,数々の凶暴なモンスターを{j}狩猟可能にした弓。{j}初心者ハンターにオススメ！,Bow that made it possible to{j}hunt countless ferocious monsters.{j}Recommended for beginner Hunters!
1702,強力なモンスターに対抗する{j}べく作られた、武器の試作品。{j}かつてない力を秘めている。,A prototype weapon made{j}to contend with powerful monsters.{j}It holds unprecedented power.
1703,装飾が施された白い弓。{j}儀礼用であったものを鍛え、{j}至高の逸品へと昇華した。,"A white Bow adorned with ornamentation.{j}Forged from a ceremonial piece,{j}it has been sublimated into a supreme masterpiece."
1704,数々の凶暴なモンスターを{j}狩猟可能にした重弩。{j}改良により攻撃力ＵＰ！,A Heavy Bowgun that made it possible to{j}Hunt many ferocious monsters.{j}Attack boosted through upgrades!
1705,数々の凶暴なモンスターを{j}狩猟可能にした重弩。{j}{c07}ＳＰ武器{/c},A Heavy Bowgun that made it possible to{j}Hunt many ferocious monsters.{j}{c07}SP Weapon{/c}
1706,Ｇ級ハンター向けの重弩。{j}新たな武器を手に、未知なる{j}モンスターに挑め！,"Heavy Bowgun for G-rank Hunters.{j}With a new weapon in hand, challenge unknown{j}monsters!"
1707,数々の凶暴なモンスターを{j}狩猟可能にした軽弩。{c03}火炎弾{/c}{j}と{c03}LV1 貫通弾{/c}の{c03}速射{/c}が可能。,A Light Bowgun that made it possible to{j}Hunt many ferocious monsters.{c03}Flame Ammo{/c}{j}and{c03}Lv1 Piercing Ammo{/c}can be fired as a{c03}Rapid Fire{/c}.
1708,凄腕ハンター用軽弩。{c03}火炎弾、{j}LV1 貫通弾{/c}の{c03}速射{/c}に対応。{j}{c07}ＳＰ武器{/c},"Light Bowgun for master hunters. Supports{c03}Flaming Ammo,{j}LV1 Pierce Ammo{/c}'s{c03}rapid fire{/c}.{j}{c07}SP Weapon{/c}"
1709,Ｇ級ハンター向けのライト{j}ボウガン。{c03}LV1 貫通弾{/c}と{j}{c03}火炎弾{/c}の{c03}速射{/c}が可能。,A Light{j}Bowgun for G-rank Hunters.{c03}LV1 Pierce S{/c}and{j}{c03}Flame S{/c}can be{c03}Rapid Fired{/c}.
1710,数々の凶暴なモンスターを{j}狩猟可能にした弓。{j}改良により攻撃力ＵＰ！,Bow that made it possible to{j}hunt countless ferocious monsters.{j}Upgraded to increase Attack!
1711,数々の凶暴なモンスターを{j}狩猟可能にした弓。{j}{c07}ＳＰ武器：LV1{/c},Bow that made it possible to{j}hunt countless ferocious monsters.{j}{c07}SP Weapon: LV1{/c}
1712,数々の凶暴なモンスターを{j}狩猟可能にした弓。{j}{c07}ＳＰ武器：LV4{/c},Bow that made it possible to{j}hunt countless ferocious monsters.{j}{c07}SP Weapon: LV4{/c}
1713,数々の凶暴なモンスターを{j}狩猟可能にした弓。{j}{c07}ＳＰ武器：LV7{/c},Bow that made it possible to{j}hunt countless ferocious monsters.{j}{c07}SP Weapon: LV7{/c}
1714,Ｇ級ハンター向けの弓。{j}新たな武器を手に、未知なる{j}モンスターに挑め！,"Bow for G-rank Hunters.{j}With a new weapon in hand, challenge unknown{j}monsters!"
1715,0,
1716,0,
1717,怪鳥が両翼を広げたような弓。{j}イャンクックのブレスの様な{j}火矢を放つ。,A bow shaped like a bird wyvern with both wings{j}spread. Looses flame arrows like Yian Kut-Ku's{j}breath.
1718,イャンクックの姿を模した{j}軽弩。{c03}LV1 散弾速射{/c}が{j}まるで大怪鳥の怒りの様。,A Light Bowgun{j}modeled after a Yian Kut-Ku.{c03}Its LV1 Pellet rapid fire{/c}is{j}just like the Great Bird Wyvern's rage.
1719,ＢＢ式という特殊な発火方式{j}を利用した重砲。耐熱のため{j}にイャンクック素材を使用。,"A Heavy Bowgun that uses the special BB-type firing{j}mechanism . For heat resistance, Yian Kut-Ku{j}materials are used in."
1720,堅い地層の大岩をも穿つ弓。{j}盾蟹のブレスを彷彿とさせる{j}一矢を放つ。,A Bow that pierces even the great boulders of hard{j}strata. It looses a single arrow that calls to mind{j}a Shield Crab's breath.
1721,伝統的なモデルに盾蟹素材を{j}組み込んだライトボウガン。{j}{c03}LV2 通常弾{/c}が{c03}速射{/c}可能。,A traditional-model Light Bowgun{j}assembled from Daimyo Hermitaur parts.{j}{c03}LV2 Normal S{/c}can be{c03}rapid-fired.{/c}
1722,盾蟹素材にほれ込んだ職人が{j}改良に改良を重ねた重弩。{j}性能がその執念を物語る。,A Heavy Bowgun refined over and over by a smith{j}enamored with Shield Crab materials.{j}Its performance speaks to his obsession.
1723,牙そのものの形状を活かした成{j}と、頭部を模した藤頭が特徴的{j}な凍海獣の水弓。,"A water bow of the frozen sea beast,, characterized{j}by its form that makes use of the fang's very shape{j}and its wisteria head modeled after the head."
1724,軽く強く引くことができる{j}ようにと設計された弓。{j}十分な威力と貫通力を誇る。,A Bow designed{j}so it can be drawn lightly and with power.{j}It boasts ample might and penetration.
1725,弾力性に富んだ素材を使用し、{j}砲身の耐久度を上げた軽弩。{j}{c03}LV1 貫通弾{/c}が{c03}速射{/c}可能。,A Light Bowgun that uses highly elastic materials{j}to raise barrel durability.{j}{c03}LV1 Pierce{/c}can be{c03}Rapid Fired{/c}.
1726,軽めで、取り回しの良い重弩。{j}毒怪鳥のとさかを使うことで、{j}正確に照準を合わせられる。,"A somewhat light, easy-to-handle Heavy Bowgun. By{j}using a Gypceros's crest, you can aim accurately.{j}"
1727,桃毛獣の素材を用いた弓。{j}アクセントにこだわりを{j}感じる一品。,A Bow made using Congalala materials. A piece in{j}which you can feel the maker's care for its{j}accents.
1728,桃毛獣の素材をいかした{j}ライトボウガン。,A{j}Light Bowgun that makes the most of Congalala materials.
1729,桃毛獣の臭いが残る{j}ヘビィボウガン。{j}破壊力は折り紙つき。,A{j}Heavy Bowgun that still reeks of Congalala. Its{j}destructive power is guaranteed.
1730,傾雷鳥の素材で作られた、{j}高性能の雷重弩。外観の{j}再現度もなかなかのもの。,"Made from Thunderbird materials, a high-performance{j}thunder heavy bowgun. Its appearance has been{j}recreated with impressive fidelity."
1731,高い命中率を誇る狩猟弓。{j}弓幹にしなやかなレイアの素{j}材を利用することで実現。,A Bow boasting a high accuracy rate.{j}Achieved by using supple Rathian{j}material in its limbs.
1732,実用性のみを追及し攻撃のみ{j}に特化したライトボウガン。{j}{c03}火炎弾{/c}が{c03}速射{/c}可能。,A Light Bowgun that pursues only practicality and specializes solely in{j}attack.{j}{c03}Flaming Ammo{/c}can be{c03}rapid-fired{/c}.
1733,雌火竜の尾をモチーフにした{j}重弩。試作段階の新しい発射{j}機構が採用され威力が向上。,A Heavy Bowgun modeled after a Rathian's tail. A{j}new prototype firing mechanism boosts its power.{j}
1734,岩竜の甲殻を使った弓。{j}特殊な構造をしており、容易{j}に強く矢を引くことができる。,A Bow made from Basarios carapace.{j}Its special structure allows{j}one to draw arrows strongly with ease.
1735,軽量で汎用性に長けたライト{j}ボウガン。常に安定した性能{j}を発揮する。,A Light Bowgun that is lightweight and highly{j}versatile. It always delivers stable performance.{j}
1736,砲身に岩竜の素材を使用。{j}連続使用にも耐えられる強度{j}を実現することに成功した。,The barrel uses Basarios materials.{j}It succeeded in achieving strength{j}that withstands continuous use.
1737,主に鉱石を用いているが{j}甲殻のようなしなやかさもあり{j}扱いやすい。万人受けする弓。,"Although it mainly uses ore, it also has the{j}flexibility of a carapace, making it easy to{j}handle. A Bow that appeals to everyone."
1738,強靭な硬さを誇る素材を、{j}さらに鍛えて作られた{j}ライトボウガン。,A Light Bowgun{j}made by further forging material{j}renowned for its incredible hardness.
1739,職人が、威力と美しさにも{j}こだわったヘビィボウガン。{j}青い模様はすべて天然素材。,A Heavy Bowgun crafted by an artisan who{j}was particular about both power and beauty.{j}All of its blue patterns are natural materials.
1740,針纏竜の荒々しさを宿した{j}軽弩。{c03}LV2 通常弾{/c}と{c03}LV1 散弾、{j}貫通弾{/c}が{c03}速射{/c}可能。,"A Light Bowgun that carries{j}Hyujikiki's ferocity.{c03}LV2 Normal S{/c}and{c03}LV1 Spread S,{j}Pierce S{/c}can all be{c03}rapid-fired{/c}."
1741,フルフル素材の雷弓。{j}その怪しげな形状が一部の{j}ハンターに大人気だという。,A Thunder Bow made of Khezu materials. Its eerie{j}shape is said to be hugely popular with some{j}Hunters.
1742,フルフル素材の不気味な{j}ライトボウガン。{j}{c03}LV1 貫通弾{/c}が{c03}速射{/c}可能。,A sinister{j}Light Bowgun made of Khezu materials.{j}{c03}LV1 Pierce Ammo{/c}can be{c03}Rapid Fired{/c}.
1743,小さなフルフルのような、{j}不気味な形状をした{j}ヘビィボウガン。,"A Heavy Bowgun{j}with an eerie shape,{j}like a small Khezu."
1744,細工の難しい火竜の素材を特{j}殊な技法を用いることで弓に{j}採用。その威力は折り紙つき。,"Rathalos material, hard to work, is shaped with{j}special techniques and adopted for this bow. Its{j}power is guaranteed."
1745,発射機構に耐久性の高い火竜{j}の素材を用いることで、全局{j}面に対応可能な軽弩が完成。,"By using highly durable Rathalos materials for the{j}firing mechanism, a Light Bowgun capable of{j}handling all situations was completed."
1746,火竜の素材を贅沢に使った重{j}弩。モンスターの鎮圧、この{j}重弩唯一の設計思想となる。,A Heavy Bowgun made with lavish use of Rathalos{j}materials. Subduing monsters is the sole design{j}philosophy of this Heavy Bowgun.
1747,雪獅子の素材で作られた猟弓。{j}可愛らしい見た目から、女性{j}ハンターに愛用者が多い。,A hunting Bow made from Blangonga materials.{j}Its cute appearance makes it a favorite{j}among female Hunters.
1748,丈夫な雪獅子の毛皮を使い{j}作られた軽弩。{c03}氷結弾{/c}と{j}{c03}LV2 通常弾{/c}が{c03}速射{/c}可能。,A Light Bowgun made using{j}a sturdy Snow Lion pelt.{c03}Freeze Ammo{/c}and{j}{c03}LV2 Normal Ammo{/c}can be{c03}rapid-fired{/c}.
1749,雪獅子の素材で作られたヘビ{j}ィボウガン。砲撃後銃身が熱{j}くならない様に作られている。,A Heavy Bowgun made from Blangonga materials.{j}It is designed so its barrel does not{j}become hot after firing.
1750,爆狼を象徴するような弓。{j}その矢は、的中した対象を{j}燃え上がらせるという。,A bow that symbolizes the Blast Wolf.{j}Its arrows are said to set the targets they hit{j}ablaze.
1751,0,
1752,0,
1753,0,
1754,0,
1755,0,
1756,0,
1757,0,
1758,0,
1759,0,
1760,0,
1761,神秘的な装飾が施された{j}ヘビィボウガン。見た目に{j}反し、高火力。,"A Heavy Bowgun adorned with mysterious{j}decoration. Despite its looks,{j}it boasts high firepower."
1762,神秘的な装飾が施された{j}ヘビィボウガン。見た目に{j}反し、高火力。,"A Heavy Bowgun adorned with mysterious{j}decoration. Despite its looks,{j}it boasts high firepower."
1763,神秘的な装飾が施された{j}ヘビィボウガン。見た目に{j}反し、高火力。,"A Heavy Bowgun adorned with mysterious{j}decoration. Despite its looks,{j}it boasts high firepower."
1764,神秘的な装飾が施された{j}ヘビィボウガン。見た目に{j}反し、高火力。,"A Heavy Bowgun adorned with mysterious{j}decoration. Despite its looks,{j}it boasts high firepower."
1765,神秘的な装飾が施された{j}ヘビィボウガン。見た目に{j}反し、高火力。{c11}≪ＨＣ武器≫{/c},"A Heavy Bowgun adorned with mysterious{j}decoration. Despite its looks,{j}it boasts high firepower.{c11}≪HC Weapon≫{/c}"
1766,神秘的な装飾が施された{j}ヘビィボウガン。見た目に{j}反し、高火力。,"A Heavy Bowgun adorned with mysterious{j}decoration. Despite its looks,{j}it boasts high firepower."
1767,神秘的な装飾が施された{j}ヘビィボウガン。見た目に{j}反し、高火力。,"A Heavy Bowgun adorned with mysterious{j}decoration. Despite its looks,{j}it boasts high firepower."
1768,神秘的な装飾が施された{j}ヘビィボウガン。見た目に{j}反し、高火力。,"A Heavy Bowgun adorned with mysterious{j}decoration. Despite its looks,{j}it boasts high firepower."
1769,神秘的な装飾が施された{j}ヘビィボウガン。見た目に{j}反し、高火力。,"A Heavy Bowgun adorned with mysterious{j}decoration. Despite its looks,{j}it boasts high firepower."
1770,神秘的な装飾が施された{j}ヘビィボウガン。見た目に{j}反し、高火力。,"A Heavy Bowgun adorned with mysterious{j}decoration. Despite its looks,{j}it boasts high firepower."
1771,神秘的な装飾が施された{j}ヘビィボウガン。見た目に{j}反し、高火力。{c11}≪ＨＣ武器≫{/c},"A Heavy Bowgun adorned with mysterious{j}decoration. Despite its looks,{j}it boasts high firepower.{c11}≪HC Weapon≫{/c}"
1772,神秘的な装飾が施された{j}ヘビィボウガン。見た目に{j}反し、高火力。,"A Heavy Bowgun adorned with mysterious{j}decoration. Despite its looks,{j}it boasts high firepower."
1773,装飾が施された黒い重弩。{j}儀礼用であったものを鍛え、{j}至高の逸品へと昇華した。,"A decorated black Heavy Bowgun.{j}Forged from a ceremonial bowgun,{j}it has been elevated to a supreme masterpiece."
1774,太古の覇者が使用した重砲。{j}骨を砕き、地を穿つほどの{j}威力をもつ。{c11}≪ＨＣ武器≫{/c},A heavy cannon used by the ancient conqueror.{j}Enough to crush bone and pierce the earth{j}Possesses power.{c11}≪HC Weapon≫{/c}
1775,安定性を重視し、金属板で{j}補強された大口径弾用の{j}ヘビィボウガン。,"A{j}heavy bowgun for large-caliber rounds,{j}reinforced with metal plates for stability."
1776,一撃離脱用に設計された{j}遊撃向けヘビィボウガン。{j}重そうに見えてわりと軽い。,"A Heavy Bowgun built for hit-and-run{j}skirmishing.{j}Looks heavy, but it's fairly light."
1777,頑丈かつ軽量な特殊合金を{j}使用し、威力と汎用性を両立{j}した逸品。{c11}≪ＨＣ武器≫{/c},A masterpiece that{j}uses a sturdy and lightweight special alloy to achieve both power and versatility{j}.{c11}≪HC Weapon≫{/c}
1778,頑丈かつ軽量な特殊合金を{j}使用することにより、威力と{j}汎用性を両立した逸品。,"A masterpiece that, by using a sturdy and{j}lightweight special alloy, achieves both power and{j}versatility."
1779,頑丈かつ軽量な特殊合金を{j}使用し、威力と属性弾を両立{j}した逸品。{c11}≪ＨＣ武器≫{/c},A masterpiece that{j}uses a sturdy and lightweight special alloy to achieve both power and elemental shots{j}.{c11}≪HC Weapon≫{/c}
1780,頑丈かつ軽量な特殊合金を{j}使用することにより、威力と{j}属性弾装填数を両立した逸品。,"A masterpiece that, by using a sturdy and{j}lightweight special alloy, achieves both power and{j}elemental shot capacity."
1781,朱と蒼に染まる重弩。{j}２頭の牙獣を討ち取った証。{j}{c02}≪剛種武器≫{/c},A Heavy Bowgun dyed crimson and blue.{j}Proof that two Fanged Beasts were slain.{j}{c02}≪Gou Weapon≫{/c}
1782,新たな素材により、蓄え{j}られた力が武器より溢れ出す。{j}{c02}≪天嵐武器≫{/c},"With new materials, the power stored{j}within overflows from the weapon.{j}{c02}≪Tenran Weapon≫{/c}"
1783,力が開放された重弩。{j}持ち主を狩場へ誘う。{j}{c02}≪覇種武器≫{/c},A heavy bowgun whose power has been unleashed.{j}It leads its owner to the hunting ground.{j}{c02}≪Supremacy Weapon≫{/c}
1784,狩りを闘いに変えると{j}伝わる恐るべき重弩。{j}{c02}≪Ｇ級覇種≫{/c},Fearsome Heavy Bowgun said{j}to turn hunting into battle.{j}{c02}≪G-Rank Supremacy≫{/c}
1785,偶然は二度起こる事もあると{j}工房長は静かに語る。{j}{c02}≪Ｇ級覇種≫{/c},"Coincidence can happen twice,{j}the Workshop Chief says quietly.{j}{c02}≪G-Rank Supremacy≫{/c}"
1786,弩岩竜の素材で作られた重弩。{j}狙い、構え、激しく発射！{j}{c02}≪Ｇ級覇種≫{/c},"A Heavy Bowgun made from Crossbow Rock Dragon materials.{j}Aim, ready, and fire fiercely!{j}{c02}≪G-Rank Supremacy≫{/c}"
1787,”排熱噴射機構”をそのままに{j}随所に改良を加えた重弩。{j}{c02}≪Ｇ級覇種≫{/c},A Heavy Bowgun{j}refined in many ways while retaining its exhaust heat ejection mechanism.{j}{c02}≪G-Rank Supremacy≫{/c}
1788,天狼より放たれる一撃は黄泉へ{j}の誘い。葬った獲物への{j}鎮魂歌。{c02}≪Ｇ級覇種≫{/c},The blow loosed by Sirius is an invitation to{j}the underworld. A requiem{j}for the prey it buries.{c02}≪G-Rank Supremacy≫{/c}
1789,更に強固となったフレームが{j}物語る、基本性能の高さは{j}折り紙付き。{c02}≪Ｇ級覇種≫{/c},The even sturdier frame{j}tells the tale; its high base performance is{j}beyond doubt.{c02}≪G-Rank Supremacy≫{/c}
1790,巨大なモンスターの素材から{j}作られた軽弩。{c03}LV2 通常弾{/c}、{j}{c03}LV1 貫通弾{/c}の{c03}速射{/c}が可能。,"A Light Bowgun made from giant monster materials{j}.{c03}LV2 Normal Ammo{/c},{j}{c03}LV1 Pierce Ammo{/c}'s{c03}Rapid Fire{/c}is possible."
1791,巨大なモンスターの素材から{j}作られた軽弩。{c03}LV2 通常弾{/c}、{j}{c03}LV1 貫通弾{/c}の{c03}速射{/c}が可能。,"A Light Bowgun made from giant monster materials{j}.{c03}LV2 Normal Ammo{/c},{j}{c03}LV1 Pierce Ammo{/c}'s{c03}Rapid Fire{/c}is possible."
1792,巨大なモンスターの素材から{j}作られた軽弩。{c03}LV2 通常弾{/c}、{j}{c03}LV1 貫通弾{/c}の{c03}速射{/c}が可能。,"A Light Bowgun made from giant monster materials{j}.{c03}LV2 Normal Ammo{/c},{j}{c03}LV1 Pierce Ammo{/c}'s{c03}Rapid Fire{/c}is possible."
1793,巨大なモンスターの素材から{j}作られた軽弩。{c03}LV2 通常弾{/c}、{j}{c03}LV1 貫通弾{/c}の{c03}速射{/c}が可能。,"A Light Bowgun made from giant monster materials{j}.{c03}LV2 Normal Ammo{/c},{j}{c03}LV1 Pierce Ammo{/c}'s{c03}Rapid Fire{/c}is possible."
1794,巨大なモンスター素材で作っ{j}た軽弩。{c03}LV2 通常弾{/c}、{c03}LV1 貫{j}通弾{/c}が{c03}速射{/c}対応{c11}≪ＨＣ武器≫{/c},"A Light Bowgun made from giant monster materials.{j}{c03}LV2 Normal Shot{/c},{c03}LV1 Pierce{j}Shot{/c}is{c03}Rapid Fire{/c}compatible{c11}≪HC Weapon≫{/c}"
1795,巨大なモンスターの素材から{j}作られた軽弩。{c03}LV2 通常弾{/c}、{j}{c03}LV1 貫通弾{/c}の{c03}速射{/c}が可能。,"A Light Bowgun made from giant monster materials{j}.{c03}LV2 Normal Ammo{/c},{j}{c03}LV1 Pierce Ammo{/c}'s{c03}Rapid Fire{/c}is possible."
1796,巨大なモンスターの素材から{j}作られた軽弩。{c03}LV1 徹甲榴弾{/c}、{j}{c03}火炎弾{/c}の{c03}速射{/c}が可能。,"A Light Bowgun made from giant monster materials{j}.{c03}LV1 Crag Shot{/c},{j}{c03}Fire Ammo{/c}'s{c03}Rapid Fire{/c}is possible."
1797,巨大なモンスターの素材から{j}作られた軽弩。{c03}LV1 徹甲榴弾{/c}、{j}{c03}火炎弾{/c}の{c03}速射{/c}が可能。,"A Light Bowgun made from giant monster materials{j}.{c03}LV1 Crag Shot{/c},{j}{c03}Fire Ammo{/c}'s{c03}Rapid Fire{/c}is possible."
1798,巨大なモンスターの素材から{j}作られた軽弩。{c03}LV1 徹甲榴弾{/c}、{j}{c03}火炎弾{/c}の{c03}速射{/c}が可能。,"A Light Bowgun made from giant monster materials{j}.{c03}LV1 Crag Shot{/c},{j}{c03}Fire Ammo{/c}'s{c03}Rapid Fire{/c}is possible."
1799,巨大なモンスターの素材から{j}作られた軽弩。{c03}LV1 徹甲榴弾{/c}、{j}{c03}火炎弾{/c}の{c03}速射{/c}が可能。,"A Light Bowgun made from giant monster materials{j}.{c03}LV1 Crag Shot{/c},{j}{c03}Fire Ammo{/c}'s{c03}Rapid Fire{/c}is possible."
1800,巨大なモンスター素材で作っ{j}た軽弩。{c03}LV1 徹甲榴弾{/c}、{c03}火炎{j}弾{/c}が{c03}速射{/c}対応{c11}≪ＨＣ武器≫{/c},"A Light Bowgun made from giant monster materials.{j}{c03}LV1 Crag Shot{/c},{c03}Flame{j}Shot{/c}is{c03}Rapid Fire{/c}compatible{c11}≪HC Weapon≫{/c}"
1801,巨大なモンスターの素材から{j}作られた軽弩。{c03}LV1 徹甲榴弾{/c}、{j}{c03}火炎弾{/c}の{c03}速射{/c}が可能。,"A Light Bowgun made from giant monster materials{j}.{c03}LV1 Crag Shot{/c},{j}{c03}Fire Ammo{/c}'s{c03}Rapid Fire{/c}is possible."
1802,祭具を模して作られた白銀色{j}の軽弩。{c03}LV2 通常弾{/c}、{c03}LV1 徹{j}甲榴弾{/c}が{c03}速射{/c}対応。,"A silver-white{j}Light Bowgun modeled after ritual tools.{c03}LV2 Normal S{/c},{c03}LV1 Crag{j}Shot{/c}can use{c03}Rapid Fire{/c}."
1803,祭具を模して作られた白銀色{j}の軽弩。{c03}LV2 通常弾{/c}、{c03}LV1 徹{j}甲榴弾{/c}が{c03}速射{/c}対応。,"A silver-white{j}Light Bowgun modeled after ritual tools.{c03}LV2 Normal S{/c},{c03}LV1 Crag{j}Shot{/c}can use{c03}Rapid Fire{/c}."
1804,祭具を模して作られた白銀色{j}の軽弩。{c03}LV2 通常弾{/c}、{c03}LV1 徹{j}甲榴弾{/c}が{c03}速射{/c}対応。,"A silver-white{j}Light Bowgun modeled after ritual tools.{c03}LV2 Normal S{/c},{c03}LV1 Crag{j}Shot{/c}can use{c03}Rapid Fire{/c}."
1805,祭具を模して作られた白銀色{j}の軽弩。{c03}LV2 通常弾{/c}、{c03}LV1 徹{j}甲榴弾{/c}が{c03}速射{/c}対応{c11}≪ＨＣ武器≫{/c},"A silver-white{j}Light Bowgun modeled after ritual tools.{c03}LV2 Normal S{/c},{c03}LV1 Crag{j}Shot{/c}can use{c03}Rapid Fire{/c}{c11}≪HC Weapon≫{/c}"
1806,祭具を模して作られた白銀色{j}の軽弩。{c03}LV2 通常弾{/c}、{c03}LV1 徹{j}甲榴弾{/c}が{c03}速射{/c}対応。,"A silver-white{j}Light Bowgun modeled after ritual tools.{c03}LV2 Normal S{/c},{c03}LV1 Crag{j}Shot{/c}can use{c03}Rapid Fire{/c}."
1807,甘い香りと冷気を放つ軽弩。{j}火山でも溶けない特別仕様。{j}{c03}氷結弾{/c}、{c03}LV1 散弾{/c}が{c03}速射{/c}対応。,"A Light Bowgun that gives off a sweet scent and cold air.{j}A special model that will not melt even in a volcano.{j}{c03}Ice Ammo{/c},{c03}LV1 Pellet Ammo{/c}support{c03}Rapid Fire{/c}."
1808,甘い香りと冷気を放つ軽弩。{j}火山でも溶けない特別仕様。{j}{c03}氷結弾{/c}、{c03}LV1 散弾{/c}が{c03}速射{/c}対応。,"A Light Bowgun that gives off a sweet scent and cold air.{j}A special model that will not melt even in a volcano.{j}{c03}Ice Ammo{/c},{c03}LV1 Pellet Ammo{/c}support{c03}Rapid Fire{/c}."
1809,甘い香りと冷気を放つ軽弩。{j}火山でも溶けない特別仕様。{j}{c03}氷結弾{/c}、{c03}LV1 散弾{/c}が{c03}速射{/c}対応。,"A Light Bowgun that gives off a sweet scent and cold air.{j}A special model that will not melt even in a volcano.{j}{c03}Ice Ammo{/c},{c03}LV1 Pellet Ammo{/c}support{c03}Rapid Fire{/c}."
1810,甘い香りと冷気を放つ軽弩。{j}{c03}氷結弾{/c}、{c03}LV1 散弾{/c}が{c03}速射{/c}対応。{j}{c11}≪ＨＣ武器≫{/c},"A Light Bowgun that gives off a sweet scent and cold air.{j}{c03}Ice Ammo{/c},{c03}LV1 Pellet Ammo{/c}support{c03}Rapid Fire{/c}.{j}{c11}≪HC Weapon≫{/c}"
1811,甘い香りと冷気を放つ軽弩。{j}火山でも溶けない特別仕様。{j}{c03}氷結弾{/c}、{c03}LV1 散弾{/c}が{c03}速射{/c}対応。,"A Light Bowgun that gives off a sweet scent and cold air.{j}A special model that will not melt even in a volcano.{j}{c03}Ice Ammo{/c},{c03}LV1 Pellet Ammo{/c}support{c03}Rapid Fire{/c}."
1812,甘い香りと冷気を放つ軽弩。{j}火山でも溶けない特別仕様。{j}{c03}氷結弾{/c}、{c03}LV1 散弾{/c}が{c03}速射{/c}対応。,"A Light Bowgun that gives off a sweet scent and cold air.{j}A special model that will not melt even in a volcano.{j}{c03}Ice Ammo{/c},{c03}LV1 Pellet Ammo{/c}support{c03}Rapid Fire{/c}."
1813,甘い香りと冷気を放つ軽弩。{j}火山でも溶けない特別仕様。{j}{c03}氷結弾{/c}、{c03}LV1 散弾{/c}が{c03}速射{/c}対応。,"A Light Bowgun that gives off a sweet scent and cold air.{j}A special model that will not melt even in a volcano.{j}{c03}Ice Ammo{/c},{c03}LV1 Pellet Ammo{/c}support{c03}Rapid Fire{/c}."
1814,甘い香りと冷気を放つ軽弩。{j}{c03}氷結弾{/c}、{c03}LV1 散弾{/c}が{c03}速射{/c}対応。{j}{c11}≪ＨＣ武器≫{/c},"A Light Bowgun that gives off a sweet scent and cold air.{j}{c03}Ice Ammo{/c},{c03}LV1 Pellet Ammo{/c}support{c03}Rapid Fire{/c}.{j}{c11}≪HC Weapon≫{/c}"
1815,甘い香りと冷気を放つ軽弩。{j}火山でも溶けない特別仕様。{j}{c03}氷結弾{/c}、{c03}LV1 散弾{/c}が{c03}速射{/c}対応。,"A Light Bowgun that gives off a sweet scent and cold air.{j}A special model that will not melt even in a volcano.{j}{c03}Ice Ammo{/c},{c03}LV1 Pellet Ammo{/c}support{c03}Rapid Fire{/c}."
1816,甘い香りと冷気を放つ軽弩。{j}火山でも溶けない特別仕様。{j}{c03}氷結弾{/c}、{c03}LV1 散弾{/c}が{c03}速射{/c}対応。,"A Light Bowgun that gives off a sweet scent and cold air.{j}A special model that will not melt even in a volcano.{j}{c03}Ice Ammo{/c},{c03}LV1 Pellet Ammo{/c}support{c03}Rapid Fire{/c}."
1817,甘い香りと冷気を放つ軽弩。{j}火山でも溶けない特別仕様。{j}{c03}氷結弾{/c}、{c03}LV1 散弾{/c}が{c03}速射{/c}対応。,"A Light Bowgun that gives off a sweet scent and cold air.{j}A special model that will not melt even in a volcano.{j}{c03}Ice Ammo{/c},{c03}LV1 Pellet Ammo{/c}support{c03}Rapid Fire{/c}."
1818,甘い香りと冷気を放つ軽弩。{j}{c03}氷結弾{/c}、{c03}LV1 散弾{/c}が{c03}速射{/c}対応。{j}{c11}≪ＨＣ武器≫{/c},"A Light Bowgun that gives off a sweet scent and cold air.{j}{c03}Ice Ammo{/c},{c03}LV1 Pellet Ammo{/c}support{c03}Rapid Fire{/c}.{j}{c11}≪HC Weapon≫{/c}"
1819,甘い香りと冷気を放つ軽弩。{j}火山でも溶けない特別仕様。{j}{c03}氷結弾{/c}、{c03}LV1 散弾{/c}が{c03}速射{/c}対応。,"A Light Bowgun that gives off a sweet scent and cold air.{j}A special model that will not melt even in a volcano.{j}{c03}Ice Ammo{/c},{c03}LV1 Pellet Ammo{/c}support{c03}Rapid Fire{/c}."
1820,甘い香りと冷気を放つ軽弩。{j}火山でも溶けない特別仕様。{j}{c03}氷結弾{/c}、{c03}LV1 散弾{/c}が{c03}速射{/c}対応。,"A Light Bowgun that gives off a sweet scent and cold air.{j}A special model that will not melt even in a volcano.{j}{c03}Ice Ammo{/c},{c03}LV1 Pellet Ammo{/c}support{c03}Rapid Fire{/c}."
1821,甘い香りと冷気を放つ軽弩。{j}火山でも溶けない特別仕様。{j}{c03}氷結弾{/c}、{c03}LV1 散弾{/c}が{c03}速射{/c}対応。,"A Light Bowgun that gives off a sweet scent and cold air.{j}A special model that will not melt even in a volcano.{j}{c03}Ice Ammo{/c},{c03}LV1 Pellet Ammo{/c}support{c03}Rapid Fire{/c}."
1822,甘い香りと冷気を放つ軽弩。{j}{c03}氷結弾{/c}、{c03}LV1 散弾{/c}が{c03}速射{/c}対応。{j}{c11}≪ＨＣ武器≫{/c},"A Light Bowgun that gives off a sweet scent and cold air.{j}{c03}Ice Ammo{/c},{c03}LV1 Pellet Ammo{/c}support{c03}Rapid Fire{/c}.{j}{c11}≪HC Weapon≫{/c}"
1823,儀礼用だが、実用性も重視し{j}て作られた黒い軽弩。{c03}電撃弾、{j}LV2 通常弾{/c}が{c03}速射{/c}対応。,"A black light bowgun made for ceremonial use, but{j}with practicality in mind.{c03}Thunder Ammo,{j}LV2 Normal Ammo{/c}can use{c03}Rapid Fire{/c}."
1824,美しい装飾のライトボウガン。{j}{c03}LV2 通常弾{/c}が{c03}速射{/c}対応。{j}{c11}≪ＨＣ武器≫{/c},A beautifully ornamented Light Bowgun.{j}{c03}Normal S Lv2{/c}supports{c03}Rapid Fire{/c}.{j}{c11}≪HC Weapon≫{/c}
1825,美しい装飾のライトボウガン。{j}職人のセンスが光る。{j}{c03}LV2 通常弾{/c}が{c03}速射{/c}対応。,A beautifully ornamented Light Bowgun.{j}The artisan's flair shines through.{j}{c03}Normal S Lv2{/c}supports{c03}Rapid Fire{/c}.
1826,美しい装飾のライトボウガン。{j}{c03}火炎弾{/c}、{c03}LV1 徹甲榴弾{/c}が{j}{c03}速射{/c}対応。{c11}≪ＨＣ武器≫{/c},"A beautifully ornamented Light Bowgun.{j}{c03}Flame S{/c},{c03}Crag S Lv1{/c}support{j}{c03}Rapid Fire{/c}.{c11}≪HC Weapon≫{/c}"
1827,美しい装飾のライトボウガン。{j}職人のセンスが光る。{c03}火炎弾{/c}、{j}{c03}LV1 徹甲榴弾{/c}が{c03}速射{/c}対応。,"A beautifully ornamented Light Bowgun.{j}The artisan's flair shines through.{c03}Flame S{/c},{j}{c03}Crag S Lv1{/c}supports{c03}Rapid Fire{/c}."
1828,獲物を麻痺させる事を目的{j}とした軽弩。{c03}LV1 貫通弾{/c}が{j}{c03}速射{/c}対応。{c11}≪ＨＣ武器≫{/c},A Light Bowgun meant{j}to paralyze its prey.{c03}LV1 Pierce S{/c}can{j}{c03}Rapid Fire{/c}.{c11}≪HC Weapon≫{/c}
1829,獲物を確実に麻痺させる事を{j}目的に開発された軽弩。{j}{c03}LV1 貫通弾{/c}が{c03}速射{/c}対応。,A Light Bowgun developed{j}to reliably paralyze prey.{j}{c03}LV1 Pierce S{/c}supports{c03}Rapid Fire{/c}.
1830,獲物を猛毒に冒す事を目的{j}とした軽弩。{c03}LV2 通常弾{/c}が{j}{c03}速射{/c}対応。{c11}≪ＨＣ武器≫{/c},A Light Bowgun{j}designed to inflict severe poison on prey.{c03}LV2 Normal S{/c}supports{j}{c03}Rapid Fire{/c}.{c11}≪HC Weapon≫{/c}
1831,獲物を確実に猛毒に冒す事を{j}目的に開発された軽弩。{j}{c03}LV2 通常弾{/c}が{c03}速射{/c}対応。,A Light Bowgun developed{j}to reliably inflict severe poison on prey.{j}{c03}LV2 Normal S{/c}supports{c03}Rapid Fire{/c}.
1832,{c03}LV2 通常弾{/c}、{c03}LV1 散弾{/c}が{j}{c03}速射{/c}対応。殺傷力のみを追及{j}して設計された。{c11}≪ＨＣ武器≫{/c},{c03}Lv2 Normal S.{/c}and{c03}Lv1 Pellet S.{/c}can be{j}{c03}rapid-fired{/c}. Designed with a single focus on{j}lethal power.{c11}≪HC Weapon≫{/c}
1833,{c03}LV2 通常弾{/c}、{c03}LV1 散弾{/c}が{j}{c03}速射{/c}対応。純粋な殺傷力{j}のみを追及して設計された。,{c03}Lv2 Normal S.{/c}and{c03}Lv1 Pellet S.{/c}can be{j}{c03}rapid-fired{/c}. Designed to pursue pure{j}lethal power alone.
1834,{c03}LV2 通常弾{/c}が{c03}速射{/c}対応。{j}あらゆる局面に対応する事を{j}目的とした軽弩。{c11}≪ＨＣ武器≫{/c},{c03}Lv2 Normal S.{/c}can be{c03}rapid-fired{/c}.{j}A light bowgun designed for{j}handling every situation.{c11}≪HC Weapon≫{/c}
1835,{c03}LV2 通常弾{/c}が{c03}速射{/c}対応。{j}あらゆる局面に対応する事を{j}目的に設計された軽弩。,{c03}Lv2 Normal S.{/c}can be{c03}rapid-fired{/c}.{j}A light bowgun designed to{j}handle every situation.
1836,朱と蒼に染まる軽銃。{j}{c03}LV2 通常弾{/c}、{c03}LV1 貫通弾{/c}が{j}{c03}超速射{/c}対応。{c02}≪剛種武器≫{/c},A Light Bowgun dyed crimson and blue.{j}{c03}LV2 Normal Shot{/c}and{c03}LV1 Pierce Shot{/c}{j}{c03}support Ultra Rapid Fire{/c}.{c02}≪Gou Weapon≫{/c}
1837,新たな素材で改修された軽銃。{j}{c03}LV2 通常弾{/c}、{c03}LV1 貫通弾{/c}が{j}{c03}超速射{/c}対応。{c02}≪天嵐武器≫{/c},"A Light Bowgun remodeled with new materials.{j}{c03}LV2 Normal Ammo{/c},{c03}LV1 Pierce Ammo{/c}support{j}{c03}Super Rapid Fire{/c}.{c02}≪Tenran Weapon≫{/c}"
1838,力が開放された軽銃。{j}{c03}LV2 通常弾{/c}、{c03}LV1 貫通弾{/c}が{j}{c03}超速射{/c}対応。{c02}≪覇種武器≫{/c},"A light bowgun whose power has been unleashed.{j}{c03}LV2 Normal Shot{/c},{c03}LV1 Pierce Shot{/c}support{j}{c03}Super Rapid Fire{/c}.{c02}≪Supremacy Weapon≫{/c}"
1839,狩りを闘いに変える軽銃。{j}{c03}LV2 通常弾{/c}、{c03}LV1 貫通弾{/c}が{j}{c03}超速射{/c}対応。{c02}≪Ｇ級覇種≫{/c},A Light Bowgun that turns the hunt into a battle.{j}{c03}LV2 Normal S{/c}and{c03}LV1 Pierce S{/c}support{j}{c03}Ultra Rapid Fire{/c}.{c02}≪G-Rank Supremacy≫{/c}
1840,冥雷竜の力が高まった軽銃。{j}{c03}LV2 通常弾{/c}、{c03}LV1 徹甲榴弾{/c}が{j}{c03}超速射{/c}対応。{c02}≪Ｇ級覇種≫{/c},"A Light Bowgun with the power of Stygian Zinogre heightened.{j}{c03}LV2 Normal Ammo{/c},{c03}LV1 Crag Shot{/c}{j}{c03}Super Rapid Fire{/c}supported.{c02}≪G-Rank Supremacy≫{/c}"
1841,三度生まれ変わった爆炎銃。{j}{c03}LV1 貫通弾{/c}と{c03}火炎弾{/c}が{j}{c03}超速射{/c}対応。{c02}≪Ｇ級覇種≫{/c},A blazing gun reborn three times.{j}{c03}LV1 Pierce Ammo{/c}and{c03}Flaming Ammo{/c}support{j}{c03}Ultra Rapid Fire{/c}.{c02}≪G-Rank Supremacy≫{/c}
1842,龍木が素材の至高の軽弩。{j}{c03}LV2 通常弾{/c}、{c03}LV1 散弾{/c}が{j}{c03}超速射{/c}対応。{c02}≪Ｇ級覇種≫{/c},"A supreme Light Bowgun made from Dragonwood.{j}{c03}LV2 Normal S{/c},{c03}LV1 Spread S{/c}are{j}{c03}Ultra Rapid Fire{/c}compatible.{c02}≪G-Rank Supremacy≫{/c}"
1843,弾幕の雨が狩場を支配する。{j}{c03}LV2 通常弾{/c}、{c03}氷結弾{/c}が{c03}超速射{/c}{j}に対応。{c02}≪Ｇ級覇種≫{/c},"A rain of bullets dominates the hunting ground.{j}{c03}LV2 Normal{/c},{c03}Ice Bullet{/c}are{c03}Ultra Rapid Fire{/c}{j}compatible.{c02}≪G-Rank Supremacy≫{/c}"
1844,矢を放つ際に威力を高める、{j}特殊な機関を搭載した弓。{j}毎日の手入れが大変。,A Bow equipped with a special mechanism that boosts{j}power when arrows are loosed. Its daily upkeep is a{j}handful.
1845,不思議な水の力を宿した弓。{j}軽量化され扱いやすい。,A bow imbued with mysterious water power.{j}Lightweight and easy to handle.
1846,不思議な水の力を宿した弓。{j}軽量化され扱いやすい。,A bow imbued with mysterious water power.{j}Lightweight and easy to handle.
1847,不思議な水の力を宿した弓。{j}軽量化され扱いやすい。,A bow imbued with mysterious water power.{j}Lightweight and easy to handle.
1848,不思議な水の力を宿した弓。{j}軽量化され扱いやすい。,A bow imbued with mysterious water power.{j}Lightweight and easy to handle.
1849,不思議な水の力を宿した弓。{j}軽量化され扱いやすい。{j}{c11}≪ＨＣ武器≫{/c},A bow imbued with mysterious water power.{j}Lightweight and easy to handle.{j}{c11}≪HC Weapon≫{/c}
1850,不思議な水の力を宿した弓。{j}軽量化され扱いやすい。,A bow imbued with mysterious water power.{j}Lightweight and easy to handle.
1851,装飾が施された黒い弓。{j}儀礼用であったものを鍛え、{j}至高の逸品へと昇華した。,"A decorated black Bow.{j}Forged from a ceremonial bow,{j}it has been elevated to a supreme masterpiece."
1852,未解明の新理論を使って作ら{j}れた弓。常識外れの帯電性を{j}持つ。{c11}≪ＨＣ武器≫{/c},A Bow{j}made using an unexplained new theory. Has{j}extraordinary electrification.{c11}≪HC Weapon≫{/c}
1853,混合素材で弓身を補強し{j}耐久度を大幅に増強した{j}雷属性の狩猟用弓。,"A hunting bow with the Thunder element, its limbs{j}reinforced with composite materials to greatly{j}boost durability."
1854,混合素材で弓身を補強し{j}耐久度を大幅に増強した{j}龍属性の狩猟用弓。,"A Dragon element hunting Bow reinforced with{j}composite materials, greatly increasing its{j}durability."
1855,測量に使う距離計を小型化し{j}搭載した龍属性の弓。{j}{c11}≪ＨＣ武器≫{/c},A Dragon-element Bow fitted with{j}a miniaturized rangefinder for surveying.{j}{c11}≪HC Weapon≫{/c}
1856,測量に使う距離計を小型化し{j}搭載した龍属性の弓。{j}高精度で急所を正確に射抜く。,A Dragon-element Bow fitted with a miniaturized{j}rangefinder for surveying. Its high precision{j}pierces the weak spot with pinpoint accuracy.
1857,測量に使う距離計を小型化し{j}搭載した雷属性の弓。{j}{c11}≪ＨＣ武器≫{/c},A Thunder-element Bow fitted with{j}a miniaturized rangefinder for surveying.{j}{c11}≪HC Weapon≫{/c}
1858,測量に使う距離計を小型化し{j}搭載した雷属性の弓。{j}高精度で急所を正確に射抜く。,A Thunder-element Bow fitted with a miniaturized{j}rangefinder for surveying. Its high precision{j}pierces the weak spot with pinpoint accuracy.
1859,ハンターの功績を称え、{j}ギルドから贈与される弓。,A Bow awarded by the{j}Guild in honor of a Hunter's achievements.
1860,朱と蒼に染まる弓。{j}２頭の牙獣を討ち取った証。{j}{c02}≪剛種武器≫{/c},A Bow dyed crimson and blue.{j}Proof that two Fanged Beasts were slain.{j}{c02}≪Gou Weapon≫{/c}
1861,新たな素材により、蓄え{j}られた力が武器より溢れ出す。{j}{c02}≪天嵐武器≫{/c},"With new materials, the power stored{j}within overflows from the weapon.{j}{c02}≪Tenran Weapon≫{/c}"
1862,力が開放された弓。{j}持ち主を狩場へ誘う。{j}{c02}≪覇種武器≫{/c},Bow with its power unleashed.{j}It beckons its wielder to the hunting grounds.{j}{c02}≪Supremacy Weapon≫{/c}
1863,狩りを闘いに変えると{j}伝わる恐るべき弓。{j}{c02}≪Ｇ級覇種≫{/c},Fearsome Bow said{j}to turn hunting into battle.{j}{c02}≪G-Rank Supremacy≫{/c}
1864,老齢にして剛健な呑竜を狩り{j}さらに高みに登った証。{j}{c02}≪Ｇ級覇種≫{/c},Proof that you hunted the aged yet stalwart Devourer Wyvern{j}and climbed to even greater heights.{j}{c02}≪G-Rank Supremacy≫{/c}
1865,儚い生命をあらわす剛弓。{j}一矢一矢が悲哀を奏でる。{j}{c02}≪Ｇ級覇種≫{/c},A mighty bow that represents fleeting life.{j}Each arrow plays a melody of sorrow.{j}{c02}≪G-Rank Supremacy≫{/c}
1866,至高の技を持って改良した{j}恐るべき鋼龍の弓。未知なる{j}力を宿す。{c02}≪Ｇ級覇種≫{/c},"An{j}awe-inspiring Steel Dragon Bow, improved with supreme skill. It harbors an unknown{j}power.{c02}≪G-Rank Supremacy≫{/c}"
1867,規格外でくくるには{j}もはや間に合わない高機能{j}弓。{c02}≪Ｇ級覇種≫{/c},Far too advanced to{j}be called off the charts -- a high-performance{j}Bow.{c02}≪G-Rank Supremacy≫{/c}
1868,朱蒼のヘビィボウガンが{j}狩りを闘いに変える。,The crimson-blue Heavy Bowgun{j}turns the hunt into a battle.
1869,グラビモスを模して作られた{j}重弩。威力は高いが、射撃時{j}の衝撃は考慮されていない。,"Modeled after a Gravios{j}Heavy Bowgun. Its power is high, but when firing{j}The impact is not taken into account."
1870,轟竜の特殊素材で打ち直され{j}た暴威無双の重弩。{j}有無を言わせぬ制圧力を誇る。,"A Heavy Bowgun of unrivaled tyranny,{j}reforged from Tigrex special materials.{j}It boasts a suppression none can defy."
1871,頑健なフレームを元に{j}多様性を持たせた重弩。{j}なぜか砲身にヌメりがある。,"A Heavy Bowgun built on a sturdy frame for{j}versatility.{j}For some reason, its barrel is oddly slick."
1872,マグマを噴き上げるように、{j}砲筒から弾が繰り出される{j}ヘビィボウガン。,A Heavy Bowgun{j}that fires rounds from its{j}barrel as if erupting magma.
1873,棘竜の堅固な素材を使用した{j}重弩。樹海の主の名に恥じぬ{j}高火力で獲物を撃ち抜く。,"A Heavy Bowgun made from the sturdy materials of an{j}Espinas. With firepower worthy of the Lord of the{j}Forest, it blasts through its prey."
1874,素材に宿った金獅子の激昂が砲{j}身に滲み出る重弩。{j}荒々しい力を感じる。,A Heavy Bowgun in which the fury of the Golden Lion{j}dwelling in its materials seeps into the barrel.{j}You can feel its savage power.
1875,暴鋸竜の鋭い素材から作り{j}上げられたヘビィボウガン。{j}放たれる弾もまた、鋭い。,A Heavy Bowgun built from the sharp materials of a{j}Saw Wyvern. The shots it fires are sharp as well.{j}
1876,イャンガルルガの素材から作{j}られたヘビィボウガン。その{j}剛弾は毒を帯びているという。,A Heavy Bowgun made{j}from Yian Garuga materials. Its{j}powerful rounds are said to carry poison.
1877,尾晶蠍を体現した巨砲。{j}耐久性の高い砲身は{j}圧縮弾向きとも。,A giant cannon that embodies the Crystal-Tailed{j}Scorpion. Its highly durable barrel is also suited{j}for compressed rounds.
1878,その見た目とは裏腹に最新の{j}技術を盛り込んだ意欲作。{j}なぜか撃つと気分が高揚する。,"Despite its appearance, the latest{j}An ambitious piece packed with technical skill.{j}For some reason, firing it feels exhilarating."
1879,装填出来る弾が限られる、{j}玄人向けの重砲。{j}青色の砲身が美しい。,"A heavy cannon,{j}for experts, limited in the bullets it can load.{j}Its blue barrel is beautiful."
1880,雷極龍の力を封じ込めた重砲。{j}主の雷鳴を再現したような、{j}高い火力の弾を放つ。,A Heavy Bowgun sealing the Thunder Emperor Dragon's{j}power. It fires high-power rounds that reproduce{j}its master's thunder.
1881,朱蒼の軽銃が狩りを{j}闘いに変える。,The Vermilion Azure Light Bowgun turns the hunt into{j}combat.
1882,如何なる環境でも十二分の{j}性能を発揮する軽銃。,A Light Bowgun that demonstrates more than enough{j}performance in any environment.
1883,表面を鉄で覆った軽銃。{j}{c03}火炎弾{/c}、{c03}LV1 貫通弾{/c}が{j}{c03}速射{/c}対応。,"A Light Bowgun with an iron-covered surface.{j}{c03}Fire Ammo{/c},{c03}LV1 Pierce Ammo{/c}{j}{c03}Rapid Fire{/c}supported."
1884,轟竜の特殊素材で打ち直された{j}軽銃。{c03}LV2 通常弾{/c}、{j}{c03}LV1 散弾{/c}が{c03}速射{/c}対応。,"A Light Bowgun reforged from Tigrex{j}special materials.{c03}LV2 Normal Ammo{/c},{j}{c03}LV1 Spread Ammo{/c}{c03}Rapid Fire{/c}supported."
1885,高い保湿性から特化された{j}軽銃。{c03}水冷弾{/c}が{j}{c03}速射{/c}対応。,A Light Bowgun{j}specialized for high moisture retention.{c03}{/c}Water S{j}{c03}Rapid Fire{/c}supported.
1886,強靭な氷獰竜の素材で作られ{j}た軽銃。{c03}氷結弾{/c}、{c03}LV1 貫通弾{/c}が{j}{c03}速射{/c}対応。,"A Light Bowgun{j}crafted from the sturdy materials of the Fierce Ice Wyvern.{c03}Ice Bullet{/c},{c03}LV1 Pierce{/c}support{j}{c03}Rapid Fire{/c}."
1887,奇怪なシルエットの軽弩。{j}{c03}火炎弾{/c}、{c03}LV1 散弾{/c}が{j}{c03}速射{/c}対応。,A Light Bowgun with a bizarre silhouette.{j}Can{c03}Fire Ammo{/c}and{c03}LV1 Pellet{/c}{j}{c03}rapid fire{/c}.
1888,棘竜の繊細な素材を使用した{j}軽銃。{c03}LV2 通常弾{/c}、{j}{c03}LV1 貫通弾{/c}が{c03}速射{/c}対応。,"A Light Bowgun made from delicate Espinas materials.{j}{c03}LV2 Normal Ammo{/c},{j}{c03}LV1 Pierce Ammo{/c}supports{c03}rapid fire{/c}."
1889,金獅子の素材を加工して造られ{j}た軽弩。{c03}LV1 徹甲榴弾{/c}、{j}{c03}電撃弾{/c}が{c03}速射{/c}対応。,"Light Bowgun crafted{j}from processed Rajang materials.{c03}LV1 Crag Shot{/c},{j}{c03}Thunder Shot{/c}{c03}rapid-fire{/c}capable."
1890,イャンガルルガの頭部を象った{j}軽銃。{c03}LV1 貫通弾{/c}が{j}{c03}速射{/c}対応。,A Light Bowgun shaped like{j}a Yian Garuga's head.{c03}LV1 Pierce Shot{/c}{j}{c03}Rapid Fire{/c}is supported.
1891,尾晶蠍の尻尾の如く変幻自在{j}な軽銃。{c03}LV2 通常弾{/c}が{j}{c03}速射{/c}対応。,A Light Bowgun as ever-changing{j}as the Tail Crystal Scorpion's tail.{c03}LV2 Normal Ammo{/c}supports{j}{c03}Rapid Fire{/c}.
1892,蛮竜素材でできた軽弩。{j}{c03}LV1 徹甲榴弾{/c}が{j}{c03}速射{/c}対応。,A Light Bowgun made from Abiorugu materials.{j}{c03}LV1 Crag Shot{/c}is{j}{c03}Rapid Fire{/c}compatible.
1893,小さく扱いやすい軽銃。{j}{c03}LV2 通常弾{/c}、{c03}LV1 貫通弾{/c}が{j}{c03}速射{/c}対応。,"A small, easy-to-handle light bowgun.{j}{c03}LV2 Normal Ammo{/c}and{c03}LV1 Pierce Ammo{/c}support{j}{c03}Rapid Fire{/c}."
1894,朱蒼の剛弓が狩りを{j}闘いに変える。,The crimson-blue Mighty Bow turns the hunt{j}into a battle.
1895,弓には向かない鎧竜の素材を{j}使用した剛弓。弓の扱いに長{j}けた者以外、扱うことは困難。,A mighty bow crafted using materials from an{j}Armored Wyvern unsuited to bows. Difficult to{j}handle for any but those skilled in bow handling.
1896,驚異の剛性と弾性を備えた弓。{j}もし射られたなら、その矢は、{j}喰らいつく轟竜の牙となる。,"A Bow with astonishing rigidity and elasticity.{j}If ever it is fired, that arrow becomes{j}the fangs of a Roaring Dragon, biting deep."
1897,全てを呑み込み奪う呑竜の弓。{j}放たれた矢は特有のヌメリ{j}成分を撒き散らしながら飛ぶ。,"The bow of a Devouring Wyvern that swallows and{j}steals everything. Its arrows fly, scattering their{j}unique slimy secretion."
1898,荒ぶる龍を鎮めるために用い{j}られた紅き古琴は、時に音色{j}ではなく矢を以て鎮圧する。,The crimson guqin used to quell a raging dragon{j}sometimes subdues it with arrows rather than with{j}its melody.
1899,棘竜のしなやかな素材を使用{j}した弓。どんなに荒く{j}扱っても壊れない。,"A Bow made using{j}the supple materials of an Espinas. No matter how{j}roughly it is handled, it will never break."
1900,金獅子の角化組織をじっくりと{j}精錬して造られた、麗艶な輝き{j}を放つ雷弓。,"A Thunder Bow made by slowly refining{j}the Gold Lion's keratinized tissue,{j}radiating a gorgeous luster."
1901,毒々しい色合いに光る弓。{j}夜には黒光りすることから{j}不気味な美しさを放つ。,"A bow that glows with a poisonous hue.{j}Because it shines black at night,{j}it radiates an eerie beauty."
1902,尾晶蠍の剛くしなやかな素材{j}を弦にまで使い全体の伸縮性{j}と柔軟性を両立させた剛弓。,"A mighty Bow that uses the firm, supple{j}materials of the Tail Crystal Scorpion even for{j}its string, achieving both stretch and flexibility."
1903,蛮竜の素材を用いた弓。{j}その弦から放たれた矢は{j}岩をも貫くという。,A bow made from Abiorugu materials.{j}The arrows released from its string are said to{j}pierce even rocks.
1904,氷狐竜のしなやかな素材を{j}加工して作られた弓。冷気を{j}纏った矢を放つ事ができる。,A Bow made by processing the supple materials of{j}the Ice Fox Wyvern. It can fire arrows cloaked in{j}cold air.
1905,一矢ガ呼ブハ、{j}禍ヲ止メシ願イノ心。,What a single arrow summons is{j}a heartfelt wish to end calamity.
1906,黒狐竜の体液を塗装した猟弓。{j}鋼鉄の弦から放たれる矢は{j}頑強な甲殻をも容易く貫く。,A hunting bow coated with Black Fox Wyvern fluid.{j}Arrows loosed from its steel string{j}easily pierce even sturdy carapaces.
1907,夜空に輝く星々をモチーフ{j}にしたロマンチックな弓。{j}{c11}≪ＨＣ武器≫{/c},A romantic bow with the shining stars of the night{j}sky as a motif.{j}{c11}≪HC Weapon≫{/c}
1908,夜空に輝く星々をモチーフ{j}にしたロマンチックな弓。{j}弦に触ると少し冷たい。,A romantic bow with the shining stars of the night{j}sky as a motif. The string feels a little cold to{j}the touch.
1909,夜空に輝く星々をモチーフ{j}にしたロマンチックな弓。{j}{c11}≪ＨＣ武器≫{/c},A romantic bow with the shining stars of the night{j}sky as a motif.{j}{c11}≪HC Weapon≫{/c}
1910,夜空に輝く星々をモチーフ{j}にしたロマンチックな弓。{j}弦に触ると少し濡れている。,A romantic bow with the shining stars of the night{j}sky as a motif. The string feels a little wet to{j}the touch.
1911,0,
1912,0,
1913,0,
1914,0,
1915,0,
1916,0,
1917,0,
1918,0,
1919,0,
1920,0,
1921,0,
1922,0,
1923,0,
1924,0,
1925,0,
1926,0,
1927,0,
1928,0,
1929,0,
1930,0,
1931,0,
1932,0,
1933,0,
1934,0,
1935,0,
1936,0,
1937,0,
1938,0,
1939,0,
1940,0,
1941,0,
1942,0,
1943,0,
1944,0,
1945,0,
1946,0,
1947,0,
1948,0,
1949,0,
1950,0,
1951,0,
1952,0,
1953,0,
1954,0,
1955,0,
1956,0,
1957,0,
1958,0,
1959,0,
1960,0,
1961,0,
1962,0,
1963,0,
1964,0,
1965,0,
1966,0,
1967,0,
1968,元は精神鍛錬を目的に製造{j}された紅弓。使用者の情熱{j}を呼び起こす。,Originally a crimson bow manufactured for the{j}purpose of spiritual training. It awakens the{j}passion of its wielder.
1969,元は精神鍛錬を目的に製造{j}された紅弓。使用者の情熱{j}を呼び起こす。,Originally a crimson bow manufactured for the{j}purpose of spiritual training. It awakens the{j}passion of its wielder.
1970,元は精神鍛錬を目的に製造{j}された紅弓。使用者の情熱{j}を呼び起こす。,Originally a crimson bow manufactured for the{j}purpose of spiritual training. It awakens the{j}passion of its wielder.
1971,元は精神鍛錬を目的に製造{j}された紅弓。使用者の情熱{j}を呼び起こす。,Originally a crimson bow manufactured for the{j}purpose of spiritual training. It awakens the{j}passion of its wielder.
1972,元は精神鍛錬を目的に製造{j}された紅弓。使用者の情熱{j}を呼び起こす。{c11}≪ＨＣ武器≫{/c},Originally a crimson bow manufactured{j}for the purpose of spiritual training. It awakens the passion{j}of its wielder.{c11}≪HC Weapon≫{/c}
1973,元は精神鍛錬を目的に製造{j}された紅弓。使用者の情熱{j}を呼び起こす。,Originally a crimson bow manufactured for the{j}purpose of spiritual training. It awakens the{j}passion of its wielder.
1974,元は精神鍛錬を目的に製造{j}された蒼弓。使用者の不動{j}の心を育む。,Originally an azure bow manufactured for the{j}purpose of spiritual training. It nurtures the{j}unwavering heart of its wielder.
1975,元は精神鍛錬を目的に製造{j}された蒼弓。使用者の不動{j}の心を育む。,Originally an azure bow manufactured for the{j}purpose of spiritual training. It nurtures the{j}unwavering heart of its wielder.
1976,元は精神鍛錬を目的に製造{j}された蒼弓。使用者の不動{j}の心を育む。,Originally an azure bow manufactured for the{j}purpose of spiritual training. It nurtures the{j}unwavering heart of its wielder.
1977,元は精神鍛錬を目的に製造{j}された蒼弓。使用者の不動{j}の心を育む。,Originally an azure bow manufactured for the{j}purpose of spiritual training. It nurtures the{j}unwavering heart of its wielder.
1978,元は精神鍛錬を目的に製造{j}された蒼弓。使用者の不動{j}の心を育む。{c11}≪ＨＣ武器≫{/c},Originally an azure bow manufactured{j}for the purpose of spiritual training. It nurtures the unwavering{j}heart of its wielder.{c11}≪HC Weapon≫{/c}
1979,元は精神鍛錬を目的に製造{j}された蒼弓。使用者の不動{j}の心を育む。,Originally an azure bow manufactured for the{j}purpose of spiritual training. It nurtures the{j}unwavering heart of its wielder.
1980,銀色に輝く豪華な弓。{j}デザインのコンセプトは{j}ラグジュアリーな狩り。,A gorgeous bow that shines silver.{j}The design concept is{j}the luxury hunt.
1981,銀色に輝く豪華な弓。{j}デザインのコンセプトは{j}ラグジュアリーな狩り。,A gorgeous bow that shines silver.{j}The design concept is{j}the luxury hunt.
1982,銀色に輝く豪華な弓。{j}デザインのコンセプトは{j}ラグジュアリーな狩り。,A gorgeous bow that shines silver.{j}The design concept is{j}the luxury hunt.
1983,銀色に輝く豪華な弓。{j}デザインのコンセプトは{j}ラグジュアリーな狩り。,A gorgeous bow that shines silver.{j}The design concept is{j}the luxury hunt.
1984,銀色に輝く豪華な弓。{j}セレブ向けにデザインされた。{j}まさに贅沢。{c11}≪ＨＣ武器≫{/c},A gorgeous bow that shines silver.{j}Designed for the elite.{j}Truly luxurious.{c11}≪HC Weapon≫{/c}
1985,銀色に輝く豪華な弓。{j}セレブ向けにデザインされた。{j}セレブリティも、うなる逸品。,A gorgeous bow that shines silver.{j}Designed for the elite.{j}A masterpiece even celebrities would envy.
1986,金色に輝く華麗な弓。{j}この弓から放たれた矢は{j}幸せに違いない。,A gorgeous bow that shines gold.{j}An arrow shot from this bow is{j}sure to bring happiness.
1987,金色に輝く華麗な弓。{j}この弓から放たれた矢は{j}幸せに違いない。,A gorgeous bow that shines gold.{j}An arrow shot from this bow is{j}sure to bring happiness.
1988,金色に輝く華麗な弓。{j}この弓から放たれた矢は{j}幸せに違いない。,A gorgeous bow that shines gold.{j}An arrow shot from this bow is{j}sure to bring happiness.
1989,金色に輝く華麗な弓。{j}この弓から放たれた矢は{j}幸せに違いない。,A gorgeous bow that shines gold.{j}An arrow shot from this bow is{j}sure to bring happiness.
1990,金色に輝く華麗な弓。{j}使用感や見た目にも十分に{j}こだわった。{c11}≪ＨＣ武器≫{/c},A gorgeous bow that shines gold.{j}Great care was taken{j}with both its feel and appearance.{c11}≪HC Weapon≫{/c}
1991,金色に輝く華麗な弓。{j}狩人たちはみな、一度は{j}持ってみたいと言う。,A gorgeous bow that shines gold.{j}All hunters say they want to{j}try holding it at least once.
1992,金色に輝く微小生物の素材で{j}作られた弓。軽さに反して{j}強力な一撃を持つ。,"A bow made from the materials of a gold-shining{j}tiny creature. Despite its lightness, it has a{j}powerful strike."
1993,金色に輝く微小生物の素材で{j}作られた弓。軽さに反して{j}強力な一撃を持つ。,"A bow made from the materials of a gold-shining{j}tiny creature. Despite its lightness, it has a{j}powerful strike."
1994,金色に輝く微小生物の素材で{j}作られた弓。軽さに反して{j}強力な一撃を持つ。,"A bow made from the materials of a gold-shining{j}tiny creature. Despite its lightness, it has a{j}powerful strike."
1995,金色に輝く微小生物の素材で{j}作られた弓。軽さに反して{j}強力な一撃を持つ。,"A bow made from the materials of a gold-shining{j}tiny creature. Despite its lightness, it has a{j}powerful strike."
1996,金色に輝く微小生物の素材で{j}作られた弓。軽さに反して{j}威力は絶大。{c11}≪ＨＣ武器≫{/c},"A bow made{j}from the materials of a gold-shining tiny creature. Despite its lightness, its{j}power is tremendous.{c11}≪HC Weapon≫{/c}"
1997,金色に輝く微小生物の素材で{j}作られた弓。軽さに反して{j}威力は絶大。,"A Bow made from the materials of tiny creatures{j}that shine gold. Despite its lightness, its power{j}is immense."
1998,金色に輝く微小生物の素材で{j}作られた弓。生産数に限りが{j}あり高い希少価値を持つ。,"A Bow made from the materials of tiny creatures{j}that shine gold. Production is limited, and it{j}holds great rarity value."
1999,金色に輝く微小生物の素材で{j}作られた弓。生産数に限りが{j}あり高い希少価値を持つ。,"A Bow made from the materials of tiny creatures{j}that shine gold. Production is limited, and it{j}holds great rarity value."
2000,金色に輝く微小生物の素材で{j}作られた弓。生産数に限りが{j}あり高い希少価値を持つ。,"A Bow made from the materials of tiny creatures{j}that shine gold. Production is limited, and it{j}holds great rarity value."
2001,金色に輝く微小生物の素材で{j}作られた弓。生産数に限りが{j}あり高い希少価値を持つ。,"A Bow made from the materials of tiny creatures{j}that shine gold. Production is limited, and it{j}holds great rarity value."
2002,金色に輝く微小生物の素材で{j}作られた弓。生産数に限りが{j}あり大変貴重。{c11}≪ＨＣ武器≫{/c},"A Bow made from the materials{j}of tiny creatures that shine gold. Production is limited,{j}making it extremely precious.{c11}≪HC Weapon≫{/c}"
2003,金色に輝く微小生物の素材で{j}作られた弓。生産数に限りが{j}あり大変貴重。,"A Bow made from the materials of tiny creatures{j}that shine gold. Production is limited, making it{j}extremely precious."
2004,祭時に用いられる伝統的武器。{j}己の内なるパワーを最大限に{j}高めたとき開眼する。,A traditional weapon used in festivals.{j}It awakens{j}when one's inner power is raised to its utmost.
2005,祭時に用いられる伝統的武器。{j}己の内なるパワーを最大限に{j}高めたとき開眼する。,A traditional weapon used in festivals.{j}It awakens{j}when one's inner power is raised to its utmost.
2006,祭時に用いられる伝統的武器。{j}己の内なるパワーを最大限に{j}高めたとき開眼する。,A traditional weapon used in festivals.{j}It awakens{j}when one's inner power is raised to its utmost.
2007,祭時に用いられる伝統的武器。{j}己の内なるパワー引き出す{j}ことができる。{c11}≪ＨＣ武器≫{/c},A traditional weapon used in festivals.{j}It can{j}draw out one's inner power.{c11}≪HC Weapon≫{/c}
2008,祭時に用いられる伝統的武器。{j}己の内なるパワー引き出す{j}ことができる。,A traditional weapon used in festivals.{j}It can{j}draw out one's inner power.
2009,エスピナスをモチーフにした{j}棘だらけの弓。その棘は{j}矢にも負けないほど鋭い。,A spine-covered bow themed after the Espinas. Its{j}spines are so sharp they rival even arrows.{j}
2010,エスピナスをモチーフにした{j}棘だらけの弓。その棘は{j}矢にも負けないほど鋭い。,A spine-covered bow themed after the Espinas. Its{j}spines are so sharp they rival even arrows.{j}
2011,エスピナスをモチーフにした{j}棘だらけの弓。その棘は{j}矢にも負けないほど鋭い。,A spine-covered bow themed after the Espinas. Its{j}spines are so sharp they rival even arrows.{j}
2012,エスピナスをモチーフにした{j}棘だらけの弓。棘が鋭すぎて{j}近寄りがたい。{c11}≪ＨＣ武器≫{/c},A{j}spine-covered bow themed after the Espinas. Its spines are so sharp it is{j}hard to get near.{c11}≪HC Weapon≫{/c}
2013,エスピナスをモチーフにした{j}棘だらけの弓。構えるときに{j}刺さらないように注意。,A spine-covered bow themed after the Espinas. Be{j}careful not to get pricked when you ready it.{j}
2014,エスピナスをモチーフにした{j}棘付きの弓。未熟な者が{j}持つことは危険である。,An Espinas-inspired thorned bow. It is dangerous{j}for the inexperienced to wield.{j}
2015,エスピナスをモチーフにした{j}棘付きの弓。未熟な者が{j}持つことは危険である。,An Espinas-inspired thorned bow. It is dangerous{j}for the inexperienced to wield.{j}
2016,エスピナスをモチーフにした{j}棘付きの弓。未熟な者が{j}持つことは危険である。,An Espinas-inspired thorned bow. It is dangerous{j}for the inexperienced to wield.{j}
2017,エスピナスをモチーフにした{j}棘付きの弓。熟練した者も{j}注意がいる。{c11}≪ＨＣ武器≫{/c},An Espinas-inspired{j}thorned bow. Even skilled users must{j}take care.{c11}≪HC Weapon≫{/c}
2018,エスピナスをモチーフにした{j}棘付きの弓。ベテランですら{j}棘で怪我をすることもある。,An Espinas-inspired{j}thorned bow. Even veterans can{j}be injured by its thorns.
2019,異国の王子が愛用した弓。{j}上級職の弓使いだけが{j}所持できる。,A Bow favored by a foreign prince.{j}Only advanced-class bow users can{j}possess it.
2020,異国の王子が愛用した弓。{j}上級職の弓使いだけが{j}所持できる。,A Bow favored by a foreign prince.{j}Only advanced-class bow users can{j}possess it.
2021,異国の王子が愛用した弓。{j}上級職の弓使いだけが{j}所持できる。,A Bow favored by a foreign prince.{j}Only advanced-class bow users can{j}possess it.
2022,異国の王子が愛用した弓。{j}上級職の弓使いだけが{j}所持できる。{c11}≪ＨＣ武器≫{/c},A Bow favored by a foreign prince.{j}Only advanced-class bow users can{j}possess it.{c11}≪HC Weapon≫{/c}
2023,異国の王子が愛用した弓。{j}上級職の弓使いだけが{j}所持できる。,A Bow favored by a foreign prince.{j}Only advanced-class bow users can{j}possess it.
2024,とある王国にある神器の一つ。{j}その名前は、神話に出てくる{j}蛇に由来する。,One of the sacred treasures of a certain{j}kingdom. Its name comes from the{j}serpent of myth.
2025,とある王国にある神器の一つ。{j}その名前は、神話に出てくる{j}蛇に由来する。,One of the sacred treasures of a certain{j}kingdom. Its name comes from the{j}serpent of myth.
2026,とある王国にある神器の一つ。{j}その名前は、神話に出てくる{j}蛇に由来する。,One of the sacred treasures of a certain{j}kingdom. Its name comes from the{j}serpent of myth.
2027,とある王国にある神器の一つ。{j}その名前は、神話に出てくる{j}蛇に由来する。{c11}≪ＨＣ武器≫{/c},One of the sacred treasures of a certain{j}kingdom. Its name comes from the{j}serpent of myth.{c11}≪HC Weapon≫{/c}
2028,とある王国にある神器の一つ。{j}その名前は、神話に出てくる{j}蛇に由来する。,One of the sacred treasures of a certain{j}kingdom. Its name comes from the{j}serpent of myth.
2029,異世界のハンターが愛用する{j}不思議な形をしたボウガン。{j}どういう構造なのだろうか。,A bowgun with a mysterious shape favored by Hunters{j}from another world. What kind of structure does it{j}have?
2030,異世界のハンターが愛用する{j}不思議な形をしたボウガン。{j}どういう構造なのだろうか。,A bowgun with a mysterious shape favored by Hunters{j}from another world. What kind of structure does it{j}have?
2031,異世界のハンターが愛用する{j}不思議な形をしたボウガン。{j}どういう構造なのだろうか。,A bowgun with a mysterious shape favored by Hunters{j}from another world. What kind of structure does it{j}have?
2032,異世界のハンターが愛用する{j}不思議な形をしたボウガン。{j}謎が謎を呼ぶ。{c11}≪ＨＣ武器≫{/c},A bowgun{j}with a mysterious shape favored by Hunters from another world.{j}Mystery calls to mystery.{c11}≪HC Weapon≫{/c}
2033,異世界のハンターが愛用する{j}不思議な形をしたボウガン。{j}災厄をまき散らすという。,A bowgun with a mysterious shape favored by Hunters{j}from another world. They say it spreads calamity.{j}
2034,異世界のハンターが愛用する{j}不思議な形をしたボウガン。{j}災いをもたらすとされている。,A bowgun with a mysterious shape favored by Hunters{j}from another world. It is said to bring disaster.{j}
2035,異世界のハンターが愛用する{j}不思議な形をしたボウガン。{j}災いをもたらすとされている。,A bowgun with a mysterious shape favored by Hunters{j}from another world. It is said to bring disaster.{j}
2036,異世界のハンターが愛用する{j}不思議な形をしたボウガン。{j}災いをもたらすとされている。,A bowgun with a mysterious shape favored by Hunters{j}from another world. It is said to bring disaster.{j}
2037,異世界のハンターが愛用する{j}不思議な形をしたボウガン。{j}興味深い品だ。{c11}≪ＨＣ武器≫{/c},A bowgun{j}with a mysterious shape favored by Hunters from another world.{j}An interesting item.{c11}≪HC Weapon≫{/c}
2038,異世界のハンターが愛用する{j}不思議な形をしたボウガン。{j}誰が生み出したのだろうか。,A bowgun with a mysterious shape favored by Hunters{j}from another world. Who created it?{j}
2039,繊細な意匠を凝らした深紅の{j}ヘビィボウガン。最新の技術{j}と伝統的な技巧が冴える逸品。,A crimson Heavy Bowgun wrought with delicate{j}craftsmanship. A masterpiece where the latest{j}technology and traditional skill shine.
2040,繊細な意匠を凝らした深紅の{j}ヘビィボウガン。最新の技術{j}と伝統的な技巧が冴える逸品。,A crimson Heavy Bowgun wrought with delicate{j}craftsmanship. A masterpiece where the latest{j}technology and traditional skill shine.
2041,繊細な意匠を凝らした深紅の{j}ヘビィボウガン。最新の技術{j}と伝統的な技巧が冴える逸品。,A crimson Heavy Bowgun wrought with delicate{j}craftsmanship. A masterpiece where the latest{j}technology and traditional skill shine.
2042,繊細な意匠を凝らした深紅の{j}重弩。最新技術と伝統的技巧{j}が冴える逸品。{c16}≪親方印≫{/c},A crimson{j}Heavy Bowgun crafted with exquisite detail. A masterpiece where modern technology and traditional skill{j}shine.{c16}≪Master Mark≫{/c}
2043,繊細な意匠を凝らした深紅の{j}重弩。最新技術と伝統的技巧{j}が冴える逸品。{c11}≪ＨＣ武器≫{/c},A crimson{j}Heavy Bowgun crafted with exquisite detail. A masterpiece where modern technology and traditional skill{j}shine.{c11}≪HC Weapon≫{/c}
2044,伝統を受け継いだ名人の手に{j}よるヘビィボウガン。繊細な{j}技巧と装飾を調和させた名品。,A Heavy Bowgun made by the hands of a master who{j}inherited tradition. A masterpiece that harmonizes{j}delicate technique and decoration.
2045,伝統を受け継いだ名人の手に{j}よるヘビィボウガン。繊細な{j}技巧と装飾を調和させた名品。,A Heavy Bowgun made by the hands of a master who{j}inherited tradition. A masterpiece that harmonizes{j}delicate technique and decoration.
2046,伝統を受け継いだ名人の手に{j}よるヘビィボウガン。繊細な{j}技巧と装飾を調和させた名品。,A Heavy Bowgun made by the hands of a master who{j}inherited tradition. A masterpiece that harmonizes{j}delicate technique and decoration.
2047,伝統を継いだ名人の手による{j}重弩。繊細な技巧と装飾を調{j}和させた名品。{c16}≪親方印≫{/c},A Heavy Bowgun{j}made by the hands of a master who inherited tradition. A masterpiece that harmonizes{j}delicate technique and decoration.{c16}≪Master Mark≫{/c}
2048,伝統を継いだ名人の手による{j}重弩。繊細な技巧と装飾を調{j}和させた名品。{c11}≪ＨＣ武器≫{/c},A Heavy Bowgun{j}made by the hands of a master who inherited tradition. A masterpiece that harmonizes{j}delicate technique and decoration.{c11}≪HC Weapon≫{/c}
2049,草むらに溶け込む迷彩色を{j}意識して開発された、攻守{j}に優れたヘビィボウガン。,"A Heavy Bowgun developed with camouflage{j}in mind to blend into grass,{j}excelling in both attack and defense."
2050,草むらに溶け込む迷彩色を{j}意識して開発された、攻守{j}に優れたヘビィボウガン。,"A Heavy Bowgun developed with camouflage{j}in mind to blend into grass,{j}excelling in both attack and defense."
2051,草むらに溶け込む迷彩色を{j}意識して開発された、攻守{j}に優れたヘビィボウガン。,"A Heavy Bowgun developed with camouflage{j}in mind to blend into grass,{j}excelling in both attack and defense."
2052,砂漠で幼少期を過ごした職人{j}が故郷を懐かしんで生産した{j}といわれるヘビィボウガン。,"A Heavy Bowgun said to have been made by a{j}craftsman who spent his childhood in the desert,{j}longing for his homeland."
2053,砂漠で幼少期を過ごした職人{j}が故郷を懐かしんで生産した{j}といわれるヘビィボウガン。,"A Heavy Bowgun said to have been made by a{j}craftsman who spent his childhood in the desert,{j}longing for his homeland."
2054,砂漠で幼少期を過ごした職人{j}が故郷を懐かしんで生産した{j}といわれるヘビィボウガン。,"A Heavy Bowgun said to have been made by a{j}craftsman who spent his childhood in the desert,{j}longing for his homeland."
2055,砂漠で幼少期を過ごした職人{j}が故郷を懐かしんで生産した{j}と伝わる重弩。{c16}≪親方印≫{/c},A Heavy Bowgun said to have been produced{j}by an artisan{j}who spent his youth in the desert and longed for his homeland.{c16}≪Master Mark≫{/c}
2056,砂漠で幼少期を過ごした職人{j}が故郷を懐かしんで生産した{j}と伝わる重弩。{c11}≪ＨＣ武器≫{/c},"A Heavy Bowgun said to have been{j}made by a craftsman{j}who spent his childhood in the desert, longing for his homeland.{c11}≪HC Weapon≫{/c}"
2057,骨董品に目がない武具工房の{j}職人が、己の趣味を色濃く反{j}映させたヘビィボウガン。,A Heavy Bowgun in which the craftsman of a weapon{j}workshop with a weakness for antiques has strongly{j}reflected his own tastes.
2058,骨董品に目がない武具工房の{j}職人が、己の趣味を色濃く反{j}映させたヘビィボウガン。,A Heavy Bowgun in which the craftsman of a weapon{j}workshop with a weakness for antiques has strongly{j}reflected his own tastes.
2059,骨董品に目がない武具工房の{j}職人が、己の趣味を色濃く反{j}映させたヘビィボウガン。,A Heavy Bowgun in which the craftsman of a weapon{j}workshop with a weakness for antiques has strongly{j}reflected his own tastes.
2060,骨董品に目がない武具工房の{j}職人が、己の趣味を色濃く反{j}映させた重弩。{c16}≪親方印≫{/c},"A Heavy Bowgun made by the{j}smith of a weapons workshop who cannot resist antiques, his own tastes strongly reflected{j}in it.{c16}≪Master Mark≫{/c}"
2061,骨董品に目がない武具工房の{j}職人が、己の趣味を色濃く反{j}映させた重弩。{c11}≪ＨＣ武器≫{/c},"A Heavy Bowgun made by the{j}smith of a weapons workshop who cannot resist antiques, his own tastes strongly reflected{j}in it.{c11}≪HC Weapon≫{/c}"
2062,装飾が施された淡い色調のヘ{j}ビィボウガン。芸術品として{j}の評価も高く、女性にも人気。,"A decorated, pale-colored Heavy{j}Bowgun. Its reputation as a work of art{j}is also high, and it is popular with women."
2063,装飾が施された淡い色調のヘ{j}ビィボウガン。芸術品として{j}の評価も高く、女性にも人気。,"A decorated, pale-colored Heavy{j}Bowgun. Its reputation as a work of art{j}is also high, and it is popular with women."
2064,装飾が施された淡い色調のヘ{j}ビィボウガン。芸術品として{j}の評価も高く、女性にも人気。,"A decorated, pale-colored Heavy{j}Bowgun. Its reputation as a work of art{j}is also high, and it is popular with women."
2065,装飾が施された淡い色調のヘ{j}ビィボウガン。芸術品として{j}の評価も高い。{c16}≪親方印≫{/c},"A decorated, pale-colored Heavy{j}Bowgun. Its reputation as a work of art{j}is also high.{c16}≪Master Mark≫{/c}"
2066,装飾が施された淡い色調のヘ{j}ビィボウガン。芸術品として{j}の評価も高い。{c11}≪ＨＣ武器≫{/c},"A decorated, pale-colored Heavy{j}Bowgun. Its reputation as a work of art{j}is also high.{c11}≪HC Weapon≫{/c}"
2067,西方より伝来した特殊な素材{j}を用いて開発された、狩人も{j}心を躍らせる華やかな大弓。,"A gorgeous great bow developed from the special{j}material brought over from the west, one that sets{j}even a Hunter's heart aflutter."
2068,西方より伝来した特殊な素材{j}を用いて開発された、狩人も{j}心を躍らせる華やかな大弓。,"A gorgeous great bow developed from the special{j}material brought over from the west, one that sets{j}even a Hunter's heart aflutter."
2069,西方より伝来した特殊な素材{j}を用いて開発された、狩人も{j}心を躍らせる華やかな大弓。,"A gorgeous great bow developed from the special{j}material brought over from the west, one that sets{j}even a Hunter's heart aflutter."
2070,西方より伝来した特殊な素材{j}を用いて開発された、華やか{j}な大弓。{c16}≪親方印≫{/c},A splendid{j}greatbow developed using the special material{j}brought over from the West.{c16}≪Master Mark≫{/c}
2071,西方より伝来した特殊な素材{j}を用いて開発された、華やか{j}な大弓。{c11}≪ＨＣ武器≫{/c},A{j}gorgeous great bow developed from the special material{j}brought over from the west.{c11}≪HC Weapon≫{/c}
2072,西方より伝来した特殊な素材{j}を用いて開発された、狩人も{j}心を躍らせる華やかな大弓。,"A gorgeous great bow developed from the special{j}material brought over from the west, one that sets{j}even a Hunter's heart aflutter."
2073,装飾の施された白い軽弩。{j}{c03}LV2 通常弾{/c}、{c03}LV1 貫通弾{/c}、{j}{c03}電撃弾{/c}が{c03}速射{/c}対応。,"A white Light Bowgun adorned with decorations.{j}{c03}LV2 Normal Ammo{/c},{c03}LV1 Pierce Ammo{/c}, and{j}{c03}Thunder Ammo{/c}are compatible with{c03}Rapid Fire{/c}."
2074,装飾が施された白い重弩。{j}儀礼用であったものを鍛え、{j}至高の逸品へと昇華した。,"A decorated white Heavy Bowgun.{j}Forged from a ceremonial piece,{j}it has been elevated to a supreme masterpiece."
2075,装飾が施された白い弓。{j}儀礼用であったものを鍛え、{j}至高の逸品へと昇華した。,"A white Bow adorned with ornamentation.{j}Forged from a ceremonial piece,{j}it has been sublimated into a supreme masterpiece."
2076,装飾の施された青い弓。{j}儀礼用だが実用性も{j}兼ね備えた名工謹製の逸品。,"A decorated blue Bow.{j}Ceremonial, but also{j}a practical masterpiece by a master craftsman."
2077,装飾の施された青い弓。{j}儀礼用だが実用性も{j}兼ね備えた名工謹製の逸品。,"A decorated blue Bow.{j}Ceremonial, but also{j}a practical masterpiece by a master craftsman."
2078,装飾の施された青い弓。{j}儀礼用だが実用性も{j}兼ね備えた名工謹製の逸品。,"A decorated blue Bow.{j}Ceremonial, but also{j}a practical masterpiece by a master craftsman."
2079,装飾の施された青い弓。{j}名工謹製の逸品。{j}{c16}≪親方印≫{/c},A decorated blue Bow.{j}A masterpiece by a master craftsman.{j}{c16}≪Master Mark≫{/c}
2080,甘い誘惑はいかがですか？{j}{c03}LV2 通常弾{/c}、{c03}LV1 貫通弾{/c}、{c03}火{j}炎弾{/c}が{c03}速射{/c}対応。{c11}≪ＨＣ武器≫{/c},"How about a sweet temptation?{j}{c03}LV2 Normal Ammo{/c},{c03}LV1 Pierce Ammo{/c},{c03}Fire{j}Flame Ammo{/c}support{c03}Rapid Fire{/c}.{c11}≪HC Weapon≫{/c}"
2081,甘い誘惑はいかがですか？{j}{c03}LV2 通常弾{/c}、{c03}LV1 貫通弾{/c}、{j}{c03}火炎弾{/c}が{c03}速射{/c}対応。,"How about a sweet temptation?{j}{c03}LV2 Normal Ammo{/c},{c03}LV1 Pierce Ammo{/c},{j}{c03}Flame Ammo{/c}support{c03}Rapid Fire{/c}."
2082,職人の熱い想いが思わぬ破壊{j}力を生み出したボウガン。{j}{c11}≪ＨＣ武器≫{/c},A Bowgun in which the artisan's passion gave birth to unexpected destructive{j}power.{j}{c11}≪HC Weapon≫{/c}
2083,必要とする素材の冷たさとは{j}裏腹に、職人の熱い想いが籠{j}められたヘビィボウガン。,"In contrast to the coldness of the materials{j}required, this Heavy Bowgun is filled with the{j}smith's burning passion."
2084,狙った獲物は逃がさないと噂{j}される独特な形状をした弓。{j}重い矢を使用。{c11}≪ＨＣ武器≫{/c},"A bow of unusual shape,{j}rumored to never let its chosen prey escape.{j}Uses heavy arrows.{c11}≪HC Weapon≫{/c}"
2085,狙った獲物は逃がさないと噂{j}される独特な形状をした弓。{j}１本１本の矢が非常に重い。,"A bow of unique shape, rumored to never{j}let its chosen prey escape.{j}Each arrow it fires is extremely heavy."
2086,尾晶蠍の素材で強化した弓。{j}強力な無数の矢がモンスター{j}の殻を壊す。{c11}≪ＨＣ武器≫{/c},A Bow reinforced with Tail Crystal Scorpion materials.{j}Countless powerful arrows break the monster{j}'s shell.{c11}≪HC Weapon≫{/c}
2087,尾晶蠍の素材で強化した弓。{j}高い攻撃力をもつ無数の矢が{j}モンスターの殻を破壊する。,A Bow reinforced with Tail Crystal Scorpion{j}materials. Countless arrows with high Attack{j}destroy the monster's shell.
2088,恋する乙女の想いで、相手を{j}魅了することができる拡散弓。{j}ハートが熱い。{c11}≪ＨＣ武器≫{/c},A Spread Bow that{j}can charm a target with a maiden's love.{j}My heart is on fire.{c11}≪HC Weapon≫{/c}
2089,恋する乙女の想いで、相手を{j}魅了することができる拡散弓。{j}これでアイツも射止めれる？,A Spread Bow that{j}can charm a target with a maiden's love.{j}Can this win his heart too?
2090,夫婦の安寧を祈って作られた、{j}祝い事の時に使われる弓。{j}{c11}≪ＨＣ武器≫{/c},"A bow made in prayer for a couple's peace,{j}used on celebratory occasions.{j}{c11}≪HC Weapon≫{/c}"
2091,夫婦の安寧を祈って作られた、{j}祭事の時などに使用する弓。{j}弦が切れると縁起が悪い。,"A bow made in prayer for a couple's peace,{j}used for festivals and other rites.{j}A snapped string is an ill omen."
2092,非常に珍しい白い飛竜の{j}素材を使った重弩。白く輝く。{j}{c02}≪剛種武器≫{/c},A Heavy Bowgun crafted from the{j}materials of an extremely rare white Flying Wyvern. It shines a brilliant white.{j}{c02}≪Gou Weapon≫{/c}
2093,極めて数の少ない飛竜の{j}素材で作った重弩。白く輝く。{j}{c02}≪天嵐武器≫{/c},Heavy Bowgun made from the extremely rare{j}materials of a Flying Wyvern. Shines white.{j}{c02}≪Tenran Weapon≫{/c}
2094,もはや伝説と成りうる飛竜の{j}素材で作った重弩。白く輝く。{j}{c02}≪覇種武器≫{/c},Heavy Bowgun made from the{j}material of a wyvern that could already be called a legend. It shines white.{j}{c02}≪Supremacy Weapon≫{/c}
2095,もはや伝説と成りうる飛竜の{j}素材で作った重弩。白く輝く。{j}{c02}≪Ｇ級覇種≫{/c},Heavy Bowgun made from the{j}material of a wyvern that could already be called a legend. It shines white.{j}{c02}≪G-Rank Supremacy≫{/c}
2096,存在自体が幻の飛竜の素材で{j}作った重弩。白く輝く。{j}{c02}≪烈種武器：一閃+1≫{/c},A Heavy Bowgun{j}forged from the materials of a wyvern whose very existence is a phantom. It shines white.{j}{c02}≪Burst Weapon: Issen+1≫{/c}
2097,伝説の飛竜の軽弩。{c03}LV2 通{j}常弾{/c}、{c03}LV1 徹甲榴弾{/c}が{j}{c03}超速射{/c}対応。{c02}≪剛種武器≫{/c},{c03}A legendary wyvern's Light Bowgun.{j}LV2 Normal S{/c}and{c03}LV1 Crag S{/c}support{j}{c03}Rapid Fire{/c}.{c02}≪Gou Weapon≫{/c}
2098,伝説の飛竜の軽弩。{c03}LV2 通{j}常弾{/c}、{c03}LV1 徹甲榴弾{/c}が{j}{c03}超速射{/c}対応。{c02}≪天嵐武器≫{/c},{c03}A legendary wyvern's Light Bowgun.{j}LV2 Normal S{/c}and{c03}LV1 Crag S{/c}support{j}{c03}Rapid Fire{/c}.{c02}≪Tenran Weapon≫{/c}
2099,伝説の飛竜の軽弩。{c03}LV2 通{j}常弾{/c}、{c03}LV1 徹甲榴弾{/c}が{j}{c03}超速射{/c}対応。{c02}≪覇種武器≫{/c},{c03}A legendary wyvern's Light Bowgun.{j}LV2 Normal S{/c}and{c03}LV1 Crag S{/c}support{j}{c03}Rapid Fire{/c}.{c02}≪Supremacy Weapon≫{/c}
2100,伝説の飛竜の軽弩。{c03}LV2 通{j}常弾{/c}、{c03}LV1 徹甲榴弾{/c}が{j}{c03}超速射{/c}対応。{c02}≪Ｇ級覇種≫{/c},{c03}A legendary wyvern's Light Bowgun.{j}LV2 Normal S{/c}and{c03}LV1 Crag S{/c}support{j}{c03}Rapid Fire{/c}.{c02}≪G-Rank Supremacy≫{/c}
2101,幻の軽弩。{c03}LV2 通常弾{/c}、{j}{c03}LV1 徹甲榴弾{/c}が{c03}超速射{/c}対応。{j}{c02}≪烈種武器：一閃+1≫{/c},Legendary Light Bowgun.{c03}LV2 Normal Ammo{/c}and{j}{c03}LV1 Crag Shot{/c}are{c03}Super Rapid Fire{/c}compatible.{j}{c02}≪Burst Weapon: Issen+1≫{/c}
2102,非常に珍しい白い飛竜の{j}素材を使った弓。白く輝く。{j}{c02}≪剛種武器≫{/c},A Bow crafted from the{j}materials of an extremely rare white Flying Wyvern. It shines a brilliant white.{j}{c02}≪Gou Weapon≫{/c}
2103,極めて数の少ない飛竜の{j}素材で作った弓。白く輝く。{j}{c02}≪天嵐武器≫{/c},Bow made from the extremely rare{j}materials of a Flying Wyvern. Shines white.{j}{c02}≪Tenran Weapon≫{/c}
2104,もはや伝説と成りうる飛竜の{j}素材で作った弓。白く輝く。{j}{c02}≪覇種武器≫{/c},Bow made from the{j}material of a wyvern that could already be called a legend. It shines white.{j}{c02}≪Supremacy Weapon≫{/c}
2105,もはや伝説と成りうる飛竜の{j}素材で作った弓。白く輝く。{j}{c02}≪Ｇ級覇種≫{/c},Bow made from the{j}material of a wyvern that could already be called a legend. It shines white.{j}{c02}≪G-Rank Supremacy≫{/c}
2106,存在自体が幻の飛竜の素材で{j}作った弓。白く輝く。{j}{c02}≪烈種武器：一閃+1≫{/c},A Bow{j}forged from the materials of a wyvern whose very existence is a phantom. It shines white.{j}{c02}≪Burst Weapon: Issen+1≫{/c}
2107,生物の血に飢えし魔性の軽弩。{j}{c03}LV1 貫通弾{/c}、{c03}水冷弾{/c}が{j}{c03}超速射{/c}対応。{c02}≪剛種武器≫{/c},A demonic Light Bowgun that thirsts for the blood of living creatures.{j}{c03}LV1 Pierce S{/c}and{c03}Water S{/c}can be fired with{j}{c03}Super Rapid Fire{/c}.{c02}≪Gou Weapon≫{/c}
2108,喰血竜の素材から作られた。{j}生物の血に飢えし魔性の弓。{j}{c02}≪剛種武器≫{/c},Crafted from the materials of a Blood-eating Wyvern.{j}A demonic Bow that hungers for the blood of living things.{j}{c02}≪Gou Weapon≫{/c}
2109,生物の血に飢えし魔性の軽弩。{j}{c03}LV1 貫通弾{/c}、{c03}水冷弾{/c}が{j}{c03}超速射{/c}対応。{c02}≪天嵐武器≫{/c},A demonic Light Bowgun that thirsts for the blood of living creatures.{j}{c03}LV1 Pierce S{/c}and{c03}Water S{/c}can be fired with{j}{c03}Super Rapid Fire{/c}.{c02}≪Tenran Weapon≫{/c}
2110,喰血竜の素材から作られた。{j}生物の血に飢えし魔性の弓。{j}{c02}≪天嵐武器≫{/c},Crafted from the materials of a Blood-eating Wyvern.{j}A demonic Bow that hungers for the blood of living things.{j}{c02}≪Tenran Weapon≫{/c}
2111,生物の血に飢えし魔性の軽弩。{j}{c03}LV1 貫通弾{/c}、{c03}水冷弾{/c}が{j}{c03}超速射{/c}対応。{c02}≪覇種武器≫{/c},A demonic light bowgun hungering for the blood of living things.{j}{c03}LV1 Pierce S{/c}and{c03}Water S{/c}support{j}{c03}Ultra Rapid Fire{/c}.{c02}≪Supremacy Weapon≫{/c}
2112,喰血竜の素材から作られた。{j}生物の血に飢えし魔性の弓。{j}{c02}≪覇種武器≫{/c},Crafted from the materials of a Blood-eating Wyvern.{j}A demonic Bow that hungers for the blood of living things.{j}{c02}≪Supremacy Weapon≫{/c}
2113,生物の血に飢えし魔性の軽弩。{j}{c03}LV1 貫通弾{/c}、{c03}水冷弾{/c}が{j}{c03}超速射{/c}対応。{c02}≪Ｇ級覇種≫{/c},A demonic light bowgun hungering for the blood of living things.{j}{c03}LV1 Pierce S{/c}and{c03}Water S{/c}support{j}{c03}Ultra Rapid Fire{/c}.{c02}≪G-Rank Supremacy≫{/c}
2114,喰血竜の素材から作られた。{j}生物の血に飢えし魔性の弓。{j}{c02}≪Ｇ級覇種≫{/c},Crafted from the materials of a Blood-eating Wyvern.{j}A demonic Bow that hungers for the blood of living things.{j}{c02}≪G-Rank Supremacy≫{/c}
2115,ストレートフレームを採用し{j}た軽弩。{c03}LV1散弾{/c}の{j}{c03}速射{/c}に対応。,A light bowgun{j}that uses a straight frame.{c03}LV1 Spread Shot{/c}{j}{c03}rapid fire{/c}supported.
2116,毒々しい笠の模様が印象的な{j}キノコ型ライトボウガン。{j}{c03}LV2通常弾{/c}が{c03}速射{/c}対応。,"A{j}mushroom-shaped Light Bowgun with an eye-catching, poisonous-looking cap pattern.{j}{c03}LV2 Normal S{/c}is{c03}Rapid Fire{/c}compatible."
2117,扱いが難しい装填機構を{j}改良。{c03}LV1貫通弾{/c}の{c03}速射{/c}{j}対応を行ない、究極の逸品に。,"Improved the hard-to-handle loading mechanism.{j}It now supports{c03}LV1 Pierce S{/c}{c03}rapid fire{/c}{j}, making it the ultimate masterpiece."
2118,ドスガレオスの素材を使用し{j}たヘビィボウガン。砂塵の中{j}でも誤作動を起こさない名品。,A Heavy Bowgun crafted from Cephadrome materials. A{j}masterpiece that won't malfunction even in{j}sandstorms.
2119,ねじれた双角を利用した重弓。{j}重さに加え、クセがあるため{j}使用者は技術を要求される。,"A heavy bow made from twisted twin horns.{j}Beyond its weight, its quirks{j}demand skill from the user."
2120,遥か辺境の地で水神と祀られ{j}る水竜ガノトトス。その強固{j}な鱗が精密射撃を可能にした。,"The Water Dragon Plesioth, worshipped{j}as a water deity in a far-off frontier. Its sturdy{j}scales made precision shooting possible."
2121,舞雷竜の意思の宿りし弓。{j}華麗さと実用性を兼ね備えた{j}芸術的仕上がり。,"A Bow imbued with the will of the Dancing Thunder{j}Dragon. Combining splendor with practicality, a{j}work of artistic perfection."
2122,竜の咆哮の如き弾丸を放つ{j}ことのできる、黒鎧竜の素材{j}を用いた超重量級ボウガン。,An ultra-heavy Bowgun made with{j}Basarios materials that can fire{j}shots like a wyvern's roar.
2123,喰血竜の素材を用いた重弩。{j}手にした者の貪欲な心を{j}呼び覚ますと言われている。,A Heavy Bowgun made from the materials of a{j}Bloodthirst Dragon. It is said to awaken the greed{j}in the heart of its wielder.
2124,吸血により特性変化した{j}喰血竜から作られた、{j}荒々しい重弩。,A ferocious Heavy Bowgun{j}crafted from a Blood-eating Dragon{j}whose nature was changed by bloodsucking.
2125,ゲネポスを吸血した喰血竜の{j}素材で作られた重弩。,Heavy Bowgun made from the{j}materials of a Bloodsucking Dragon that fed on Genprey blood.
2126,イーオスを吸血した喰血竜の{j}素材で作られた重弩。,A Heavy Bowgun made from the{j}materials of a Bloodfeeding Wyvern that drained Ioprey blood.
2127,伝説の邪龍の素材で作った弓。{j}心の脆い者が持てば{j}魂を支配される。,"A bow made from the materials of a legendary evil{j}dragon. If a weak-hearted person wields it, their{j}soul will be dominated."
2128,上品な色合いがとても美しい{j}軽弩。{c03}水冷弾{/c}と{c03}氷結弾{/c}が{j}{c03}速射{/c}に対応している。,Its elegant colors are truly beautiful.{j}A Light Bowgun.{c03}Water S{/c}and{c03}Ice S{/c}support{j}{c03}rapid fire{/c}.
2129,上品な色合いがとても美しい{j}重弩。神秘的な光を{j}放っている。,Its elegant colors are truly beautiful. A Heavy{j}Bowgun. It emits a mysterious light.{j}
2130,上品な色合いがとても美しい{j}特殊な属性を持つ弓。{j}神秘的な光を放っている。,Its elegant colors are truly beautiful.{j}A bow with a special element.{j}It emits a mysterious light.
2131,稀少な鉱物を使ったボウガン。{j}{c03}LV2 通常弾{/c}と{c03}火炎弾{/c}の{j}{c03}速射{/c}が可能。{c11}≪ＨＣ武器≫{/c},A Bowgun made from rare minerals.{j}{c03}LV2 Normal Ammo{/c}and{c03}Flaming Ammo{/c}can be{j}{c03}rapid fired{/c}.{c11}≪HC Weapon≫{/c}
2132,稀少な鉱物を使用したライト{j}ボウガン。{c03}LV2 通常弾{/c}と{j}{c03}火炎弾{/c}の{c03}速射{/c}が可能。,A Light{j}Bowgun made using rare minerals.{c03}LV2 Normal Ammo{/c}and{j}{c03}Flaming Ammo{/c}can be{c03}rapid fired{/c}.
2133,星の閃光を秘めたボウガン。{j}{c03}LV1 散弾{/c}が{c03}速射{/c}対応。{j}{c11}≪ＨＣ武器≫{/c},Bowgun with the hidden flash of stars.{j}{c03}LV1 Pellet{/c}is{c03}Rapid Fire{/c}compatible.{j}{c11}≪HC Weapon≫{/c}
2134,星の閃光を秘めたボウガン。{j}闇夜に輝く芸術的な仕上がり。{j}{c03}LV1 散弾{/c}が{c03}速射{/c}対応。,Bowgun with the hidden flash of stars.{j}An artistic finish that shines in the dark night.{j}{c03}LV1 Pellet{/c}is{c03}Rapid Fire{/c}compatible.
2135,機械加工で作ったボウガン。{j}{c03}火炎弾{/c}、{c03}LV1 徹甲榴弾{/c}が{j}{c03}速射{/c}対応。{c11}≪ＨＣ武器≫{/c},"A bowgun made by machining.{j}{c03}Fire Ammo{/c},{c03}LV1 Crag Shot{/c}are{j}{c03}Rapid Fire{/c}compatible.{c11}≪HC Weapon≫{/c}"
2136,機械加工で作られた最新鋭の{j}ライトボウガン。{c03}火炎弾{/c}、{j}{c03}LV1 徹甲榴弾{/c}が{c03}速射{/c}対応。,"Machine-made, state-of-the-art{j}Light Bowgun. Supports{c03}rapid fire{/c}for{c03}Fire Ammo{/c},{j}{c03}Lv1 Crag Ammo{/c}."
2137,機械加工で作ったボウガン。{j}{c03}LV1 通常弾{/c}、{c03}火炎弾{/c}が{j}{c03}速射{/c}対応。{c11}≪ＨＣ武器≫{/c},"A bowgun made by machining.{j}{c03}LV1 Normal Ammo{/c},{c03}Fire Ammo{/c}are{j}{c03}Rapid Fire{/c}compatible.{c11}≪HC Weapon≫{/c}"
2138,機械加工で作られた最新鋭の{j}ライトボウガン。{c03}LV1通常弾{/c}、{j}{c03}火炎弾{/c}が{c03}速射{/c}対応。,"Machine-made, state-of-the-art{j}Light Bowgun. Supports{c03}rapid fire{/c}for{c03}Lv1 Normal Ammo{/c},{j}{c03}Fire Ammo{/c}."
2139,一瞬のひらめきと伝統技術が{j}見事に融合した弓。{j}不朽の名作。{c11}≪ＨＣ武器≫{/c},A Bow in which a flash of inspiration and traditional craft{j}are beautifully fused.{j}A timeless masterpiece.{c11}≪HC Weapon≫{/c}
2140,一瞬のひらめきと伝統技術が{j}見事に融合した弓。{j}設計者の魂がこもった名作。,A Bow in which a flash of inspiration and{j}traditional craft are beautifully fused. A{j}masterpiece imbued with the designer's soul.
2141,破壊力を増幅させる工夫が施{j}された機械仕込みの鉄弓。{j}{c11}≪ＨＣ武器≫{/c},A mechanical iron bow{j}designed to amplify destructive power.{j}{c11}≪HC Weapon≫{/c}
2142,破壊力を増幅させる工夫が施{j}された機械仕込みの鉄弓。,A mechanical iron bow{j}designed to amplify destructive power.
2143,{c03}LV1 貫通弾{/c}が{c03}速射{/c}可能な軽弩。{j}異世界の娘に使用されていた{j}といわれる。,A Light Bowgun with {c03}Lv1 Pierce S.{/c} {c03}rapid fire{/c}.{j}Said to have been used by a girl{j}from another world.
2144,{c03}LV1 散弾{/c}、{c03}LV1 徹甲榴弾{/c}が{j}{c03}速射{/c}可能な軽弩。異世界の娘{j}に使用されていたといわれる。,{c03}Lv1 Pellet S.{/c}and{c03}Lv1 Crag S.{/c}can be{j}{c03}rapid-fired{/c}from this light bowgun. It is said to have been used by a girl{j}from another world.
2145,忘れ去られた太古の鉱山の{j}鉱石を用いたヘビィボウガン。{j}{c11}≪ＨＣ武器≫{/c},A Heavy Bowgun made using{j}ore from a forgotten ancient mine.{j}{c11}≪HC Weapon≫{/c}
2146,忘れ去られた太古の鉱山より{j}採掘した鉱石を用いた{j}風格あるヘビィボウガン。,"A Heavy Bowgun of{j}style, made using ore{j}mined from a forgotten ancient mine."
2147,熟練の加工技術を用いて{j}仕上げられたヘビィボウガン。{j}{c11}≪ＨＣ武器≫{/c},A Heavy Bowgun{j}finished using skilled craftsmanship.{j}{c11}≪HC Weapon≫{/c}
2148,熟練の加工技術を用いて{j}高品質に仕上げられた{j}ヘビィボウガン。,A Heavy Bowgun finished to high quality using{j}skilled craftsmanship.{j}
2149,東方伝来の独特な形の重弩。{j}麻痺弾を撃つ事に特化。{j}{c11}≪ＨＣ武器≫{/c},A uniquely shaped Heavy Bowgun of Eastern origin.{j}Specialized for firing Paralysis Ammo.{j}{c11}≪HC Weapon≫{/c}
2150,東方伝来の重弩。{j}麻痺弾を撃つ事に特化した{j}独特の形状をしている。,"A Heavy Bowgun of Eastern origin.{j}Specialized for firing Paralysis Ammo, it has a{j}unique shape."
2151,東方伝来の独特な形の重弩。{j}毒弾を撃つ事に特化。{j}{c11}≪ＨＣ武器≫{/c},A uniquely shaped Heavy Bowgun of Eastern origin.{j}Specialized for firing Poison Ammo.{j}{c11}≪HC Weapon≫{/c}
2152,東方伝来の重弩。{j}毒弾を撃つ事に特化した{j}独特の形状をしている。,"A Heavy Bowgun of Eastern origin.{j}Specialized for firing Poison Ammo, it has a{j}unique shape."
2153,多くの素材を組み合わせた{j}ライトボウガン。{j}{c11}≪ＨＣ武器≫{/c},Made by combining many materials{j}Light Bowgun.{j}{c11}≪HC Weapon≫{/c}
2154,多くの素材を組み合わせた{j}ライトボウガン。{j}地味ながら逸品の仕上がり。,"Combining many materials{j}Light Bowgun.{j}Unassuming, yet a masterpiece."
2155,未知の素材から作られた軽弩。{j}{c03}火炎弾{/c}、{c03}LV1 徹甲榴弾{/c}が{j}{c03}速射{/c}対応。{c11}≪ＨＣ武器≫{/c},A Light Bowgun made from unknown materials.{j}{c03}Fire Ammo{/c}and{c03}LV1 Crag Shot{/c}are{j}{c03}Rapid Fire{/c}compatible.{c11}≪HC Weapon≫{/c}
2156,未知の素材から作られた軽弩。{j}{c03}火炎弾{/c}、{c03}LV1 徹甲榴弾{/c}が{j}{c03}速射{/c}対応。,A Light Bowgun made from unknown materials.{j}{c03}Fire Ammo{/c}and{c03}LV1 Crag Shot{/c}are{j}{c03}Rapid Fire{/c}compatible.
2157,情熱的かつ華麗な軽弩。{j}{c03}火炎弾{/c}、{c03}LV1 徹甲榴弾{/c}が{j}{c03}速射{/c}対応。{c11}≪ＨＣ武器≫{/c},A Light Bowgun both fiery and splendid.{j}Capable of Rapid Firing{c03}{/c}Fire Ammo{c03}and{/c}LV1 Crag Shot{j}{c03}.{/c}{c11}≪HC Weapon≫{/c}
2158,多大な情熱をそそがれて生産{j}された華麗な軽弩。{c03}火炎弾{/c}、{j}{c03}LV1 徹甲榴弾{/c}が{c03}速射{/c}対応。,"A gorgeous Light Bowgun produced{j}with great passion.{c03}Flaming S{/c},{j}{c03}Crag S Lv1{/c}is{c03}Rapid Fire{/c}capable."
2159,洗練されたデザインの軽弩。{j}{c03}電撃弾{/c}、{c03}LV2 通常弾{/c}が{j}{c03}速射{/c}対応。{c11}≪ＨＣ武器≫{/c},A Light Bowgun of refined design.{j}{c03}Thunder S{/c}and{c03}LV2 Normal S{/c}{j}{c03}support Rapid Fire{/c}.{c11}≪HC Weapon≫{/c}
2160,洗練されたデザインを元に{j}設計された軽弩。{c03}電撃弾{/c}、{j}{c03}LV2 通常弾{/c}が{c03}速射{/c}対応。,A Light Bowgun{j}designed based on a refined design.{c03}Thunder S{/c}and{j}{c03}LV2 Normal S{/c}{c03}support Rapid Fire{/c}.
2161,貫通弾の弾倉を増やすことで、{j}高火力を実現。{c03}LV1 貫通弾{/c}が{j}{c03}速射{/c}対応。{c11}≪ＨＣ武器≫{/c},"By increasing Pierce S magazine capacity,{j}achieves high firepower.{c03}LV1 Pierce S{/c}is capable of{j}{c03}rapid fire{/c}.{c11}≪HC Weapon≫{/c}"
2162,貫通弾の弾倉を増やすことで、{j}高火力を実現。{c03}LV1 貫通弾{/c}が{j}{c03}速射{/c}対応。,Achieves{j}high firepower by increasing the Pierce S magazine.{c03}Lv1 Pierce S{/c}supports{j}{c03}rapid fire{/c}.
2163,拡散弾と徹甲榴弾で対象を{j}爆破する軽弩。{c03}LV1 徹甲榴弾{/c}{j}が{c03}速射{/c}対応。{c11}≪ＨＣ武器≫{/c},A Light Bowgun that{j}blasts targets with Spread Shots and Crag Shots.{c03}LV1 Crag Shot{/c}{j}supports{c03}Rapid Fire{/c}.{c11}≪HC Weapon≫{/c}
2164,拡散弾と徹甲榴弾で対象を{j}爆破する軽弩。{c03}LV1 徹甲榴弾{/c}{j}が{c03}速射{/c}対応。,A Light Bowgun that{j}blasts targets with Spread Shots and Crag Shots.{c03}LV1 Crag Shot{/c}{j}supports{c03}Rapid Fire{/c}.
2165,実用と美術的価値の両立を{j}目指した手入れ不要の弓。{j}{c11}≪ＨＣ武器≫{/c},A Bow that{j}aims to combine utility and artistic value and requires no maintenance.{j}{c11}≪HC Weapon≫{/c}
2166,実用と美術的価値の両立を{j}目指した手入れ不要の弓。{j}飾るもよし、使うもよし。,A Bow that aims to combine utility and artistic{j}value and requires no maintenance. As good to{j}display as it is to use.
2167,実用と美術的価値の両立を{j}目指した秘密の多い弓。{j}{c11}≪ＨＣ武器≫{/c},A Bow with many secrets that{j}aims to combine utility and artistic value.{j}{c11}≪HC Weapon≫{/c}
2168,実用と美術的価値の両立を{j}目指した秘密の多い弓。{j}素材と加工にこだわっている。,A Bow with many secrets that aims to combine{j}utility and artistic value. Great care was taken{j}with its materials and processing.
2169,深淵の光牙と呼ばれた民族が{j}使用していた弓。製法を{j}解明した。{c11}≪ＨＣ武器≫{/c},A Bow that the tribe known as the Abyssal Light Fang{j}used. They deciphered its crafting method{j}.{c11}≪HC Weapon≫{/c}
2170,深淵の光牙と呼ばれた民族が{j}かつて使用していた弓。{j}近年、製法の解明に成功した。,"A Bow once wielded by the tribe known as the{j}Shining Fangs of the Abyss. In recent years, its{j}method of crafting was finally deciphered."
2171,深淵の光牙と呼ばれた民族が{j}使用していた弓。製法を{j}解明した。{c11}≪ＨＣ武器≫{/c},A Bow that the tribe known as the Abyssal Light Fang{j}used. They deciphered its crafting method{j}.{c11}≪HC Weapon≫{/c}
2172,深淵の光牙と呼ばれた民族が{j}かつて使用していた弓。{j}近年、製法の解明に成功した。,"A Bow once wielded by the tribe known as the{j}Shining Fangs of the Abyss. In recent years, its{j}method of crafting was finally deciphered."
2173,アイルーをモチーフにした弓。{j}しなやかな弾性を活かした射撃{j}は強力無比。,A bow featuring an Airou motif.{j}Its supple elasticity makes its shots{j}supremely powerful.
2174,メラルーをモチーフにした弓。{j}しなやかな弾性を活かした射撃{j}は強力無比。,"Bow with a Melynx motif. Its shooting is supremely{j}powerful, making use of flexible elasticity.{j}"
2175,繊細な装飾が施された弓。{j}外見とは裏腹に、苛烈な{j}炎の矢を放つ。{c11}≪ＨＣ武器≫{/c},"A bow adorned with delicate ornamentation.{j}Despite its appearance, it looses fierce{j}flaming arrows.{c11}≪HC Weapon≫{/c}"
2176,繊細な装飾が施された弓。{j}外見とは裏腹に、苛烈な炎を{j}纏った矢を放つ。,"A bow adorned with delicate ornamentation.{j}Despite its appearance, it looses arrows{j}wreathed in fierce flames."
2177,繊細な装飾が施された弓。{j}獲物からの攻撃に対応し易い。{j}{c11}≪ＨＣ武器≫{/c},A bow adorned with delicate ornamentation.{j}Easy to respond to a monster's attacks.{j}{c11}≪HC Weapon≫{/c}
2178,繊細な装飾が施された弓。{j}動きを阻害しない構造により{j}獲物の攻撃に即時対応可能。,"A bow adorned with delicate ornamentation.{j}Its construction does not hinder movement,{j}allowing instant response to a monster's attacks."
2179,実用と美術的価値の両立を{j}目指した手入れ不要の弓。{j}飾るもよし、使うもよし。,A Bow that aims to combine utility and artistic{j}value and requires no maintenance. As good to{j}display as it is to use.
2180,実用と美術的価値の両立を{j}目指した秘密の多い弓。{j}素材と加工にこだわっている。,A Bow with many secrets that aims to combine{j}utility and artistic value. Great care was taken{j}with its materials and processing.
2181,深淵の光牙と呼ばれた民族が{j}かつて使用していた弓。{j}近年、製法の解明に成功した。,"A Bow once wielded by the tribe known as the{j}Shining Fangs of the Abyss. In recent years, its{j}method of crafting was finally deciphered."
2182,深淵の光牙と呼ばれた民族が{j}かつて使用していた弓。{j}近年、製法の解明に成功した。,"A Bow once wielded by the tribe known as the{j}Shining Fangs of the Abyss. In recent years, its{j}method of crafting was finally deciphered."
2183,アイルーをモチーフにした弓。{j}しなやかな弾性を活かした射撃{j}は強力無比。,A bow featuring an Airou motif.{j}Its supple elasticity makes its shots{j}supremely powerful.
2184,メラルーをモチーフにした弓。{j}しなやかな弾性を活かした射撃{j}は強力無比。,"Bow with a Melynx motif. Its shooting is supremely{j}powerful, making use of flexible elasticity.{j}"
2185,繊細な装飾が施された弓。{j}外見とは裏腹に、苛烈な炎を{j}纏った矢を放つ。,"A bow adorned with delicate ornamentation.{j}Despite its appearance, it looses arrows{j}wreathed in fierce flames."
2186,繊細な装飾が施された弓。{j}動きを阻害しない構造により{j}獲物の攻撃に即時対応可能。,"A bow adorned with delicate ornamentation.{j}Its construction does not hinder movement,{j}allowing instant response to a monster's attacks."
2187,忘れ去られた太古の鉱山より{j}採掘した鉱石を用いた{j}風格あるヘビィボウガン。,"A Heavy Bowgun of{j}style, made using ore{j}mined from a forgotten ancient mine."
2188,熟練の加工技術を用いて{j}高品質に仕上げられた{j}ヘビィボウガン。,A Heavy Bowgun finished to high quality using{j}skilled craftsmanship.{j}
2189,東方伝来の重弩。{j}麻痺弾を撃つ事に特化した{j}独特の形状をしている。,"A Heavy Bowgun of Eastern origin.{j}Specialized for firing Paralysis Ammo, it has a{j}unique shape."
2190,東方伝来の重弩。{j}毒弾を撃つ事に特化した{j}独特の形状をしている。,"A Heavy Bowgun of Eastern origin.{j}Specialized for firing Poison Ammo, it has a{j}unique shape."
2191,多くの素材を組み合わせた{j}ライトボウガン。{j}地味ながら逸品の仕上がり。,"Combining many materials{j}Light Bowgun.{j}Unassuming, yet a masterpiece."
2192,未知の素材から作られた軽弩。{j}{c03}火炎弾{/c}、{c03}LV1 徹甲榴弾{/c}が{j}{c03}速射{/c}対応。,A Light Bowgun made from unknown materials.{j}{c03}Fire Ammo{/c}and{c03}LV1 Crag Shot{/c}are{j}{c03}Rapid Fire{/c}compatible.
2193,多大な情熱をそそがれて生産{j}された華麗な軽弩。{c03}火炎弾{/c}、{j}{c03}LV1 徹甲榴弾{/c}が{c03}速射{/c}対応。,"A gorgeous Light Bowgun produced{j}with great passion.{c03}Flaming S{/c},{j}{c03}Crag S Lv1{/c}is{c03}Rapid Fire{/c}capable."
2194,洗練されたデザインを元に{j}設計された軽弩。{c03}電撃弾{/c}、{j}{c03}LV2 通常弾{/c}が{c03}速射{/c}対応。,A Light Bowgun{j}designed based on a refined design.{c03}Thunder S{/c}and{j}{c03}LV2 Normal S{/c}{c03}support Rapid Fire{/c}.
2195,貫通弾の弾倉を増やすことで、{j}高火力を実現。{c03}LV1 貫通弾{/c}が{j}{c03}速射{/c}対応。,Achieves{j}high firepower by increasing the Pierce S magazine.{c03}Lv1 Pierce S{/c}supports{j}{c03}rapid fire{/c}.
2196,拡散弾と徹甲榴弾で対象を{j}爆破する軽弩。{c03}LV1 徹甲榴弾{/c}{j}が{c03}速射{/c}対応。,A Light Bowgun that{j}blasts targets with Spread Shots and Crag Shots.{c03}LV1 Crag Shot{/c}{j}supports{c03}Rapid Fire{/c}.
2197,異世界のハンターが愛用する{j}不思議な形をしたボウガン。{j}災厄をまき散らすという。,A bowgun with a mysterious shape favored by Hunters{j}from another world. They say it spreads calamity.{j}
2198,異世界のハンターが愛用する{j}不思議な形をしたボウガン。{j}誰が生み出したのだろうか。,A bowgun with a mysterious shape favored by Hunters{j}from another world. Who created it?{j}
2199,獲物を確実に麻痺させる事を{j}目的に開発された軽弩。{j}{c03}LV1 貫通弾{/c}が{c03}速射{/c}対応。,A Light Bowgun developed{j}to reliably paralyze prey.{j}{c03}LV1 Pierce S{/c}supports{c03}Rapid Fire{/c}.
2200,獲物を確実に猛毒に冒す事を{j}目的に開発された軽弩。{j}{c03}LV2 通常弾{/c}が{c03}速射{/c}対応。,A Light Bowgun developed{j}to reliably inflict severe poison on prey.{j}{c03}LV2 Normal S{/c}supports{c03}Rapid Fire{/c}.
2201,頑丈かつ軽量な特殊合金を{j}使用することにより、威力と{j}汎用性を両立した逸品。,"A masterpiece that, by using a sturdy and{j}lightweight special alloy, achieves both power and{j}versatility."
2202,頑丈かつ軽量な特殊合金を{j}使用することにより、威力と{j}属性弾装填数を両立した逸品。,"A masterpiece that, by using a sturdy and{j}lightweight special alloy, achieves both power and{j}elemental shot capacity."
2203,別世界の弓兵が愛用する弓。{j}「偽・螺旋剣」カラドボルク賖{j}という武器を物質化し、放つ。,A bow favored by an archer from another world. It{j}materializes and looses the weapon 'False Spiral{j}Sword' Caladbolg.
2204,喰血竜の素材から作られた。{j}生物の血に飢えし魔性の重弩。{j}{c02}≪剛種武器≫{/c},Forged from Baruragaru materials.{j}A demonic Heavy Bowgun that hungers for the blood of living creatures.{j}{c02}≪Gou Weapon≫{/c}
2205,喰血竜の素材から作られた。{j}生物の血に飢えし魔性の重弩。{j}{c02}≪天嵐武器≫{/c},Forged from Baruragaru materials.{j}A demonic Heavy Bowgun that hungers for the blood of living creatures.{j}{c02}≪Tenran Weapon≫{/c}
2206,喰血竜の素材から作られた。{j}生物の血に飢えし魔性の重弩。{j}{c02}≪覇種武器≫{/c},Forged from Baruragaru materials.{j}A demonic Heavy Bowgun that hungers for the blood of living creatures.{j}{c02}≪Supremacy Weapon≫{/c}
2207,喰血竜の素材から作られた。{j}生物の血に飢えし魔性の重弩。{j}{c02}≪Ｇ級覇種≫{/c},Forged from Baruragaru materials.{j}A demonic Heavy Bowgun that hungers for the blood of living creatures.{j}{c02}≪G-Rank Supremacy≫{/c}
2208,喰血竜の素材から作られた。{j}生物の血に飢えし魔性の重弩。{j}{c02}≪烈種武器：一閃+1≫{/c},Forged from Baruragaru materials.{j}A demonic Heavy Bowgun that hungers for the blood of living creatures.{j}{c02}≪Burst Weapon: Issen+1≫{/c}
2209,喰血竜の素材を用いた軽弩。{j}{c03}LV1 散弾{/c}が{c03}速射{/c}対応。,A Light Bowgun made from the materials of a Bloodthirst Dragon.{j}{c03}LV1 Pellet{/c}can be fired with{c03}Rapid Fire{/c}.
2210,喰血竜から作られた、{j}荒々しい軽弩。{c03}LV2 通常弾{/c}、{j}{c03}LV1 貫通弾{/c}が{c03}速射{/c}対応。,"A{j}wild Light Bowgun made from Zaboazagiru.{c03}LV2 Normal Ammo{/c},{j}{c03}LV1 Pierce Ammo{/c}are{c03}Rapid Fire{/c}compatible."
2211,ゲネポスを吸血した喰血竜の{j}素材で作られた軽弩。{j}{c03}LV1 散弾{/c}が{c03}速射{/c}対応。,Light Bowgun made from the{j}materials of a Bloodsucking Dragon that fed on Genprey blood.{j}{c03}LV1 Pellet{/c}supports{c03}Rapid Fire{/c}.
2212,イーオスを吸血した喰血竜の{j}素材で作られた軽弩。{j}{c03}LV2 通常弾{/c}が{c03}速射{/c}対応。,A Light Bowgun made from the{j}materials of a Bloodfeeding Wyvern that drained Ioprey blood.{j}{c03}LV2 Normal Ammo{/c}supports{c03}Rapid Fire{/c}.
2213,喰血竜の素材を用いた弓。{j}手にした者の貪欲な心を{j}呼び覚ますと言われている。,A Bow made from the materials of a Bloodthirst{j}Dragon. It is said to awaken the greed in the heart{j}of its wielder.
2214,吸血により特性変化した{j}喰血竜から作られた、{j}荒々しい弓。,A ferocious Bow{j}crafted from a Blood-eating Dragon{j}whose nature was changed by bloodsucking.
2215,ゲネポスを吸血した喰血竜の{j}素材で作られた弓。,Bow made from the{j}materials of a Bloodsucking Dragon that fed on Genprey blood.
2216,イーオスを吸血した喰血竜の{j}素材で作られた弓。,A Bow made from the{j}materials of a Bloodfeeding Wyvern that drained Ioprey blood.
2217,黒穿竜の素材を用いた軽弩。{j}{c03}LV1 散弾{/c}が{c03}超速射{/c}対応。{j}{c02}≪剛種武器≫{/c},A Light Bowgun made from Black Piercing Dragon materials.{j}{c03}LV1 Pellet{/c}is{c03}Super Rapid Fire{/c}compatible.{j}{c02}≪Gou Weapon≫{/c}
2218,黒穿竜の素材を用いた軽弩。{j}{c03}LV1 散弾{/c}が{c03}超速射{/c}対応。{j}{c02}≪天嵐武器≫{/c},A Light Bowgun made from Black Piercing Dragon materials.{j}{c03}LV1 Pellet{/c}is{c03}Super Rapid Fire{/c}compatible.{j}{c02}≪Tenran Weapon≫{/c}
2219,黒穿竜の素材を用いた軽弩。{j}{c03}LV1 散弾{/c}が{c03}超速射{/c}対応。{j}{c02}≪覇種武器≫{/c},A Light Bowgun made from Black Piercing Dragon materials.{j}{c03}LV1 Pellet{/c}is{c03}Super Rapid Fire{/c}compatible.{j}{c02}≪Supremacy Weapon≫{/c}
2220,黒穿竜の素材を用いた軽弩。{j}{c03}LV1 散弾{/c}が{c03}超速射{/c}対応。{j}{c02}≪Ｇ級覇種≫{/c},A Light Bowgun made from Black Piercing Dragon materials.{j}{c03}LV1 Pellet{/c}is{c03}Super Rapid Fire{/c}compatible.{j}{c02}≪G-Rank Supremacy≫{/c}
2221,黒穿竜の素材を用いた軽弩。{j}{c03}LV1 散弾{/c}が{c03}超速射{/c}対応。{j}{c02}≪烈種武器：弱点特効≫{/c},A Light Bowgun made from Black Piercing Dragon materials.{j}{c03}LV1 Pellet{/c}is{c03}Super Rapid Fire{/c}compatible.{j}{c02}≪Burst Weapon: Weakness Exploit≫{/c}
2222,闇の中に住まう黒穿竜の素材{j}より生み出された重弩。{j}{c02}≪剛種武器≫{/c},A Heavy Bowgun born from the materials{j}of the Black Piercing Dragon that dwells in darkness.{j}{c02}≪Gou Weapon≫{/c}
2223,闇の中に住まう黒穿竜の素材{j}より生み出された重弩。{j}{c02}≪天嵐武器≫{/c},A Heavy Bowgun born from the materials{j}of the Black Piercing Dragon that dwells in darkness.{j}{c02}≪Tenran Weapon≫{/c}
2224,闇の中に住まう黒穿竜の素材{j}より生み出された重弩。{j}{c02}≪覇種武器≫{/c},A Heavy Bowgun born from the materials{j}of the Black Piercing Dragon that dwells in darkness.{j}{c02}≪Supremacy Weapon≫{/c}
2225,闇の中に住まう黒穿竜の素材{j}より生み出された重弩。{j}{c02}≪Ｇ級覇種≫{/c},A Heavy Bowgun born from the materials{j}of the Black Piercing Dragon that dwells in darkness.{j}{c02}≪G-Rank Supremacy≫{/c}
2226,闇の中に住まう黒穿竜の素材{j}より生み出された重弩。{j}{c02}≪烈種武器：弱点特効≫{/c},A Heavy Bowgun born from the materials{j}of the Black Piercing Dragon that dwells in darkness.{j}{c02}≪Burst Weapon: Weakness Exploit≫{/c}
2227,黒穿竜の素材を用いた弓。{j}闇の力を秘めている。{j}{c02}≪剛種武器≫{/c},A Bow made from Black Piercing Dragon materials.{j}It conceals dark power.{j}{c02}≪Gou Weapon≫{/c}
2228,黒穿竜の素材を用いた弓。{j}闇の力を秘めている。{j}{c02}≪天嵐武器≫{/c},A Bow made from Black Piercing Dragon materials.{j}It harbors dark power.{j}{c02}≪Tenran Weapon≫{/c}
2229,黒穿竜の素材を用いた弓。{j}闇の力を秘めている。{j}{c02}≪覇種武器≫{/c},A Bow made from Black Piercing Dragon materials.{j}It harbors dark power.{j}{c02}≪Supremacy Weapon≫{/c}
2230,黒穿竜の素材を用いた弓。{j}闇の力を秘めている。{j}{c02}≪Ｇ級覇種≫{/c},A Bow made from Black Piercing Dragon materials.{j}It harbors dark power.{j}{c02}≪G-Rank Supremacy≫{/c}
2231,黒穿竜の素材を用いた弓。{j}闇の力を秘めている。{j}{c02}≪烈種武器：弱点特効≫{/c},A Bow made from Black Piercing Dragon materials.{j}It harbors dark power.{j}{c02}≪Burst Weapon: Weakness Exploit≫{/c}
2232,生物の血に飢えし魔性の軽弩。{j}{c03}LV1 貫通弾{/c}、{c03}水冷弾{/c}が{c03}超速射{j}{/c}対応。{c02}≪烈種武器：一閃+1≫{/c},A demonic Light Bowgun that thirsts for the blood of living creatures.{j}{c03}LV1 Pierce S{/c}and{c03}Water S{/c}can be fired with{c03}Super Rapid Fire{j}{/c}.{c02}≪Burst Weapon: Issen+1≫{/c}
2233,喰血竜の素材から作られた。{j}生物の血に飢えし魔性の弓。{j}{c02}≪烈種武器：一閃+1≫{/c},Crafted from the materials of a Blood-eating Wyvern.{j}A demonic Bow that hungers for the blood of living things.{j}{c02}≪Burst Weapon: Issen+1≫{/c}
2234,偶然は二度起こる事もあると{j}工房長は静かに語る。{j}{c02}≪烈種武器：一閃+1≫{/c},"Coincidence can happen twice,{j}the Workshop Chief says quietly.{j}{c02}≪Burst Weapon: Issen+1≫{/c}"
2235,冥雷竜の軽銃。{c03}LV2 通常弾{/c}、{j}{c03}LV1 徹甲榴弾{/c}が{c03}超速射{/c}対応。{j}{c02}≪烈種武器：一閃+1≫{/c},"The Dark Thunder Dragon's Light Bowgun.{c03}LV2 Normal Ammo{/c},{j}{c03}LV1 Crag Shot{/c}can use{c03}Ultra Rapid Fire{/c}.{j}{c02}≪Burst Weapon: Issen+1≫{/c}"
2236,規格外でくくるには{j}もはや間に合わない高機能弓。{j}{c02}≪烈種武器：一閃+1≫{/c},Far too advanced to{j}be called off the charts -- a high-performance Bow.{j}{c02}≪Burst Weapon: Issen+1≫{/c}
2237,弾幕の雨が狩場を支配する。{j}{c03}LV2 通常弾{/c}、{c03}氷結弾{/c}が{c03}超速射{/c}に{j}対応。{c02}≪烈種武器：弱点特効≫{/c},A rain of bullets rules the hunting ground.{j}{c03}LV2 Normal Ammo{/c}and{c03}Freeze Ammo{/c}are compatible with{c03}Rapid Fire{/c}{j}.{c02}≪Burst Weapon: Weakness Exploit≫{/c}
2238,老齢にして剛健な呑竜を狩り{j}さらなる高みに到達した証。{j}{c02}≪烈種武器：弱点特効≫{/c},Proof that you hunted the aged yet stalwart Devourer Wyvern{j}and reached even greater heights.{j}{c02}≪Burst Weapon: Weakness Exploit≫{/c}
2239,精巧な中空構造により強度を{j}落とさず軽量化した軽弩。{c03}LV2 {j}通常弾{/c}、{c03}水冷弾{/c}が{c03}速射{/c}対応。,"A light bowgun lightened by an elaborate hollow structure without{j}sacrificing strength.{c03}LV2{j}Normal Shot{/c},{c03}Water Chill Shot{/c}are{c03}rapid fire{/c}compatible."
2240,精巧な中空構造により強度を{j}落とさず軽量化した軽弩。{c03}LV2 {j}通常弾{/c}、{c03}水冷弾{/c}が{c03}速射{/c}対応。,"A light bowgun lightened by an elaborate hollow structure without{j}sacrificing strength.{c03}LV2{j}Normal Shot{/c},{c03}Water Chill Shot{/c}are{c03}rapid fire{/c}compatible."
2241,精巧な中空構造により強度を{j}落とさず軽量化した軽弩。{c03}LV2 {j}通常弾{/c}、{c03}水冷弾{/c}が{c03}速射{/c}対応。,"A light bowgun lightened by an elaborate hollow structure without{j}sacrificing strength.{c03}LV2{j}Normal Shot{/c},{c03}Water Chill Shot{/c}are{c03}rapid fire{/c}compatible."
2242,精巧な中空構造により強度を{j}落とさず軽量化した軽弩。{c03}LV2 {j}通常弾{/c}、{c03}水冷弾{/c}が{c03}速射{/c}対応。,"A light bowgun lightened by an elaborate hollow structure without{j}sacrificing strength.{c03}LV2{j}Normal Shot{/c},{c03}Water Chill Shot{/c}are{c03}rapid fire{/c}compatible."
2243,強度を落とさず軽量化に成功{j}した軽弩。{c03}LV2 通常弾{/c}、{c03}水冷{j}弾{/c}が{c03}速射{/c}対応。{c11}≪ＨＣ武器≫{/c},"A light bowgun that succeeded{j}in reducing weight without sacrificing strength.{c03}LV2 Normal Ammo{/c},{c03}Water{j}Ammo{/c}are{c03}Rapid Fire{/c}compatible.{c11}≪HC Weapon≫{/c}"
2244,精巧な中空構造により強度を{j}落とさず軽量化した軽弩。{c03}LV2 {j}通常弾{/c}、{c03}水冷弾{/c}が{c03}速射{/c}対応。,"A light bowgun lightened by an elaborate hollow structure without{j}sacrificing strength.{c03}LV2{j}Normal Shot{/c},{c03}Water Chill Shot{/c}are{c03}rapid fire{/c}compatible."
2245,精巧な中空構造により強度を{j}落とさず軽量化した軽弩。{c03}LV2 {j}通常弾{/c}、{c03}水冷弾{/c}が{c03}速射{/c}対応。,"A light bowgun lightened by an elaborate hollow structure without{j}sacrificing strength.{c03}LV2{j}Normal Shot{/c},{c03}Water Chill Shot{/c}are{c03}rapid fire{/c}compatible."
2246,精巧な中空構造により強度を{j}落とさず軽量化した軽弩。{c03}LV1 {j}貫通弾{/c}、{c03}火炎弾{/c}が{c03}速射{/c}対応。,"A Light Bowgun made lighter by an ingenious hollow structure without{j}sacrificing strength.{c03}LV1{j}Pierce Ammo{/c},{c03}Flaming Ammo{/c}are{c03}Rapid Fire{/c}-capable."
2247,精巧な中空構造により強度を{j}落とさず軽量化した軽弩。{c03}LV1 {j}貫通弾{/c}、{c03}火炎弾{/c}が{c03}速射{/c}対応。,"A Light Bowgun made lighter by an ingenious hollow structure without{j}sacrificing strength.{c03}LV1{j}Pierce Ammo{/c},{c03}Flaming Ammo{/c}are{c03}Rapid Fire{/c}-capable."
2248,精巧な中空構造により強度を{j}落とさず軽量化した軽弩。{c03}LV1 {j}貫通弾{/c}、{c03}火炎弾{/c}が{c03}速射{/c}対応。,"A Light Bowgun made lighter by an ingenious hollow structure without{j}sacrificing strength.{c03}LV1{j}Pierce Ammo{/c},{c03}Flaming Ammo{/c}are{c03}Rapid Fire{/c}-capable."
2249,精巧な中空構造により強度を{j}落とさず軽量化した軽弩。{c03}LV1 {j}貫通弾{/c}、{c03}火炎弾{/c}が{c03}速射{/c}対応。,"A Light Bowgun made lighter by an ingenious hollow structure without{j}sacrificing strength.{c03}LV1{j}Pierce Ammo{/c},{c03}Flaming Ammo{/c}are{c03}Rapid Fire{/c}-capable."
2250,強度を落とさず軽量化に成功{j}した軽弩。{c03}LV1 貫通弾{/c}、{c03}火炎{j}弾{/c}が{c03}速射{/c}対応。{c11}≪ＨＣ武器≫{/c},"A light bowgun that succeeded{j}in reducing weight without sacrificing strength.{c03}LV1 Pierce Ammo{/c},{c03}Flaming{j}Ammo{/c}are{c03}Rapid Fire{/c}compatible.{c11}≪HC Weapon≫{/c}"
2251,精巧な中空構造により強度を{j}落とさず軽量化した軽弩。{c03}LV1 {j}貫通弾{/c}、{c03}火炎弾{/c}が{c03}速射{/c}対応。,"A Light Bowgun made lighter by an ingenious hollow structure without{j}sacrificing strength.{c03}LV1{j}Pierce Ammo{/c},{c03}Flaming Ammo{/c}are{c03}Rapid Fire{/c}-capable."
2252,精巧な中空構造により強度を{j}落とさず軽量化した軽弩。{c03}LV1 {j}貫通弾{/c}、{c03}火炎弾{/c}が{c03}速射{/c}対応。,"A Light Bowgun made lighter by an ingenious hollow structure without{j}sacrificing strength.{c03}LV1{j}Pierce Ammo{/c},{c03}Flaming Ammo{/c}are{c03}Rapid Fire{/c}-capable."
2253,アンティークとしても価値の{j}高い名銃。{c03}LV2 通常弾{/c}が{j}{c03}速射{/c}対応。,A famous gun with high{j}value as an antique.{c03}LV2 Normal Ammo{/c}supports{j}{c03}Rapid Fire{/c}.
2254,アンティークとしても価値の{j}高い名銃。{c03}LV2 通常弾{/c}が{j}{c03}速射{/c}対応。,A famous gun with high{j}value as an antique.{c03}LV2 Normal Ammo{/c}supports{j}{c03}Rapid Fire{/c}.
2255,0,
2256,アンティークとしても価値の{j}高い名銃。{c03}LV2 通常弾{/c}が{j}{c03}速射{/c}対応。,A famous gun with high{j}value as an antique.{c03}LV2 Normal Ammo{/c}supports{j}{c03}Rapid Fire{/c}.
2257,アンティークとしても価値の{j}高い名銃。{c03}LV2 通常弾{/c}が{j}{c03}速射{/c}対応。{c11}≪ＨＣ武器≫{/c},A famous gun with high{j}value as an antique.{c03}LV2 Normal Ammo{/c}supports{j}{c03}Rapid Fire{/c}.{c11}≪HC Weapon≫{/c}
2258,アンティークとしても価値の{j}高い名銃。{c03}LV2 通常弾{/c}が{j}{c03}速射{/c}対応。,A famous gun with high{j}value as an antique.{c03}LV2 Normal Ammo{/c}supports{j}{c03}Rapid Fire{/c}.
2259,アンティークとしても価値の{j}高い名銃。{c03}LV2 通常弾{/c}が{j}{c03}速射{/c}対応。,A famous gun with high{j}value as an antique.{c03}LV2 Normal Ammo{/c}supports{j}{c03}Rapid Fire{/c}.
2260,ヴィンテージとしても価値の{j}高い逸品。{c03}LV1 貫通弾{/c}が{j}{c03}速射{/c}対応。,A gem of{j}high value even as a vintage.{c03}LV1 Pierce Ammo{/c}supports{j}{c03}Rapid Fire{/c}.
2261,ヴィンテージとしても価値の{j}高い逸品。{c03}LV1 貫通弾{/c}が{j}{c03}速射{/c}対応。,A gem of{j}high value even as a vintage.{c03}LV1 Pierce Ammo{/c}supports{j}{c03}Rapid Fire{/c}.
2262,0,
2263,ヴィンテージとしても価値の{j}高い逸品。{c03}LV1 貫通弾{/c}が{j}{c03}速射{/c}対応。,A gem of{j}high value even as a vintage.{c03}LV1 Pierce Ammo{/c}supports{j}{c03}Rapid Fire{/c}.
2264,ヴィンテージとしても価値の{j}高い逸品。{c03}LV1 貫通弾{/c}が{j}{c03}速射{/c}対応。{c11}≪ＨＣ武器≫{/c},A gem of{j}high value even as a vintage.{c03}LV1 Pierce Ammo{/c}supports{j}{c03}Rapid Fire{/c}.{c11}≪HC Weapon≫{/c}
2265,ヴィンテージとしても価値の{j}高い逸品。{c03}LV1 貫通弾{/c}が{j}{c03}速射{/c}対応。,A gem of{j}high value even as a vintage.{c03}LV1 Pierce Ammo{/c}supports{j}{c03}Rapid Fire{/c}.
2266,ヴィンテージとしても価値の{j}高い逸品。{c03}LV1 貫通弾{/c}が{j}{c03}速射{/c}対応。,A gem of{j}high value even as a vintage.{c03}LV1 Pierce Ammo{/c}supports{j}{c03}Rapid Fire{/c}.
2267,北方の地で祭事に用いられる{j}鉄球を模したボウガン。軽量で{j}扱い易い。,A Bowgun modeled after the iron ball used in{j}festivals in the northern lands. Lightweight and{j}easy to handle.
2268,北方の地で祭事に用いられる{j}鉄球を模したボウガン。軽量で{j}扱い易い。,A Bowgun modeled after the iron ball used in{j}festivals in the northern lands. Lightweight and{j}easy to handle.
2269,北方の地で祭事に用いられる{j}鉄球を模したボウガン。軽量で{j}扱い易い。,A Bowgun modeled after the iron ball used in{j}festivals in the northern lands. Lightweight and{j}easy to handle.
2270,北方の地で祭事に用いられる{j}鉄球を模したボウガン。軽量で{j}扱い易い。,A Bowgun modeled after the iron ball used in{j}festivals in the northern lands. Lightweight and{j}easy to handle.
2271,威力がさらに向上された{j}きんねこ砲。大型モンスター{j}に相当強い。{c11}≪ＨＣ武器≫{/c},"The Gold Cat Cannon,{j}with even greater firepower. Extremely effective against large monsters{j}.{c11}≪HC Weapon≫{/c}"
2272,威力がさらに向上された{j}きんねこ砲。大型モンスター{j}に相当強い。,"The Gold Cat Cannon, with even greater firepower.{j}Extremely effective against large monsters.{j}"
2273,威力がさらに向上された{j}きんねこ砲。大型モンスター{j}に相当強い。,"The Gold Cat Cannon, with even greater firepower.{j}Extremely effective against large monsters.{j}"
2274,威力がさらに向上された{j}ぎんねこ砲。大型モンスター{j}に相当強い。{c11}≪ＨＣ武器≫{/c},"The Silver Cat Cannon,{j}with even greater firepower. Extremely effective against large monsters{j}.{c11}≪HC Weapon≫{/c}"
2275,威力がさらに向上された{j}ぎんねこ砲。大型モンスター{j}に相当強い。,"The Silver Cat Cannon, with even greater firepower.{j}Extremely effective against large monsters.{j}"
2276,威力がさらに向上された{j}ぎんねこ砲。大型モンスター{j}に相当強い。,"The Silver Cat Cannon, with even greater firepower.{j}Extremely effective against large monsters.{j}"
2277,極限まで高めた火力で獲物を{j}蜂の巣にする。{c03}LV2 通常弾{/c}が{j}{c03}速射{/c}対応。,Turns prey into a{j}honeycomb with firepower honed to the limit.{c03}LV2 Normal Ammo{/c}{j}{c03}Rapid Fire{/c}capable.
2278,極限まで高めた火力で獲物を{j}蜂の巣にする。{c03}LV2 通常弾{/c}が{j}{c03}速射{/c}対応。,Turns prey into a{j}honeycomb with firepower honed to the limit.{c03}LV2 Normal Ammo{/c}{j}{c03}Rapid Fire{/c}capable.
2279,柔軟な拡張性に豊富な弾丸が{j}発射可能。{c03}火炎弾{/c}、{c03}水冷弾{/c}が{j}{c03}速射{/c}対応。,"Flexible expandability allows{j}firing of abundant bullets.{c03}Fire Ammo{/c},{c03}Water Ammo{/c}support{j}{c03}Rapid Fire{/c}."
2280,柔軟な拡張性に豊富な弾丸が{j}発射可能。{c03}火炎弾{/c}、{c03}水冷弾{/c}が{j}{c03}速射{/c}対応。,"Flexible expandability allows{j}firing of abundant bullets.{c03}Fire Ammo{/c},{c03}Water Ammo{/c}support{j}{c03}Rapid Fire{/c}."
2281,{c03}LV1 貫通弾{/c}、{c03}電撃弾{/c}が{j}{c03}速射{/c}対応。狙われた獲物に{j}逃げる術は無し{c11}≪ＨＣ武器≫{/c},{c03}Lv1 Pierce S.{/c}and{c03}Thunder S.{/c}can be{j}{c03}rapid-fired{/c}. Prey that is targeted{j}has no means of escape{c11}≪HC Weapon≫{/c}
2282,{c03}LV1 貫通弾{/c}、{c03}電撃弾{/c}が{j}{c03}速射{/c}対応。狙われた獲物に、{j}生き延びる術は無し。,{c03}Lv1 Pierce S.{/c}and{c03}Thunder S.{/c}can be{j}{c03}rapid-fired{/c}. Prey that is targeted{j}has no means of survival.
2283,{c03}LV1 貫通弾{/c}、{c03}電撃弾{/c}が{j}{c03}速射{/c}対応。狙われた獲物に、{j}生き延びる術は無し。,{c03}Lv1 Pierce S.{/c}and{c03}Thunder S.{/c}can be{j}{c03}rapid-fired{/c}. Prey that is targeted{j}has no means of survival.
2284,工房が開発した次世代の軽弩。{j}{c03}LV2 通常弾{/c}が{c03}速射{/c}対応。,A next-generation Light Bowgun developed by the Workshop.{j}{c03}LV2 Normal Ammo{/c}supports{c03}Rapid Fire{/c}.
2285,工房が開発した次世代の軽弩。{j}{c03}LV2 通常弾{/c}が{c03}速射{/c}対応。,A next-generation Light Bowgun developed by the Workshop.{j}{c03}LV2 Normal Ammo{/c}supports{c03}Rapid Fire{/c}.
2286,工房が開発した次世代の軽弩。{j}{c03}火炎弾{/c}、{c03}水冷弾{/c}、{c03}電撃弾{/c}が{j}{c03}速射{/c}対応。,"A next-generation Light Bowgun developed by the Workshop.{j}{c03}Flame Ammo{/c},{c03}Water Ammo{/c},{c03}Thunder Ammo{/c}support{j}{c03}Rapid Fire{/c}."
2287,工房が開発した次世代の軽弩。{j}{c03}火炎弾{/c}、{c03}水冷弾{/c}、{c03}電撃弾{/c}が{j}{c03}速射{/c}対応。,"A next-generation Light Bowgun developed by the Workshop.{j}{c03}Flame Ammo{/c},{c03}Water Ammo{/c},{c03}Thunder Ammo{/c}support{j}{c03}Rapid Fire{/c}."
2288,火属性の弓。放たれる矢は、{j}鋭い針のようにモンスターを{j}撃ち抜く。,A Fire element Bow. The arrows it fires{j}pierce the Monster{j}like sharp needles.
2289,火属性の弓。放たれる矢は、{j}鋭い針のようにモンスターを{j}撃ち抜く。,A Fire element Bow. The arrows it fires{j}pierce the Monster{j}like sharp needles.
2290,毒ビンとの相性が良い弓。{j}毒を纏って放たれる矢は、{j}毒の針のようだ。,A bow that has good compatibility with Poison{j}Coatings. The arrows released clad in poison are{j}like poisonous needles.
2291,毒ビンとの相性が良い弓。{j}毒を纏って放たれる矢は、{j}毒の針のようだ。,A bow that has good compatibility with Poison{j}Coatings. The arrows released clad in poison are{j}like poisonous needles.
2292,巨大な治具の一種を弓の機構{j}に応用。職人の探究心が生ん{j}だ至高の品。{c11}≪ＨＣ武器≫{/c},A type of giant jig applied{j}to the bow's mechanism. A supreme item born{j}from a craftsman's inquiring mind.{c11}≪HC Weapon≫{/c}
2293,巨大な治具の一種を弓の機構{j}に応用。職人の探究心が生ん{j}だ至高の品。,A type of giant jig applied{j}to the bow's mechanism. A supreme item born{j}from a craftsman's inquiring mind.
2294,巨大な治具の一種を弓の機構{j}に応用。職人の探究心が生ん{j}だ至高の品。,A type of giant jig applied{j}to the bow's mechanism. A supreme item born{j}from a craftsman's inquiring mind.
2295,巨大な治具の一種を弓の機構{j}に応用。職人の汗と涙が生ん{j}だ至高の品。{c11}≪ＨＣ武器≫{/c},A type of giant jig applied{j}to the bow's mechanism. A supreme item born{j}from a craftsman's sweat and tears.{c11}≪HC Weapon≫{/c}
2296,巨大な治具の一種を弓の機構{j}に応用。職人の汗と涙が生ん{j}だ至高の品。,A type of giant jig applied{j}to the bow's mechanism. A supreme item born{j}from a craftsman's sweat and tears.
2297,巨大な治具の一種を弓の機構{j}に応用。職人の汗と涙が生ん{j}だ至高の品。,A type of giant jig applied{j}to the bow's mechanism. A supreme item born{j}from a craftsman's sweat and tears.
2298,永遠の輝きを放つ重弩。{j}稀少な鉱石を使用している。{j}{c11}≪ＨＣ武器≫{/c},A Heavy Bowgun that radiates eternal brilliance.{j}It uses a rare ore.{j}{c11}≪HC Weapon≫{/c}
2299,永遠の輝きを放つ重弩。{j}稀少な煌びやかな鉱石を{j}贅沢に使用して創られた。,"A Heavy Bowgun that radiates eternal brilliance.{j}Created by lavishly using{j}a rare, glittering ore."
2300,永遠の輝きを放つ重弩。{j}稀少な煌びやかな鉱石を{j}贅沢に使用して創られた。,"A Heavy Bowgun that radiates eternal brilliance.{j}Created by lavishly using{j}a rare, glittering ore."
2301,厳かな輝きを放つ重弩。{j}華麗な鉱石を使用している。{j}{c11}≪ＨＣ武器≫{/c},A Heavy Bowgun that radiates a solemn brilliance.{j}Made from magnificent ore.{j}{c11}≪HC Weapon≫{/c}
2302,厳かな輝きを放つ重弩。{j}華麗な鉱石を卓越した{j}技術を使用して創られた。,A Heavy Bowgun that radiates a solemn brilliance.{j}Forged from magnificent ore{j}using exceptional craftsmanship.
2303,厳かな輝きを放つ重弩。{j}華麗な鉱石を卓越した{j}技術を使用して創られた。,A Heavy Bowgun that radiates a solemn brilliance.{j}Forged from magnificent ore{j}using exceptional craftsmanship.
2304,朱に染まった弓。鉱石を使い{j}新しい技術により創られた。{j}{c11}≪ＨＣ武器≫{/c},"A Bow stained scarlet. Using ore,{j}it was created with new technology.{j}{c11}≪HC Weapon≫{/c}"
2305,朱に染まった弓。鉱石を使い{j}新しい技術により創られた。,"A Bow stained scarlet. Using ore,{j}it was created with new technology."
2306,朱に染まった弓。鉱石を使い{j}新しい技術により創られた。,"A Bow stained scarlet. Using ore,{j}it was created with new technology."
2307,黄に染まった弓。鉱石を使い{j}新しい技術により創られた。{j}{c11}≪ＨＣ武器≫{/c},A bow dyed yellow. Using ore{j}Created through new technology.{j}{c11}≪HC Weapon≫{/c}
2308,黄に染まった弓。{j}主な素材に鉱石を使用し、{j}新しい技術により創られた。,"A bow dyed yellow.{j}Using ore as the main material,{j}Created through new technology."
2309,黄に染まった弓。{j}主な素材に鉱石を使用し、{j}新しい技術により創られた。,"A bow dyed yellow.{j}Using ore as the main material,{j}Created through new technology."
2310,様々な素材を混ぜ合わせ{j}独特の質感を持つボウガン。{j}{c11}≪ＨＣ武器≫{/c},"A Bowgun with a unique texture,{j}blended from many materials.{j}{c11}≪HC Weapon≫{/c}"
2311,様々な素材を混ぜ合わせ{j}独特の質感を持つボウガン。{j}職人会心の出来の1つ。,"A Bowgun with a unique texture,{j}blended from many materials.{j}A piece the artisan is proud of."
2312,様々な素材を混ぜ合わせ{j}独特の質感を持つボウガン。{j}職人会心の出来の1つ。,"A Bowgun with a unique texture,{j}blended from many materials.{j}A piece the artisan is proud of."
2313,実用と美術的価値の両立を{j}目指したボウガン。{j}手入れ不要。{c11}≪ＨＣ武器≫{/c},A Bowgun that{j}aimed for a balance of practicality and artistic value.{j}Maintenance-free.{c11}≪HC Weapon≫{/c}
2314,実用と美術的価値の両立を{j}目指したボウガン。{j}手入れ不要の逸品。,A Bowgun that aimed for a balance of practicality{j}and artistic value. A maintenance-free masterpiece.{j}
2315,実用と美術的価値の両立を{j}目指したボウガン。{j}手入れ不要の逸品。,A Bowgun that aimed for a balance of practicality{j}and artistic value. A maintenance-free masterpiece.{j}
2316,まるで生き物のような脈動を{j}伝え、所有者に不思議な力を{j}与える重銃。{c11}≪ＨＣ武器≫{/c},A Heavy Bowgun that{j}pulses like a living thing and{j}grants its wielder mysterious power.{c11}≪HC Weapon≫{/c}
2317,まるで生き物のような脈動を{j}伝え、所有者に不思議な力を{j}与えるとされる重銃。,A Heavy Bowgun that{j}pulses like a living thing and{j}is said to grant its wielder mysterious power.
2318,まるで生き物のような脈動を{j}伝え、所有者に不思議な力を{j}与えるとされる重銃。,A Heavy Bowgun that{j}pulses like a living thing and{j}is said to grant its wielder mysterious power.
2319,まるで生き物のように脈動し、{j}力の変化を予感させる重弩。{j}{c11}≪ＨＣ武器≫{/c},"A Heavy Bowgun that pulses as if alive, hinting at changes in{j}power.{j}{c11}≪HC Weapon≫{/c}"
2320,まるで生き物のように脈動し、{j}力の変化を予感させる重弩。,"A Heavy Bowgun that pulses as if alive, hinting at changes in{j}power."
2321,まるで生き物のように脈動し、{j}力の変化を予感させる重弩。,"A Heavy Bowgun that pulses as if alive, hinting at changes in{j}power."
2322,急冷することで得られる素材の{j}特性を使い、硬化処理を施した{j}重弩。,A Heavy Bowgun hardened through a treatment that{j}uses the properties of materials obtained by rapid{j}cooling.
2323,急冷することで得られる素材の{j}特性を使い、硬化処理を施した{j}重弩。,A Heavy Bowgun hardened through a treatment that{j}uses the properties of materials obtained by rapid{j}cooling.
2324,急冷することで得られる素材の{j}特性を使い、硬化処理を施した{j}重弩。,A Heavy Bowgun hardened through a treatment that{j}uses the properties of materials obtained by rapid{j}cooling.
2325,急冷することで得られる素材の{j}特性を使い、硬化処理を施した{j}重弩。{c11}≪ＨＣ武器≫{/c},A{j}Heavy Bowgun hardened through a treatment that uses the{j}properties of materials obtained by rapid cooling.{c11}≪HC Weapon≫{/c}
2326,急冷することで得られる素材の{j}特性を使い、硬化処理を施した{j}重弩。,A Heavy Bowgun hardened through a treatment that{j}uses the properties of materials obtained by rapid{j}cooling.
2327,急冷することで得られる素材の{j}特性を使い、硬化処理を施した{j}重弩。,A Heavy Bowgun hardened through a treatment that{j}uses the properties of materials obtained by rapid{j}cooling.
2328,ダミー,Dummy
2329,ダミー,Dummy
2330,祭時に用いられる伝統的武器。{j}己の内なるパワー引き出す{j}ことができる。,A traditional weapon used in festivals.{j}It can{j}draw out one's inner power.
2331,{c03}LV2 通常弾{/c}、{c03}LV1 散弾{/c}が{j}{c03}速射{/c}対応。純粋な殺傷力{j}のみを追及して設計された。,{c03}Lv2 Normal S.{/c}and{c03}Lv1 Pellet S.{/c}can be{j}{c03}rapid-fired{/c}. Designed to pursue pure{j}lethal power alone.
2332,{c03}LV2 通常弾{/c}が{c03}速射{/c}対応。{j}あらゆる局面に対応する事を{j}目的に設計された軽弩。,{c03}Lv2 Normal S.{/c}can be{c03}rapid-fired{/c}.{j}A light bowgun designed to{j}handle every situation.
2333,美しい装飾のライトボウガン。{j}職人のセンスが光る。{j}{c03}LV2 通常弾{/c}が{c03}速射{/c}対応。,A beautifully ornamented Light Bowgun.{j}The artisan's flair shines through.{j}{c03}Normal S Lv2{/c}supports{c03}Rapid Fire{/c}.
2334,美しい装飾のライトボウガン。{j}職人のセンスが光る。{c03}火炎弾{/c}、{j}{c03}LV1 徹甲榴弾{/c}が{c03}速射{/c}対応。,"A beautifully ornamented Light Bowgun.{j}The artisan's flair shines through.{c03}Flame S{/c},{j}{c03}Crag S Lv1{/c}supports{c03}Rapid Fire{/c}."
2335,安定性を重視し、金属板で{j}補強された大口径弾用の{j}ヘビィボウガン。,"A{j}heavy bowgun for large-caliber rounds,{j}reinforced with metal plates for stability."
2336,一撃離脱用に設計された{j}遊撃向けヘビィボウガン。{j}重そうに見えてわりと軽い。,"A Heavy Bowgun built for hit-and-run{j}skirmishing.{j}Looks heavy, but it's fairly light."
2337,測量に使う距離計を小型化し{j}搭載した龍属性の弓。{j}高精度で急所を正確に射抜く。,A Dragon-element Bow fitted with a miniaturized{j}rangefinder for surveying. Its high precision{j}pierces the weak spot with pinpoint accuracy.
2338,測量に使う距離計を小型化し{j}搭載した雷属性の弓。{j}高精度で急所を正確に射抜く。,A Thunder-element Bow fitted with a miniaturized{j}rangefinder for surveying. Its high precision{j}pierces the weak spot with pinpoint accuracy.
2339,混合素材で弓身を補強し{j}耐久度を大幅に増強した{j}雷属性の狩猟用弓。,"A hunting bow with the Thunder element, its limbs{j}reinforced with composite materials to greatly{j}boost durability."
2340,混合素材で弓身を補強し{j}耐久度を大幅に増強した{j}龍属性の狩猟用弓。,"A Dragon element hunting Bow reinforced with{j}composite materials, greatly increasing its{j}durability."
2341,夜空に輝く星々をモチーフ{j}にしたロマンチックな弓。{j}弦に触ると少し冷たい。,A romantic bow with the shining stars of the night{j}sky as a motif. The string feels a little cold to{j}the touch.
2342,夜空に輝く星々をモチーフ{j}にしたロマンチックな弓。{j}弦に触ると少し濡れている。,A romantic bow with the shining stars of the night{j}sky as a motif. The string feels a little wet to{j}the touch.
2343,0,
2344,0,
2345,0,
2346,0,
2347,0,
2348,0,
2349,0,
2350,0,
2351,0,
2352,0,
2353,0,
2354,0,
2355,0,
2356,0,
2357,0,
2358,0,
2359,0,
2360,0,
2361,0,
2362,0,
2363,0,
2364,0,
2365,0,
2366,0,
2367,0,
2368,0,
2369,0,
2370,0,
2371,0,
2372,0,
2373,0,
2374,0,
2375,0,
2376,0,
2377,0,
2378,0,
2379,0,
2380,0,
2381,0,
2382,0,
2383,0,
2384,0,
2385,0,
2386,0,
2387,0,
2388,0,
2389,0,
2390,0,
2391,0,
2392,0,
2393,0,
2394,0,
2395,0,
2396,0,
2397,0,
2398,0,
2399,0,
2400,0,
2401,0,
2402,0,
2403,0,
2404,0,
2405,0,
2406,0,
2407,0,
2408,0,
2409,0,
2410,0,
2411,0,
2412,0,
2413,0,
2414,0,
2415,0,
2416,0,
2417,0,
2418,0,
2419,0,
2420,0,
2421,0,
2422,0,
2423,0,
2424,0,
2425,0,
2426,0,
2427,0,
2428,0,
2429,0,
2430,0,
2431,0,
2432,0,
2433,0,
2434,0,
2435,0,
2436,0,
2437,0,
2438,0,
2439,0,
2440,0,
2441,0,
2442,0,
2443,0,
2444,0,
2445,0,
2446,0,
2447,0,
2448,0,
2449,0,
2450,0,
2451,0,
2452,0,
2453,0,
2454,0,
2455,0,
2456,0,
2457,0,
2458,0,
2459,0,
2460,0,
2461,0,
2462,0,
2463,0,
2464,0,
2465,0,
2466,0,
2467,0,
2468,0,
2469,0,
2470,0,
2471,0,
2472,0,
2473,0,
2474,0,
2475,0,
2476,0,
2477,0,
2478,0,
2479,0,
2480,0,
2481,0,
2482,0,
2483,西方で要人を護衛する{j}衛兵が使用している銃を{j}模したヘビィボウガン。,A Heavy Bowgun{j}modeled after the gun used by{j}guards escorting VIPs in the West.
2484,西方で要人を護衛する{j}衛兵が使用している銃を{j}模したヘビィボウガン。,A Heavy Bowgun{j}modeled after the gun used by{j}guards escorting VIPs in the West.
2485,西方で衛兵が使用している{j}銃をもとに作られた高い攻撃力{j}を誇るヘビィボウガン。,"A Heavy Bowgun boasting high{j}attack power, made based on the{j}gun used by guards in the West."
2486,西方で衛兵が使用している{j}銃をもとに作られた高い攻撃力{j}を誇るヘビィボウガン。,"A Heavy Bowgun boasting high{j}attack power, made based on the{j}gun used by guards in the West."
2487,西方で衛兵が使用している{j}銃をもとに作られた{j}ヘビィボウガン。{c11}≪ＨＣ武器≫{/c},A{j}Heavy Bowgun made based on the{j}gun used by guards in the West.{c11}≪HC Weapon≫{/c}
2488,西方で主君を護る衛兵が{j}使用するヘビィボウガン。{j}容赦ない砲撃を放つ武器。,A Heavy Bowgun used{j}by guards protecting their lord in the West.{j}A weapon that fires merciless shots.
2489,西方で主君を護る衛兵が{j}使用するヘビィボウガン。{j}容赦ない砲撃を放つ武器。,A Heavy Bowgun used{j}by guards protecting their lord in the West.{j}A weapon that fires merciless shots.
2490,西方で要人を護衛する{j}衛兵が使用している銃を{j}模したヘビィボウガン。,A Heavy Bowgun{j}modeled after the gun used by{j}guards escorting VIPs in the West.
2491,西方で要人を護衛する{j}衛兵が使用している銃を{j}模したヘビィボウガン。,A Heavy Bowgun{j}modeled after the gun used by{j}guards escorting VIPs in the West.
2492,西方で衛兵が使用している{j}銃をもとに作られた高い攻撃力{j}を誇るヘビィボウガン。,"A Heavy Bowgun boasting high{j}attack power, made based on the{j}gun used by guards in the West."
2493,西方で衛兵が使用している{j}銃をもとに作られた高い攻撃力{j}を誇るヘビィボウガン。,"A Heavy Bowgun boasting high{j}attack power, made based on the{j}gun used by guards in the West."
2494,西方で衛兵が使用している{j}銃をもとに作られた{j}ヘビィボウガン。{c11}≪ＨＣ武器≫{/c},A{j}Heavy Bowgun made based on the{j}gun used by guards in the West.{c11}≪HC Weapon≫{/c}
2495,西方で主君を護る衛兵が{j}使用するヘビィボウガン。{j}容赦ない砲撃を放つ武器。,A Heavy Bowgun used{j}by guards protecting their lord in the West.{j}A weapon that fires merciless shots.
2496,西方で主君を護る衛兵が{j}使用するヘビィボウガン。{j}容赦ない砲撃を放つ武器。,A Heavy Bowgun used{j}by guards protecting their lord in the West.{j}A weapon that fires merciless shots.
2497,婉麗で且つ高性能な軽銃。{j}{c03}LV2 通常弾{/c}、{c03}LV1 散弾{/c}が{j}{c03}速射{/c}対応。,"A graceful, high-performance light gun.{j}{c03}Can{j}{c03}rapid fire{/c}LV2 Normal Ammo{/c}and{c03}LV1 Pellet Ammo{/c}."
2498,婉麗で且つ高性能な軽銃。{j}{c03}LV2 通常弾{/c}、{c03}LV1 散弾{/c}が{j}{c03}速射{/c}対応。,"A graceful, high-performance light gun.{j}{c03}Can{j}{c03}rapid fire{/c}LV2 Normal Ammo{/c}and{c03}LV1 Pellet Ammo{/c}."
2499,婉麗で且つ高性能なライト{j}ボウガン。{c03}LV1 貫通弾{/c}が{j}{c03}速射{/c}対応。,"A graceful, high-performance Light{j}Bowgun.{c03}Can{j}{c03}rapid fire{/c}LV1 Pierce Ammo{/c}."
2500,婉麗で且つ高性能なライト{j}ボウガン。{c03}LV1 貫通弾{/c}が{j}{c03}速射{/c}対応。,"A graceful, high-performance Light{j}Bowgun.{c03}Can{j}{c03}rapid fire{/c}LV1 Pierce Ammo{/c}."
2501,遠方大陸が発祥の地の名銃。{j}{c03}LV1 通常弾{/c}、{c03}火炎弾速射{/c}対応。,"A famous gun originating from a distant continent.{j}{c03}LV1 Normal S{/c},{c03}Flame S Rapid Fire{/c}compatible."
2502,遠方大陸が発祥の地の名銃。{j}{c03}LV1 通常弾{/c}、{c03}火炎弾速射{/c}対応。,"A famous gun originating from a distant continent.{j}{c03}LV1 Normal S{/c},{c03}Flame S Rapid Fire{/c}compatible."
2503,遠方大陸が発祥の地の名銃。{j}{c03}LV1 通常弾{/c}、{c03}水冷弾速射{/c}対応。,"A famous gun originating from a distant continent.{j}{c03}LV1 Normal S{/c},{c03}Water S Rapid Fire{/c}compatible."
2504,遠方大陸が発祥の地の名銃。{j}{c03}LV1 通常弾{/c}、{c03}水冷弾速射{/c}対応。,"A famous gun originating from a distant continent.{j}{c03}LV1 Normal S{/c},{c03}Water S Rapid Fire{/c}compatible."
2505,遠方を統治する国家で{j}採用されたボウガン。,A bowgun{j}adopted by a nation ruling a distant land.
2506,遠方を統治する国家で{j}採用されたボウガン。,A bowgun{j}adopted by a nation ruling a distant land.
2507,遠方を統治する国家で{j}採用されたボウガン。,A bowgun{j}adopted by a nation ruling a distant land.
2508,遠方を統治する国家で{j}採用されたボウガン。,A bowgun{j}adopted by a nation ruling a distant land.
2509,使い易さと高威力を備えてい{j}る狩猟用の弓。万人に愛用{j}されている。{c11}≪ＨＣ武器≫{/c},Combines ease of use with high power.{j}A bow for hunting. Loved by all.{j}is being done.{c11}≪HC Weapon≫{/c}
2510,使い易さと高威力を備えてい{j}る狩猟用の弓。初心者からベ{j}テランにまで愛用されている。,Combines ease of use with high power{j}A hunting bow. From beginners to veterans.{j}Even Teran swears by it.
2511,使い易さと高威力を備えてい{j}る狩猟用の弓。初心者からベ{j}テランにまで愛用されている。,Combines ease of use with high power{j}A hunting bow. From beginners to veterans.{j}Even Teran swears by it.
2512,古龍退治を生業とした有名な{j}狩人集団の首領がかつて使用{j}した名弓。{c11}≪ＨＣ武器≫{/c},A famed bow once used{j}by the leader of the famous{j}Hunter band that made its living slaying Elder Dragons.{c11}≪HC Weapon≫{/c}
2513,古龍退治を生業とした有名な{j}狩人集団の首領がかつて使用{j}した名弓を改良した弓。,An improved version of the famed bow once used by{j}the leader of the famous Hunter band that made its{j}living slaying Elder Dragons.
2514,古龍退治を生業とした有名な{j}狩人集団の首領がかつて使用{j}した名弓を改良した弓。,An improved version of the famed bow once used by{j}the leader of the famous Hunter band that made its{j}living slaying Elder Dragons.
2515,攻撃対象を破壊することを{j}目的に製造された弓。{j}改良によって、性能を上げた。,A Bow made to{j}destroy its targets.{j}Its performance improved through refinement.
2516,攻撃対象を破壊することを{j}目的に製造された弓。{j}改良によって、性能を上げた。,A Bow made to{j}destroy its targets.{j}Its performance improved through refinement.
2517,攻撃対象を殲滅することを{j}目的に製造された弓。{j}改良によって、性能を上げた。,A Bow made to{j}annihilate its targets.{j}Its performance improved through refinement.
2518,攻撃対象を殲滅することを{j}目的に製造された弓。{j}改良によって、性能を上げた。,A Bow made to{j}annihilate its targets.{j}Its performance improved through refinement.
2519,特殊な技術で作成された軽弩。{j}{c03}LV2 通常弾{/c}と{j}{c03}LV1 貫通弾{/c}が{c03}速射{/c}可能。,A Light Bowgun forged with special techniques.{j}{c03}LV2 Normal S{/c}and{j}{c03}LV1 Pierce S{/c}can be{c03}rapid fired{/c}.
2520,特殊な技術で作成された軽弩。{j}{c03}LV2 通常弾{/c}と{j}{c03}LV1 貫通弾{/c}が{c03}速射{/c}可能。,A Light Bowgun forged with special techniques.{j}{c03}LV2 Normal S{/c}and{j}{c03}LV1 Pierce S{/c}can be{c03}rapid fired{/c}.
2521,0,
2522,特殊な技術で作成された軽弩。{j}{c03}LV2 通常弾{/c}と{j}{c03}LV1 貫通弾{/c}が{c03}速射{/c}可能。,A Light Bowgun forged with special techniques.{j}{c03}LV2 Normal S{/c}and{j}{c03}LV1 Pierce S{/c}can be{c03}rapid fired{/c}.
2523,特殊な技術で作成された軽弩。{j}{c03}LV2 通常弾{/c}と{c03}LV1 貫通弾{/c}が{j}{c03}速射{/c}可能。{c11}≪ＨＣ武器≫{/c},A Light Bowgun forged with special techniques.{j}{c03}LV2 Normal S{/c}and{c03}LV1 Pierce S{/c}can be{j}{c03}rapid fired{/c}.{c11}≪HC Weapon≫{/c}
2524,特殊な技術で作成された軽弩。{j}{c03}LV2 通常弾{/c}と{j}{c03}LV1 貫通弾{/c}が{c03}速射{/c}可能。,A Light Bowgun forged with special techniques.{j}{c03}LV2 Normal S{/c}and{j}{c03}LV1 Pierce S{/c}can be{c03}rapid fired{/c}.
2525,特殊な技術で作成された軽弩。{j}{c03}LV2 通常弾{/c}と{j}{c03}LV1 貫通弾{/c}が{c03}速射{/c}可能。,A Light Bowgun forged with special techniques.{j}{c03}LV2 Normal S{/c}and{j}{c03}LV1 Pierce S{/c}can be{c03}rapid fired{/c}.
2526,特殊な技術で作成された軽弩。{j}様々な部品が使用されており、{j}複雑な構造をしている。,"A Light Bowgun forged with special techniques.{j}A variety of parts are used,{j}giving it a complex structure."
2527,特殊な技術で作成された軽弩。{j}様々な部品が使用されており、{j}複雑な構造をしている。,"A Light Bowgun forged with special techniques.{j}A variety of parts are used,{j}giving it a complex structure."
2528,0,
2529,特殊な技術で作成された軽弩。{j}様々な部品が使用されており、{j}複雑な構造をしている。,"A Light Bowgun forged with special techniques.{j}A variety of parts are used,{j}giving it a complex structure."
2530,特殊な技術で作成された軽弩。{j}様々な部品が使用されている。{j}{c11}≪ＨＣ武器≫{/c},A Light Bowgun forged with special techniques.{j}A variety of parts are used.{j}{c11}≪HC Weapon≫{/c}
2531,特殊な技術で作成された軽弩。{j}様々な部品が使用されており、{j}複雑な構造をしている。,"A Light Bowgun forged with special techniques.{j}A variety of parts are used,{j}giving it a complex structure."
2532,特殊な技術で作成された軽弩。{j}様々な部品が使用されており、{j}複雑な構造をしている。,"A Light Bowgun forged with special techniques.{j}A variety of parts are used,{j}giving it a complex structure."
2533,特殊な技術により開発された{j}機械仕掛けの弓。新し物好きな{j}人々に好まれそうな弓。,A mechanical Bow developed with special techniques.{j}A bow that seems likely to please those fond of{j}novelty.
2534,特殊な技術により開発された{j}機械仕掛けの弓。新し物好きな{j}人々に好まれそうな弓。,A mechanical Bow developed with special techniques.{j}A bow that seems likely to please those fond of{j}novelty.
2535,特殊な技術により開発された{j}機械仕掛けの弓。機械好きには{j}たまらない垂涎の一品。,A mechanical Bow developed with special techniques.{j}A coveted prize irresistible to machine lovers.{j}
2536,特殊な技術により開発された{j}機械仕掛けの弓。{j}{c11}≪ＨＣ武器≫{/c},A{j}mechanical Bow developed with special techniques.{j}{c11}≪HC Weapon≫{/c}
2537,特殊な技術により開発された{j}機械仕掛けの弓。見かけ通り{j}優れた性能を誇る。,"A mechanical Bow developed with special techniques.{j}It boasts excellent performance, just as it{j}appears."
2538,特殊な技術により開発された{j}機械仕掛けの弓。見かけ通り{j}優れた性能を誇る。,"A mechanical Bow developed with special techniques.{j}It boasts excellent performance, just as it{j}appears."
2539,ベテランハンターの証とされ、{j}万物をことごとく打ち抜く{j}といわれる特注の弓。,Proof of a veteran Hunter: a custom Bow said to{j}pierce through all creation.{j}
2540,ベテランハンターの証とされ、{j}万物をことごとく打ち抜く{j}といわれる特注の弓。,Proof of a veteran Hunter: a custom Bow said to{j}pierce through all creation.{j}
2541,ベテランハンターの証とされ、{j}万物をことごとく打ち抜く{j}といわれる特注の弓。,Proof of a veteran Hunter: a custom Bow said to{j}pierce through all creation.{j}
2542,ベテランハンターの証とされ、{j}万物をことごとく打ち抜く{j}といわれる特注の弓。,Proof of a veteran Hunter: a custom Bow said to{j}pierce through all creation.{j}
2543,ベテランハンターの証とされ、{j}万物を打ち抜くといわれる{j}特注の弓。{c11}≪ＨＣ武器≫{/c},Proof of a veteran Hunter: a custom Bow{j}said to pierce all creation{j}.{c11}≪HC Weapon≫{/c}
2544,ベテランハンターの証とされ、{j}万物をことごとく打ち抜く{j}といわれる特注の弓。,Proof of a veteran Hunter: a custom Bow said to{j}pierce through all creation.{j}
2545,ベテランハンターの証とされ、{j}万物をことごとく打ち抜く{j}といわれる特注の弓。,Proof of a veteran Hunter: a custom Bow said to{j}pierce through all creation.{j}
2546,しろねこが昼寝をしている{j}姿をイメージしたという重砲。{j}造形には定評がある。,A Heavy Bowgun said to be inspired by the sight of{j}a white cat taking a nap. It has a reputation for{j}its design.
2547,しろねこが昼寝をしている{j}姿をイメージしたという重砲。{j}造形には定評がある。,A Heavy Bowgun said to be inspired by the sight of{j}a white cat taking a nap. It has a reputation for{j}its design.
2548,しろねこが昼寝をしている{j}姿をイメージしたという重砲。{j}造形には定評がある。,A Heavy Bowgun said to be inspired by the sight of{j}a white cat taking a nap. It has a reputation for{j}its design.
2549,くろねこが昼寝をしている{j}姿をイメージしたという重砲。{j}造形には定評がある。,A heavy bowgun said to be inspired by the{j}appearance of a black cat taking a nap.{j}Its design has a good reputation.
2550,くろねこが昼寝をしている{j}姿をイメージしたという重砲。{j}造形には定評がある。,A heavy bowgun said to be inspired by the{j}appearance of a black cat taking a nap.{j}Its design has a good reputation.
2551,くろねこが昼寝をしている{j}姿をイメージしたという重砲。{j}造形には定評がある。,A heavy bowgun said to be inspired by the{j}appearance of a black cat taking a nap.{j}Its design has a good reputation.
2552,不思議な形状の重砲。樽の中{j}にはハンターの心強い味方が{j}待機しているとか。,"A Heavy Bowgun of mysterious shape. Inside the{j}barrel, a Hunter's reliable ally is waiting, they{j}say."
2553,不思議な形状の重砲。樽の中{j}にはハンターの心強い味方が{j}待機しているとか。,"A Heavy Bowgun of mysterious shape. Inside the{j}barrel, a Hunter's reliable ally is waiting, they{j}say."
2554,不思議な形状の重砲。樽の中{j}にはハンターの心強い味方が{j}待機中とか。{c16}≪親方印≫{/c},"A Heavy Bowgun of mysterious shape. Inside the barrel{j}, a Hunter's reliable ally is{j}on standby, they say.{c16}≪Master Mark≫{/c}"
2555,不思議な形状の重砲。樽の中{j}にはハンターの心強い味方が{j}待機中とか。{c11}≪ＨＣ武器≫{/c},"A Heavy Bowgun of mysterious shape. Inside the barrel{j}, a Hunter's reliable ally is{j}on standby, they say.{c11}≪HC Weapon≫{/c}"
2556,不思議な形状の重砲。樽の中{j}にはハンターの心強い味方が{j}待機しているとか。,"A Heavy Bowgun of mysterious shape. Inside the{j}barrel, a Hunter's reliable ally is waiting, they{j}say."
2557,不思議な形状の重砲。樽の中{j}に潜むのはハンターの味方か、{j}それとも…？,"A Heavy Bowgun of mysterious shape. What lurks{j}inside the barrel is a Hunter's ally, or something{j}else...?"
2558,不思議な形状の重砲。樽の中{j}に潜むのはハンターの味方か、{j}それとも…？,"A Heavy Bowgun of mysterious shape. What lurks{j}inside the barrel is a Hunter's ally, or something{j}else...?"
2559,不思議な形状の重砲。樽の中{j}に潜むのはハンターの味方か、{j}それとも…？{c16}≪親方印≫{/c},"A Heavy Bowgun of mysterious shape. What lurks inside the barrel{j}is a Hunter's ally, or{j}something else...?{c16}≪Master Mark≫{/c}"
2560,不思議な形状の重砲。樽の中{j}に潜むのはハンターの味方か、{j}それとも…？{c11}≪ＨＣ武器≫{/c},"A Heavy Bowgun of mysterious shape. What lurks inside the barrel{j}is a Hunter's ally, or{j}something else...?{c11}≪HC Weapon≫{/c}"
2561,不思議な形状の重砲。樽の中{j}に潜むのはハンターの味方か、{j}それとも…？,"A Heavy Bowgun of mysterious shape. What lurks{j}inside the barrel is a Hunter's ally, or something{j}else...?"
2562,優れた狩猟技術を身につけた、{j}選ばれしハンターのみが{j}手にできる金色の重砲。,A golden Heavy Bowgun that only a{j}chosen Hunter with superb hunting skills{j}can obtain.
2563,優れた狩猟技術を身につけた、{j}選ばれしハンターのみが{j}手にできる金色の重砲。,A golden Heavy Bowgun that only a{j}chosen Hunter with superb hunting skills{j}can obtain.
2564,優れた狩猟技術を身につけた、{j}選ばれしハンターのみが持つ{j}金色の重砲。{c16}≪親方印≫{/c},Only a chosen{j}Hunter with superb hunting skills may carry{j}this golden Heavy Bowgun.{c16}≪Master Mark≫{/c}
2565,優れた狩猟技術を身につけた、{j}選ばれしハンターのみが持つ{j}金色の重砲。{c11}≪ＨＣ武器≫{/c},Only a chosen{j}Hunter with superb hunting skills may carry{j}this golden Heavy Bowgun.{c11}≪HC Weapon≫{/c}
2566,優れた狩猟技術を身につけた、{j}選ばれしハンターのみが{j}手にできる金色の重砲。,A golden Heavy Bowgun that only a{j}chosen Hunter with superb hunting skills{j}can obtain.
2567,銀色の輝きをたたえた重砲。{j}見た目より扱いやすく、狙っ{j}た獲物を素早く撃ち抜ける。,"A heavy cannon brimming with silver radiance.{j}Easier to handle than it looks, it can swiftly{j}shoot through the prey you aim at."
2568,銀色の輝きをたたえた重砲。{j}見た目より扱いやすく、狙っ{j}た獲物を素早く撃ち抜ける。,"A heavy cannon brimming with silver radiance.{j}Easier to handle than it looks, it can swiftly{j}shoot through the prey you aim at."
2569,銀色の輝きをたたえた重砲。{j}扱いやすく、狙った獲物を{j}素早く撃てる。{c16}≪親方印≫{/c},"A heavy cannon brimming with silver radiance.{j}Easy to handle, it can{j}swiftly shoot the prey you aim at.{c16}≪Master Mark≫{/c}"
2570,銀色の輝きをたたえた重砲。{j}扱いやすく、狙った獲物を{j}素早く撃てる。{c11}≪ＨＣ武器≫{/c},"A heavy cannon brimming with silver radiance.{j}Easy to handle, it can{j}swiftly shoot the prey you aim at.{c11}≪HC Weapon≫{/c}"
2571,鮮やかな色彩をもつ華鳳鳥の{j}素材から作られた弓。{j}{c02}≪剛種武器≫{/c},Bow made from the{j}materials of the colorful phoenix.{j}{c02}≪Gou Weapon≫{/c}
2572,鮮やかな色彩をもつ華鳳鳥の{j}素材から作られた弓。{j}{c02}≪天嵐武器≫{/c},Bow made from the{j}materials of the colorful phoenix.{j}{c02}≪Tenran Weapon≫{/c}
2573,鮮やかな色彩をもつ華鳳鳥の{j}素材を贅沢に使用した弓。{j}{c02}≪覇種武器≫{/c},Bow lavishly using the{j}materials of the vividly colored Splendid Phoenix Bird.{j}{c02}≪Supremacy Weapon≫{/c}
2574,華鳳鳥の素材を用いた弓。{j}花の甘い香りが漂う。{j}{c02}≪Ｇ級覇種≫{/c},A Bow forged from Blossom Phoenix materials.{j}A sweet scent of flowers drifts about it.{j}{c02}≪G-Rank Supremacy≫{/c}
2575,綺麗な装飾から香る花の匂い{j}が一時の安らぎを感じさせる。{j}{c02}≪烈種武器：逆鱗≫{/c},The scent of flowers{j}drifting from the lovely ornament brings a moment of peace.{j}{c02}≪Burst Weapon: Wrath Awoken≫{/c}
2576,特定の季節にしか採れない花{j}の成分を含んだ、華鳳鳥の素材{j}から作製された弓。,"A Bow crafted from the of a Blossom Phoenix Bird,{j}containing the essence of the flower that can only{j}be picked in a certain season."
2577,紅龍の素材で作られた{j}ライトボウガン。{j}{c03}LV2 通常弾{/c}が{c03}速射{/c}対応。,A{j}Light Bowgun made from Crimson Dragon materials.{j}{c03}LV2 Normal Ammo{/c}can be fired with{c03}Rapid Fire{/c}.
2578,銀火竜の名を冠する重砲。{j}美しさと強度を兼ね備える{j}希少な重砲。,A Heavy Bowgun named after the Silver Rathalos.{j}A rare Heavy Bowgun that combines{j}beauty and strength.
2579,赤い装飾が印象的な軽弩。{j}優良なる一品。{c03}火炎弾{/c}、{j}{c03}LV1 貫通弾{/c}が{c03}速射{/c}対応。,A Light Bowgun with striking red ornamentation. An{j}excellent piece.{c03}Flame{/c}and{j}{c03}LV1 Pierce{/c}support{c03}rapid fire{/c}.
2580,赤い装飾が印象的な軽弩。{j}優良なる一品。{c03}火炎弾{/c}、{j}{c03}LV1 貫通弾{/c}が{c03}速射{/c}対応。,A Light Bowgun with striking red ornamentation. An{j}excellent piece.{c03}Flame{/c}and{j}{c03}LV1 Pierce{/c}support{c03}rapid fire{/c}.
2581,赤い装飾が印象的な軽弩。優{j}れた一品。{c03}火炎弾{/c}、{c03}LV1 貫通{j}弾{/c}が{c03}速射{/c}対応。{c16}≪親方印≫{/c},A Light Bowgun with striking red ornamentation. An{j}excellent piece.{c03}Flame{/c}and{c03}LV1 Pierce{j}Ammo{/c}support{c03}rapid fire{/c}.{c16}≪Master Mark≫{/c}
2582,赤い装飾が印象的な軽弩。優{j}れた一品。{c03}火炎弾{/c}、{c03}LV1 貫通{j}弾{/c}が{c03}速射{/c}対応。{c11}≪ＨＣ武器≫{/c},A Light Bowgun with striking red ornamentation. An{j}excellent piece.{c03}Flame{/c}and{c03}LV1 Pierce{j}Ammo{/c}support{c03}rapid fire{/c}.{c11}≪HC Weapon≫{/c}
2583,赤い装飾が印象的な軽弩。{j}改良された逸品。{c03}火炎弾{/c}、{j}{c03}LV1 貫通弾{/c}が{c03}速射{/c}対応。,A Light Bowgun with striking red ornamentation. An{j}improved masterpiece.{c03}Flame{/c}and{j}{c03}LV1 Pierce{/c}support{c03}rapid fire{/c}.
2584,赤く装飾された重弩。{j}名工の手によって{j}作り上げられた一品。,A Heavy Bowgun decorated in red.{j}A masterpiece{j}crafted by the hands of a master artisan.
2585,赤く装飾された重弩。{j}名工の手によって{j}作り上げられた一品。,A Heavy Bowgun decorated in red.{j}A masterpiece{j}crafted by the hands of a master artisan.
2586,赤く装飾された重弩。名工の手{j}によって作られた一品。{j}{c16}≪親方印≫{/c},A Heavy Bowgun decorated in red. A masterpiece{j}made by the hands of a master artisan.{j}{c16}≪Master Mark≫{/c}
2587,赤く装飾された重弩。名工の手{j}によって作られた一品。{j}{c11}≪ＨＣ武器≫{/c},A Heavy Bowgun decorated in red. A masterpiece{j}made by the hands of a master artisan.{j}{c11}≪HC Weapon≫{/c}
2588,赤く装飾された重弩。{j}強化が図られ、より究極の{j}逸品に近づいた。,"A Heavy Bowgun decorated in red.{j}Enhancements have been made,{j}bringing it closer to the ultimate masterpiece."
2589,赤い装飾の施された弓。{j}壮麗な外見と優れた機能を{j}兼ね備えた一品。,A bow adorned with red ornamentation. A masterpiece{j}combining a magnificent appearance and excellent{j}functionality.
2590,赤い装飾の施された弓。{j}壮麗な外見と優れた機能を{j}兼ね備えた一品。,A bow adorned with red ornamentation. A masterpiece{j}combining a magnificent appearance and excellent{j}functionality.
2591,赤い装飾の施された弓。{j}壮麗な外見と優れた機能を{j}備えた一品。{c16}≪親方印≫{/c},A bow adorned with red ornamentation.{j}A masterpiece possessing a magnificent appearance and excellent{j}functionality.{c16}≪Master Mark≫{/c}
2592,赤い装飾の施された弓。{j}壮麗な外見と優れた機能を{j}備えた一品。{c11}≪ＨＣ武器≫{/c},A bow adorned with red ornamentation.{j}A masterpiece possessing a magnificent appearance and excellent{j}functionality.{c11}≪HC Weapon≫{/c}
2593,赤い装飾の施された弓。{j}改良を加えて強化を施し{j}究極へと近づいた逸品。,"A bow adorned with red ornamentation.{j}A gem improved and strengthened,{j}drawing closer to the ultimate."
2594,雷轟竜の素材を使用した軽弩。{j}{c03}LV1 貫通弾{/c}、{c03}電撃弾{/c}が{c03}超速射{j}{/c}対応。{c02}≪剛種武器≫{/c},"A Light Bowgun made from Thunderclap Wyvern materials.{j}{c03}LV1 Pierce Ammo{/c},{c03}Thunder Ammo{/c}are compatible with{c03}Super Rapid Fire{j}{/c}.{c02}≪Gou Weapon≫{/c}"
2595,雷轟竜の素材を使用した軽弩。{j}{c03}LV1 貫通弾{/c}、{c03}電撃弾{/c}が{c03}超速射{j}{/c}対応。{c02}≪天嵐武器≫{/c},"A Light Bowgun made from Thunderclap Wyvern materials.{j}{c03}LV1 Pierce Ammo{/c},{c03}Thunder Ammo{/c}are compatible with{c03}Super Rapid Fire{j}{/c}.{c02}≪Tenran Weapon≫{/c}"
2596,雷轟竜の素材を使用した軽弩。{j}{c03}LV1 貫通弾{/c}、{c03}電撃弾{/c}が{c03}超速射{j}{/c}対応。{c02}≪覇種武器≫{/c},"A Light Bowgun made from Thunderclap Wyvern materials.{j}{c03}LV1 Pierce Ammo{/c},{c03}Thunder Ammo{/c}are compatible with{c03}Super Rapid Fire{j}{/c}.{c02}≪Supremacy Weapon≫{/c}"
2597,力強さを感じさせる軽弩。{j}{c03}LV1 貫通弾{/c}、{c03}電撃弾{/c}が{c03}超速射{j}{/c}対応。{c02}≪Ｇ級覇種≫{/c},A Light Bowgun that conveys a sense of power.{j}{c03}LV1 Pierce{/c}Shot and{c03}Thunder{/c}Shot{c03}Ultra Rapid{j}Fire{/c}compatible.{c02}≪G-Rank Supremacy≫{/c}
2598,勇猛心を与える軽弩。{j}{c03}LV1 貫通弾{/c}、{c03}電撃弾{/c}が{c03}超速射{j}{/c}対応。{c02}≪烈種武器：逆鱗≫{/c},"A Light Bowgun that grants a valiant heart.{j}{c03}LV1 Piercing S{/c},{c03}Thunder S{/c}{c03}Super Rapid Fire{j}{/c}compatible.{c02}≪Burst Weapon: Wrath Awoken≫{/c}"
2599,雷轟竜の素材を使用している{j}青い鋼材で覆われた弓。{j}{c02}≪剛種武器≫{/c},"A Bow that uses Thunderclap Wyvern materials{j}, covered in blue steel.{j}{c02}≪Gou Weapon≫{/c}"
2600,雷轟竜の素材を使用している{j}青い鋼材で覆われた弓。{j}{c02}≪天嵐武器≫{/c},"A Bow that uses Thunderclap Wyvern materials{j}, covered in blue steel.{j}{c02}≪Tenran Weapon≫{/c}"
2601,雷轟竜の素材を使用している{j}青い鋼材で覆われた弓。{j}{c02}≪覇種武器≫{/c},"A Bow that uses Thunderclap Wyvern materials{j}, covered in blue steel.{j}{c02}≪Supremacy Weapon≫{/c}"
2602,漏れ出す青い光が所持する者{j}に力強さを感じさせる弓。{j}{c02}≪Ｇ級覇種≫{/c},The blue light spilling from this Bow{j}fills its wielder with a sense of strength.{j}{c02}≪G-Rank Supremacy≫{/c}
2603,青き脈動が所有者に{j}勇猛心を与える弓。{j}{c02}≪烈種武器：逆鱗≫{/c},A Bow whose blue pulse grants its wielder{j}valor.{j}{c02}≪Burst Weapon: Wrath Awoken≫{/c}
2604,天狼より放たれる一撃は黄泉{j}への誘いにて相手への葬送歌。{j}{c02}≪烈種武器：逆鱗≫{/c},"The blow loosed by Sirius is an invitation to{j}the underworld, a dirge for its target.{j}{c02}≪Burst Weapon: Wrath Awoken≫{/c}"
2605,響狼の素材で作られたライト{j}ボウガン。{c03}LV2 通常弾{/c}と{j}{c03}LV1 貫通弾{/c}が{c03}速射{/c}可能。,A Light{j}Bowgun made from Roaring Wolf materials.{c03}Lv2 Normal S{/c}and{j}{c03}Lv1 Pierce S{/c}can be{c03}rapid-fired{/c}.
2606,響狼の素材を使ったヘビィ{j}ボウガン。まるで咆哮の{j}様な重い一撃を放つ。,A Heavy Bowgun made from Echo Wolf materials. It{j}fires a heavy shot like a roar.{j}
2607,響狼の素材から作成した{j}冷気が漂う弓。矢を握る手が、{j}凍りそうなほど冷たい。,"A Bow made from Roaring Wolf materials,{j}trailing cold air. The hand that grips the arrow is{j}so cold it seems ready to freeze."
2608,灰晶蠍の素材でできたライト{j}ボウガン。{c03}LV2 通常弾{/c}が{j}{c03}速射{/c}対応。,A Light{j}Bowgun made from Ash Crystal Scorpion material.{c03}LV2 Normal S{/c}supports{j}{c03}Rapid Fire{/c}.
2609,灰晶蠍の硬い素材をもとに{j}作成した弓。圧倒的な硬度{j}を誇る矢で全てを撃つ。,A Bow crafted from the hard material of an Ash{j}Crystal Scorpion. It fires arrows boasting{j}overwhelming hardness at all things.
2610,空の王の名を持つライト{j}ボウガン。{c03}LV1 貫通弾{/c}、{j}{c03}火炎弾{/c}が{c03}速射{/c}対応。,"A Light{j}Bowgun bearing the name of the King of the Skies.{c03}LV1 Pierce Ammo{/c},{j}{c03}Flame Ammo{/c}are{c03}Rapid Fire{/c}capable."
2611,禁忌の技術で作成されたと{j}噂される紅い邪龍が素材の{j}ヘビィボウガン。,A Heavy Bowgun{j}made from the crimson evil dragon{j}rumored to have been forged with forbidden arts.
2612,猛る牙獣をモチーフに{j}玄人好みに仕上げた軽弩。{j}{c03}LV1 散弾{/c}が{c03}速射{/c}可能。,A light bowgun modeled after a raging Fanged Beast{j}and finished to an expert's taste.{j}{c03}LV1 Pellet{/c}can be{c03}rapid-fired{/c}.
2613,装飾の施された深紅の軽弩。{j}{c03}LV1 貫通弾{/c}、{c03}LV1 徹甲榴弾{/c}が{j}{c03}速射{/c}対応。{c11}≪ＨＣ武器≫{/c},"An ornamented deep crimson Light Bowgun.{j}{c03}LV1 Pierce Ammo{/c},{c03}LV1 Crag Shot{/c}are{j}{c03}Rapid Fire{/c}compatible.{c11}≪HC Weapon≫{/c}"
2614,儀礼用で実用性も重視して作{j}られた深紅の軽弩。{c03}LV1 貫通{j}弾{/c}、{c03}LV1 徹甲榴弾{/c}が{c03}速射{/c}対応。,"A crimson light bowgun made{j}for ceremonial use with practicality in mind.{c03}LV1 Pierce{j}Ammo{/c},{c03}LV1 Crag Shot{/c}can use{c03}Rapid Fire{/c}."
2615,儀礼用で実用性も重視して作{j}られた深紅の軽弩。{c03}LV1 貫通{j}弾{/c}、{c03}LV1 徹甲榴弾{/c}が{c03}速射{/c}対応。,"A crimson light bowgun made{j}for ceremonial use with practicality in mind.{c03}LV1 Pierce{j}Ammo{/c},{c03}LV1 Crag Shot{/c}can use{c03}Rapid Fire{/c}."
2616,装飾の施された深紅の重弩。{j}名工謹製の逸品。{j}{c11}≪ＨＣ武器≫{/c},An ornamented deep crimson Heavy Bowgun.{j}A masterpiece by a master craftsman.{j}{c11}≪HC Weapon≫{/c}
2617,装飾が施された深紅の重弩。{j}儀礼用であったものを鍛え、{j}至高の逸品へと昇華した。,"A deep crimson Heavy Bowgun adorned with{j}ornamentation. Forged from a ceremonial piece, it{j}has been sublimated into a supreme masterpiece."
2618,装飾が施された深紅の重弩。{j}儀礼用であったものを鍛え、{j}至高の逸品へと昇華した。,"A deep crimson Heavy Bowgun adorned with{j}ornamentation. Forged from a ceremonial piece, it{j}has been sublimated into a supreme masterpiece."
2619,装飾の施された深紅の弓。{j}名工謹製の逸品。{j}{c11}≪ＨＣ武器≫{/c},An ornamented deep crimson Bow.{j}A masterpiece by a master craftsman.{j}{c11}≪HC Weapon≫{/c}
2620,装飾が施された深紅の弓。{j}儀礼用であったものを鍛え、{j}至高の逸品へと昇華した。,"Deep crimson Bow adorned with decoration.{j}Originally for ceremonial use, it was forged and{j}elevated to a supreme masterpiece."
2621,装飾が施された深紅の弓。{j}儀礼用であったものを鍛え、{j}至高の逸品へと昇華した。,"Deep crimson Bow adorned with decoration.{j}Originally for ceremonial use, it was forged and{j}elevated to a supreme masterpiece."
2622,ハンターの功績を称え、{j}ギルドから贈与される{j}ヘビィボウガン。{c11}≪ＨＣ武器≫{/c},A Heavy Bowgun{j}awarded by the{j}Guild in honor of a Hunter's achievements.{c11}≪HC Weapon≫{/c}
2623,新たに開発された合金を{j}使用し、さらに改良を加えた{j}スティールパッファ。,"The{j}Steel Puffa, further improved by using{j}a newly developed alloy."
2624,新たに開発された合金を{j}使用し、さらに改良を加えた{j}スティールパッファ。,"The{j}Steel Puffa, further improved by using{j}a newly developed alloy."
2625,「レイン・オブ・サタディ」{j}と呼ばれるライトボウガン。{j}{c03}LV1 散弾{/c}が{c03}速射{/c}可能。,A Light Bowgun{j}known as Rain of Saturday.{j}{c03}LV1 Spread{/c}shots can be{c03}rapid-fired{/c}.
2626,「レイン・オブ・サタディ」{j}と呼ばれるライトボウガン。{j}{c03}LV1 散弾{/c}が{c03}速射{/c}可能。,A Light Bowgun{j}known as Rain of Saturday.{j}{c03}LV1 Spread{/c}shots can be{c03}rapid-fired{/c}.
2627,「レイン・オブ・サタディ」{j}と呼ばれるライトボウガン。{j}{c03}LV1 散弾{/c}が{c03}速射{/c}可能。,A Light Bowgun{j}known as Rain of Saturday.{j}{c03}LV1 Spread{/c}shots can be{c03}rapid-fired{/c}.
2628,「レイン・オブ・サタディ」{j}と呼ばれている。{c03}LV1 散弾{/c}が{j}{c03}速射{/c}可能。{c11}≪ＨＣ武器≫{/c},It is{j}called Rain of Saturday.{c03}{/c}LV1 Spread{j}shots can be{c03}rapid-fired{/c}.{c11}≪HC Weapon≫{/c}
2629,「レイン・オブ・サタディ」{j}と呼ばれるライトボウガン。{j}{c03}LV1 散弾{/c}が{c03}速射{/c}可能。,A Light Bowgun{j}known as Rain of Saturday.{j}{c03}LV1 Spread{/c}shots can be{c03}rapid-fired{/c}.
2630,「レイン・オブ・サタディ」{j}と呼ばれるライトボウガン。{j}{c03}LV1 散弾{/c}が{c03}速射{/c}可能。,A Light Bowgun{j}known as Rain of Saturday.{j}{c03}LV1 Spread{/c}shots can be{c03}rapid-fired{/c}.
2631,「ブルー・ティアーズ」と{j}呼ばれる機体の装備。{j}本来は特殊レーザーライフル。,Equipment of a machine{j}known as Blue Tears.{j}Originally a special laser rifle.
2632,「ブルー・ティアーズ」と{j}呼ばれる機体の装備。{j}本来は特殊レーザーライフル。,Equipment of a machine{j}known as Blue Tears.{j}Originally a special laser rifle.
2633,「ブルー・ティアーズ」と{j}呼ばれる機体の装備。{j}本来は特殊レーザーライフル。,Equipment of a machine{j}known as Blue Tears.{j}Originally a special laser rifle.
2634,「ブルー・ティアーズ」と{j}呼ばれる機体の装備。{j}{c11}≪ＨＣ武器≫{/c},Equipment of a machine{j}known as Blue Tears.{j}{c11}≪HC Weapon≫{/c}
2635,「ブルー・ティアーズ」と{j}呼ばれる機体の装備。パワー{j}バレルからレーザーは出ない。,Equipment of a machine known as Blue Tears. No{j}laser comes out of the power barrel.{j}
2636,「ブルー・ティアーズ」と{j}呼ばれる機体の装備。パワー{j}バレルからレーザーは出ない。,Equipment of a machine known as Blue Tears. No{j}laser comes out of the power barrel.{j}
2637,0,
2638,0,
2639,0,
2640,0,
2641,0,
2642,0,
2643,0,
2644,0,
2645,0,
2646,0,
2647,0,
2648,0,
2649,0,
2650,色鮮やかな蝶をモチーフに、{j}制作された軽銃。{c03}火炎弾{/c}、{j}{c03}水冷弾{/c}、{c03}電撃弾{/c}が{c03}速射{/c}可能。,"A Light Bowgun crafted{j}with a vivid butterfly motif.{c03}Flaming Ammo{/c},{j}{c03}Water Ammo{/c},{c03}Thunder Ammo{/c}{c03}can rapid-fire{/c}."
2651,色鮮やかな蝶をモチーフに、{j}制作された軽銃。{c03}火炎弾{/c}、{j}{c03}水冷弾{/c}、{c03}電撃弾{/c}が{c03}速射{/c}可能。,"A Light Bowgun crafted{j}with a vivid butterfly motif.{c03}Flaming Ammo{/c},{j}{c03}Water Ammo{/c},{c03}Thunder Ammo{/c}{c03}can rapid-fire{/c}."
2652,観賞用の蝶を模して作られた{j}軽銃。{c03}火炎弾{/c}、{c03}水冷弾{/c}、{c03}電撃{j}弾{/c}が{c03}速射{/c}可能。{c16}≪親方印≫{/c},"{j}Light Bowgun modeled after an ornamental butterfly.{c03}Flaming Ammo{/c},{c03}Water Ammo{/c}, and{c03}Thunder{j}Ammo{/c}can be{c03}rapid-fired{/c}.{c16}≪Master Mark≫{/c}"
2653,観賞用の蝶を模して作られた{j}軽銃。{c03}火炎弾{/c}、{c03}水冷弾{/c}、{c03}電撃{j}弾{/c}が{c03}速射{/c}可能。{c11}≪ＨＣ武器≫{/c},"{j}Light Bowgun modeled after an ornamental butterfly.{c03}Flaming Ammo{/c},{c03}Water Ammo{/c}, and{c03}Thunder{j}Ammo{/c}can be{c03}rapid-fired{/c}.{c11}≪HC Weapon≫{/c}"
2654,武具職人と蝶の研究員の想い{j}が込められた共同作。{c03}火炎弾{/c}、{j}{c03}水冷弾{/c}、{c03}電撃弾{/c}が{c03}速射{/c}可能。,"A joint work imbued{j}with the feelings of a weapon craftsman and a butterfly researcher.{c03}Flame Shot{/c},{j}{c03}Water Shot{/c}, and{c03}Thunder Shot{/c}are capable of{c03}rapid fire{/c}."
2655,天才武具職人が極秘裏に生産{j}していた秘密兵器。{c03}LV1 貫通{j}弾{/c}、{c03}LV1 徹甲榴弾{/c}が{c03}速射{/c}対応。,A secret weapon that a genius weaponsmith{j}produced in absolute secrecy.{c03}LV1 Pierce{j}Ammo{/c}and{c03}LV1 Crag Shot{/c}support{c03}Rapid Fire{/c}.
2656,天才武具職人が極秘裏に生産{j}していた秘密兵器。{c03}LV1 貫通{j}弾{/c}、{c03}LV1 徹甲榴弾{/c}が{c03}速射{/c}対応。,A secret weapon that a genius weaponsmith{j}produced in absolute secrecy.{c03}LV1 Pierce{j}Ammo{/c}and{c03}LV1 Crag Shot{/c}support{c03}Rapid Fire{/c}.
2657,極秘裏で生産された秘密兵器。{j}{c03}LV1 貫通弾{/c}、{c03}LV1 徹甲榴弾{/c}が{j}{c03}速射{/c}対応。{c16}≪親方印≫{/c},"A secret weapon manufactured in the utmost secrecy.{j}{c03}LV1 Pierce Ammo{/c},{c03}LV1 Crag Ammo{/c}{j}{c03}Rapid Fire{/c}capable.{c16}≪Master Mark≫{/c}"
2658,極秘裏で生産された秘密兵器。{j}{c03}LV1 貫通弾{/c}、{c03}LV1 徹甲榴弾{/c}が{j}{c03}速射{/c}対応。{c11}≪ＨＣ武器≫{/c},"A secret weapon manufactured in the utmost secrecy.{j}{c03}LV1 Pierce Ammo{/c},{c03}LV1 Crag Ammo{/c}{j}{c03}Rapid Fire{/c}capable.{c11}≪HC Weapon≫{/c}"
2659,天才武具職人が極秘裏に生産{j}していた秘密兵器。{c03}LV1 貫通{j}弾{/c}、{c03}LV1 徹甲榴弾{/c}が{c03}速射{/c}対応。,A secret weapon that a genius weaponsmith{j}produced in absolute secrecy.{c03}LV1 Pierce{j}Ammo{/c}and{c03}LV1 Crag Shot{/c}support{c03}Rapid Fire{/c}.
2660,華鳳鳥の素材を用いた軽弩。{j}{c03}火炎弾{/c}、{c03}電撃弾{/c}が{j}{c03}超速射{/c}対応。{c02}≪剛種武器≫{/c},"A Light Bowgun made from Splendid Phoenix Bird materials.{j}{c03}Fire Ammo{/c},{c03}Thunder Ammo{/c}are{j}{c03}Ultra Rapid Fire{/c}compatible.{c02}≪Gou Weapon≫{/c}"
2661,華鳳鳥の素材を用いた軽弩。{j}{c03}火炎弾{/c}、{c03}電撃弾{/c}が{j}{c03}超速射{/c}対応。{c02}≪天嵐武器≫{/c},"A Light Bowgun made from Splendid Phoenix Bird materials.{j}{c03}Fire Ammo{/c},{c03}Thunder Ammo{/c}are{j}{c03}Ultra Rapid Fire{/c}compatible.{c02}≪Tenran Weapon≫{/c}"
2662,華鳳鳥の素材を用いた軽弩。{j}{c03}火炎弾{/c}、{c03}電撃弾{/c}が{j}{c03}超速射{/c}対応。{c02}≪覇種武器≫{/c},"A Light Bowgun made from Splendid Phoenix Bird materials.{j}{c03}Fire Ammo{/c},{c03}Thunder Ammo{/c}are{j}{c03}Ultra Rapid Fire{/c}compatible.{c02}≪Supremacy Weapon≫{/c}"
2663,華鳳鳥の素材を用いた軽弩。{j}{c03}火炎弾{/c}、{c03}電撃弾{/c}が{j}{c03}超速射{/c}対応。{c02}≪Ｇ級覇種≫{/c},"A Light Bowgun made from Splendid Phoenix Bird materials.{j}{c03}Fire Ammo{/c},{c03}Thunder Ammo{/c}are{j}{c03}Ultra Rapid Fire{/c}compatible.{c02}≪G-Rank Supremacy≫{/c}"
2664,華鳳鳥の素材を用いた軽弩。{j}{c03}火炎弾{/c}、{c03}電撃弾{/c}が{c03}超速射{/c}対応。{j}{c02}≪烈種武器：逆鱗≫{/c},"A Light Bowgun made from Splendid Phoenix Bird materials.{j}{c03}Fire Ammo{/c},{c03}Thunder Ammo{/c}are{c03}Ultra Rapid Fire{/c}compatible.{j}{c02}≪Burst Weapon: Wrath Awoken≫{/c}"
2665,特定の季節にしか採れない花{j}の成分を含んだ、華鳳鳥の{j}素材から作製された軽弩。,"A Light Bowgun made from the materials of the{j}Blossom Phoenix, containing components of a flower{j}that can only be gathered in a specific season."
2666,鮮やかな色彩をもつ華鳳鳥の{j}素材から作られた重弩。{j}{c02}≪剛種武器≫{/c},Heavy Bowgun made from the{j}materials of the vividly colored Splendid Phoenix Bird.{j}{c02}≪Gou Weapon≫{/c}
2667,鮮やかな色彩をもつ華鳳鳥の{j}素材から作られた重弩。{j}{c02}≪天嵐武器≫{/c},Heavy Bowgun made from the{j}materials of the vividly colored Splendid Phoenix Bird.{j}{c02}≪Tenran Weapon≫{/c}
2668,鮮やかな色彩をもつ華鳳鳥の{j}素材を贅沢に使用した重弩。{j}{c02}≪覇種武器≫{/c},Heavy Bowgun lavishly using the{j}materials of the vividly colored Splendid Phoenix Bird.{j}{c02}≪Supremacy Weapon≫{/c}
2669,華鳳鳥の素材を用いた重弩。{j}花の甘い香りが漂う。{j}{c02}≪Ｇ級覇種≫{/c},A Heavy Bowgun made from Splendid Phoenix Bird materials.{j}A sweet floral scent drifts.{j}{c02}≪G-Rank Supremacy≫{/c}
2670,華鳳鳥の素材を用いた重弩。{j}麗しの砲撃を放つ。{j}{c02}≪烈種武器：逆鱗≫{/c},A Heavy Bowgun made from Splendid Phoenix Bird materials.{j}Fires a beautiful bombardment.{j}{c02}≪Burst Weapon: Wrath Awoken≫{/c}
2671,特定の季節にしか採れない花{j}の成分を含んだ、華鳳鳥の{j}素材から作製された重弩。,"A Heavy Bowgun made from the materials of the{j}Blossom Phoenix, containing components of a flower{j}that can only be gathered in a specific season."
2672,棘白竜の持つ強力な炎を、{j}見事なまでに武器性能に{j}落とし込んだ匠の一品。,A masterwork that brilliantly forges a White Thorn{j}Wyvern's mighty flame into weapon performance.{j}
2673,熱烈なる愛によって生まれた{j}という瀟洒なライトボウガン。{j}{c03}LV2 通常弾{/c}の{c03}速射{/c}が可能。,"A sleek Light Bowgun called{j}, born of passionate love.{j}{c03}LV2 Normal Ammo{/c}can be{c03}rapid-fired{/c}."
2674,魅惑色のフルフル素材から{j}作られ、同色防具との親和{j}性が高く、愛用者が多い弓。,"A bow made from the materials of an alluringly{j}colored Khezu. Highly compatible with armor of the{j}same color, it has many devoted users."
2675,熟達したガンナーが手にする{j}と、砲撃が怒涛のごとく獲物{j}に襲い掛かる。,"In the hands of a master Gunner,{j}its shells crash down upon its prey{j}like a raging tide."
2676,金色を纏いし古龍の素材{j}を用いた重弩。威厳を放つ。{j}{c02}≪剛種武器≫{/c},A Heavy Bowgun that uses the material{j}of an Elder Dragon clad in gold. Exudes dignity.{j}{c02}≪Gou Weapon≫{/c}
2677,金色を纏いし古龍の素材{j}を用いた重弩。威厳を放つ。{j}{c02}≪天嵐武器≫{/c},A Heavy Bowgun that uses the material{j}of an Elder Dragon clad in gold. Exudes dignity.{j}{c02}≪Tenran Weapon≫{/c}
2678,黄金の外殻で覆われた古龍の{j}素材より作られた重弩。{j}威厳を放つ。{c02}≪覇種武器≫{/c},A Heavy Bowgun made from the{j}materials of an Elder Dragon clad in a golden shell.{j}It radiates dignity.{c02}≪Supremacy Weapon≫{/c}
2679,黄金の外殻で覆われた古龍の{j}素材より作られた重弩。{j}威厳を放つ。{c02}≪Ｇ級覇種≫{/c},A Heavy Bowgun made from the{j}materials of an Elder Dragon clad in a golden shell.{j}It radiates dignity.{c02}≪G-Rank Supremacy≫{/c}
2680,神にも等しき古龍の素材より{j}作られた重弩。威厳を放つ。{j}{c02}≪烈種武器：回避距離UP≫{/c},"From the materials of an Elder Dragon equal to a god,{j}this Heavy Bowgun was forged. It radiates dignity.{j}{c02}≪Burst Weapon: Evade Distance Up≫{/c}"
2681,0,
2682,0,
2683,0,
2684,0,
2685,0,
2686,雅翁龍の素材を用いた弓。{j}深い眠りへと誘う。{j}{c02}≪剛種武器≫{/c},A Bow made from Inagami materials.{j}Lures to deep slumber.{j}{c02}≪Gou Weapon≫{/c}
2687,雅翁龍の素材を用いた弓。{j}深い眠りへと誘う。{j}{c02}≪天嵐武器≫{/c},A Bow made from Inagami materials.{j}Lures to deep slumber.{j}{c02}≪Tenran Weapon≫{/c}
2688,雅翁龍の素材を用いた弓。{j}永遠の眠りへと誘う。{j}{c02}≪覇種武器≫{/c},Bow crafted from Inagami materials.{j}Beckons you to everlasting slumber.{j}{c02}≪Supremacy Weapon≫{/c}
2689,雅翁龍の素材を用いた弓。{j}永遠の眠りへと誘う。{j}{c02}≪Ｇ級覇種≫{/c},Bow crafted from Inagami materials.{j}Beckons you to everlasting slumber.{j}{c02}≪G-Rank Supremacy≫{/c}
2690,雅翁龍の素材を用いた弓。{j}永久の眠りへと誘う。{j}{c02}≪烈種武器：回避距離UP≫{/c},Bow crafted from Inagami materials.{j}Beckons you to eternal slumber.{j}{c02}≪Burst Weapon: Evade Distance Up≫{/c}
2691,雅翁龍の素材を用いた弓。{j}狙った獲物を久遠の眠りへと{j}つかせるという。,A Bow made from Inagami materials.{j}It is said to{j}lull the targeted prey into an eternal slumber.
2692,白い装飾が印象的な軽弩。{j}{c03}LV2 通常弾{/c}、{c03}LV1 貫通弾{/c}が{j}{c03}速射{/c}対応。,"A light bowgun with striking white ornamentation.{j}{c03}LV2 Normal Ammo{/c},{c03}LV1 Pierce Ammo{/c}{j}{c03}Rapid Fire{/c}compatible."
2693,白い装飾が印象的な軽弩。{j}{c03}LV2 通常弾{/c}、{c03}LV1 貫通弾{/c}が{j}{c03}速射{/c}対応。,"A light bowgun with striking white ornamentation.{j}{c03}LV2 Normal Ammo{/c},{c03}LV1 Pierce Ammo{/c}{j}{c03}Rapid Fire{/c}compatible."
2694,白い装飾の優れた軽弩。{j}{c03}LV2 通常弾{/c}、{c03}LV1 貫通弾{/c}が{j}{c03}速射{/c}対応。{c16}≪親方印≫{/c},"A superior light bowgun with white ornamentation.{j}{c03}LV2 Normal Shot{/c},{c03}LV1 Pierce Shot{/c}{j}{c03}rapid fire{/c}supported.{c16}≪Master Mark≫{/c}"
2695,白い装飾の優れた軽弩。{j}{c03}LV2 通常弾{/c}、{c03}LV1 貫通弾{/c}が{j}{c03}速射{/c}対応。{c11}≪ＨＣ武器≫{/c},"A superior light bowgun with white ornamentation.{j}{c03}LV2 Normal Shot{/c},{c03}LV1 Pierce Shot{/c}{j}{c03}rapid fire{/c}supported.{c11}≪HC Weapon≫{/c}"
2696,白い装飾が印象的な軽弩。改{j}良された逸品。{c03}LV2 通常弾{/c}、{j}{c03}LV1 貫通弾{/c}が{c03}速射{/c}対応。,"A Light Bowgun with striking white decorations. Mod.{j}A refined masterpiece.{c03}LV2 Normal Ammo{/c},{j}{c03}LV1 Pierce Ammo{/c}is compatible with{c03}Rapid Fire{/c}."
2697,白く装飾された重弩。{j}名工の手によって{j}作り上げられた一品。,A Heavy Bowgun decorated in white.{j}A masterpiece{j}crafted by the hands of a master craftsman.
2698,白く装飾された重弩。{j}名工の手によって{j}作り上げられた一品。,A Heavy Bowgun decorated in white.{j}A masterpiece{j}crafted by the hands of a master craftsman.
2699,白く装飾された重弩。名工の手{j}によって作られた一品。{j}{c16}≪親方印≫{/c},A Heavy Bowgun decorated in white. A masterpiece made by the hands{j}of a master craftsman.{j}{c16}≪Master Mark≫{/c}
2700,白く装飾された重弩。名工の手{j}によって作られた一品。{j}{c11}≪ＨＣ武器≫{/c},A Heavy Bowgun decorated in white. A masterpiece made by the hands{j}of a master craftsman.{j}{c11}≪HC Weapon≫{/c}
2701,白く装飾された重弩。{j}強化が図られ、より究極の{j}逸品に近づいた。,"A Heavy Bowgun decorated in white.{j}Enhanced, it has become closer to the ultimate{j}masterpiece."
2702,白い装飾の施された弓。{j}壮麗な外見と優れた機能を{j}兼ね備えた一品。,A bow adorned with white ornamentation. A{j}masterpiece that combines a magnificent appearance{j}with excellent functionality.
2703,白い装飾の施された弓。{j}壮麗な外見と優れた機能を{j}兼ね備えた一品。,A bow adorned with white ornamentation. A{j}masterpiece that combines a magnificent appearance{j}with excellent functionality.
2704,白い装飾の施された弓。{j}壮麗な外見と優れた機能を{j}備えた一品。{c16}≪親方印≫{/c},A bow adorned with white ornamentation.{j}A masterpiece with{j}a magnificent appearance and excellent functionality.{c16}≪Master Mark≫{/c}
2705,白い装飾の施された弓。{j}壮麗な外見と優れた機能を{j}備えた一品。{c11}≪ＨＣ武器≫{/c},A bow adorned with white ornamentation.{j}A masterpiece with{j}a magnificent appearance and excellent functionality.{c11}≪HC Weapon≫{/c}
2706,白い装飾の施された弓。{j}改良を加えて強化を施し{j}究極へと近づいた逸品。,"A bow adorned with white ornamentation. Refined and{j}reinforced, a distinguished piece that draws closer{j}to the ultimate."
2707,東方伝来の技術を模して{j}作られた弓。東方ならでは{j}の趣を醸し出す。,A Bow made{j}in imitation of Eastern techniques. Exudes a charm{j}unique to the East.
2708,東方伝来の技術を模して{j}作られた弓。東方ならでは{j}の趣を醸し出す。,A Bow made{j}in imitation of Eastern techniques. Exudes a charm{j}unique to the East.
2709,東方伝来の技術を模して{j}作られた弓。東方ならでは{j}の趣を醸し出す。,A Bow made{j}in imitation of Eastern techniques. Exudes a charm{j}unique to the East.
2710,東方伝来の技術を模して{j}作られた弓。東方ならでは{j}の趣を醸し出す。,A Bow made{j}in imitation of Eastern techniques. Exudes a charm{j}unique to the East.
2711,東方伝来の技術を模して{j}作られた弓。{j}{c11}≪ＨＣ武器≫{/c},A Bow made{j}in imitation of Eastern techniques.{j}{c11}≪HC Weapon≫{/c}
2712,東方伝来の技術を模して{j}作られた弓。東方ならでは{j}の趣を醸し出す。,A Bow made{j}in imitation of Eastern techniques. Exudes a charm{j}unique to the East.
2713,東方伝来の技術を模して{j}作られた弓。東方ならでは{j}の趣を醸し出す。,A Bow made{j}in imitation of Eastern techniques. Exudes a charm{j}unique to the East.
2714,東方伝来の技術を模して{j}作られた弓。東方ならでは{j}の趣を醸し出す。,A Bow made{j}in imitation of Eastern techniques. Exudes a charm{j}unique to the East.
2715,東方伝来の技術を模して{j}作られた弓。東方ならでは{j}の趣を醸し出す。,A Bow made{j}in imitation of Eastern techniques. Exudes a charm{j}unique to the East.
2716,東方伝来の技術を模して{j}作られた弓。東方ならでは{j}の趣を醸し出す。,A Bow made{j}in imitation of Eastern techniques. Exudes a charm{j}unique to the East.
2717,東方伝来の技術を模して{j}作られた弓。東方ならでは{j}の趣を醸し出す。,A Bow made{j}in imitation of Eastern techniques. Exudes a charm{j}unique to the East.
2718,東方伝来の技術を模して{j}作られた弓。{j}{c11}≪ＨＣ武器≫{/c},A Bow made{j}in imitation of Eastern techniques.{j}{c11}≪HC Weapon≫{/c}
2719,東方伝来の技術を模して{j}作られた弓。東方ならでは{j}の趣を醸し出す。,A Bow made{j}in imitation of Eastern techniques. Exudes a charm{j}unique to the East.
2720,東方伝来の技術を模して{j}作られた弓。東方ならでは{j}の趣を醸し出す。,A Bow made{j}in imitation of Eastern techniques. Exudes a charm{j}unique to the East.
2721,遠国の少女が自らの道を{j}切り拓くために手にした弓。{j}火の力を宿している。,A Bow that the girl from a distant land took up to{j}carve her own path.{j}It harbors the power of fire.
2722,遠国の少女が自らの道を{j}切り拓くために手にした弓。{j}火の力を宿している。,A Bow that the girl from a distant land took up to{j}carve her own path.{j}It harbors the power of fire.
2723,0,
2724,遠国の少女が自らの道を{j}切り拓くために手にした弓。{j}火の力を宿している。,A Bow that the girl from a distant land took up to{j}carve her own path.{j}It harbors the power of fire.
2725,遠国の少女が自らの道を{j}切り拓くために手にした弓。{j}{c11}≪ＨＣ武器≫{/c},A Bow that the girl from a distant land took up to{j}carve her own path.{j}{c11}≪HC Weapon≫{/c}
2726,遠国の少女が自らの道を{j}切り拓くために手にした弓。{j}火の力を宿している。,A Bow that the girl from a distant land took up to{j}carve her own path.{j}It harbors the power of fire.
2727,遠国の少女が自らの道を{j}切り拓くために手にした弓。{j}火の力を宿している。,A Bow that the girl from a distant land took up to{j}carve her own path.{j}It harbors the power of fire.
2728,遠国の少女が自らの道を{j}切り拓くために手にした弓。{j}闇の力を宿している。,A Bow that the girl from a distant land took up to{j}carve her own path.{j}It harbors the power of darkness.
2729,遠国の少女が自らの道を{j}切り拓くために手にした弓。{j}闇の力を宿している。,A Bow that the girl from a distant land took up to{j}carve her own path.{j}It harbors the power of darkness.
2730,0,
2731,遠国の少女が自らの道を{j}切り拓くために手にした弓。{j}闇の力を宿している。,A Bow that the girl from a distant land took up to{j}carve her own path.{j}It harbors the power of darkness.
2732,遠国の少女が自らの道を{j}切り拓くために手にした弓。{j}{c11}≪ＨＣ武器≫{/c},A Bow that the girl from a distant land took up to{j}carve her own path.{j}{c11}≪HC Weapon≫{/c}
2733,遠国の少女が自らの道を{j}切り拓くために手にした弓。{j}闇の力を宿している。,A Bow that the girl from a distant land took up to{j}carve her own path.{j}It harbors the power of darkness.
2734,遠国の少女が自らの道を{j}切り拓くために手にした弓。{j}闇の力を宿している。,A Bow that the girl from a distant land took up to{j}carve her own path.{j}It harbors the power of darkness.
2735,西方の装飾が施された軽弩。{j}{c03}火炎弾{/c}が{c03}速射{/c}対応。,A light bowgun adorned with western ornamentation.{j}{c03}Flaming Ammo{/c}supports{c03}Rapid Fire{/c}.
2736,西方の装飾が施された軽弩。{j}{c03}火炎弾{/c}が{c03}速射{/c}対応。,A light bowgun adorned with western ornamentation.{j}{c03}Flaming Ammo{/c}supports{c03}Rapid Fire{/c}.
2737,西方の装飾が施された軽弩。{j}{c03}火炎弾{/c}が{c03}速射{/c}対応。,A light bowgun adorned with western ornamentation.{j}{c03}Flaming Ammo{/c}supports{c03}Rapid Fire{/c}.
2738,西方の装飾が施された軽弩。{j}{c03}火炎弾{/c}が{c03}速射{/c}対応。{j}{c11}≪ＨＣ武器≫{/c},A light bowgun adorned with western ornamentation.{j}{c03}Flaming Ammo{/c}supports{c03}Rapid Fire{/c}.{j}{c11}≪HC Weapon≫{/c}
2739,西方の装飾が施された軽弩。{j}{c03}火炎弾{/c}が{c03}速射{/c}対応。,A light bowgun adorned with western ornamentation.{j}{c03}Flaming Ammo{/c}supports{c03}Rapid Fire{/c}.
2740,西方の装飾が施された軽弩。{j}{c03}火炎弾{/c}が{c03}速射{/c}対応。,A light bowgun adorned with western ornamentation.{j}{c03}Flaming Ammo{/c}supports{c03}Rapid Fire{/c}.
2741,特殊な技術により開発された{j}機械仕掛けの弓。新し物好きな{j}人々に好まれそうな弓。,A mechanical Bow developed with special techniques.{j}A bow that seems likely to please those fond of{j}novelty.
2742,特殊な技術により開発された{j}機械仕掛けの弓。新し物好きな{j}人々に好まれそうな弓。,A mechanical Bow developed with special techniques.{j}A bow that seems likely to please those fond of{j}novelty.
2743,特殊な技術により開発された{j}機械仕掛けの弓。機械好きには{j}たまらない垂涎の一品。,A mechanical Bow developed with special techniques.{j}A coveted prize irresistible to machine lovers.{j}
2744,特殊な技術により開発された{j}機械仕掛けの弓。{j}{c11}≪ＨＣ武器≫{/c},A{j}mechanical Bow developed with special techniques.{j}{c11}≪HC Weapon≫{/c}
2745,特殊な技術により開発された{j}機械仕掛けの弓。見かけ通り{j}優れた性能を誇る。,"A mechanical Bow developed with special techniques.{j}It boasts excellent performance, just as it{j}appears."
2746,特殊な技術により開発された{j}機械仕掛けの弓。見かけ通り{j}優れた性能を誇る。,"A mechanical Bow developed with special techniques.{j}It boasts excellent performance, just as it{j}appears."
2747,大きな翼を空へ向けて{j}天高く打ち放つ弓。,A Bow that points its great wings skyward{j}and looses them high into the heavens.
2748,大きな翼を空へ向けて{j}天高く打ち放つ弓。,A Bow that points its great wings skyward{j}and looses them high into the heavens.
2749,大きな翼を空へ向けて{j}天高く打ち放つ弓。{j}{c16}≪親方印≫{/c},A Bow that points its great wings skyward{j}and looses them high into the heavens.{j}{c16}≪Master Mark≫{/c}
2750,大きな翼を空へ向けて{j}天高く打ち放つ弓。{j}{c11}≪ＨＣ武器≫{/c},A Bow that points its great wings skyward{j}and looses them high into the heavens.{j}{c11}≪HC Weapon≫{/c}
2751,大きな翼を空へ向けて{j}天高く打ち放つ弓。,A Bow that points its great wings skyward{j}and looses them high into the heavens.
2752,大きな翼を空へ向けて{j}天高く打ち放つ弓。,A Bow that points its great wings skyward{j}and looses them high into the heavens.
2753,森の番人と呼ばれた遠方の{j}職人が人々を守るために{j}作ったとされる重弩。,"A Heavy Bowgun said to have been made by a distant{j}artisan known as the Guardian of the Forest,{j}to protect the people."
2754,森の番人と呼ばれた遠方の{j}職人が人々を守るために{j}作ったとされる重弩。,"A Heavy Bowgun said to have been made by a distant{j}artisan known as the Guardian of the Forest,{j}to protect the people."
2755,森の番人と呼ばれた遠方の{j}職人が人々を守るために{j}作ったとされる重弩。,"A Heavy Bowgun said to have been made by a distant{j}artisan known as the Guardian of the Forest,{j}to protect the people."
2756,森の番人と呼ばれた遠方の{j}職人が人々を守るために{j}作ったとされる重弩。,"A Heavy Bowgun said to have been made by a distant{j}artisan known as the Guardian of the Forest,{j}to protect the people."
2757,森の番人と呼ばれた{j}職人が手掛けた重弩。{j}{c11}≪ＨＣ武器≫{/c},A Heavy Bowgun crafted by an{j}artisan known as the Guardian of the Forest.{j}{c11}≪HC Weapon≫{/c}
2758,森の番人と呼ばれた遠方の{j}職人が人々を守るために{j}作ったとされる重弩。,"A Heavy Bowgun said to have been made by a distant{j}artisan known as the Guardian of the Forest,{j}to protect the people."
2759,森の番人と呼ばれた遠方の{j}職人が人々を守るために{j}作ったとされる重弩。,"A Heavy Bowgun said to have been made by a distant{j}artisan known as the Guardian of the Forest,{j}to protect the people."
2760,森の番人と呼ばれた遠方の{j}職人が人々を守るために{j}作ったとされる重弩。,"A Heavy Bowgun said to have been made by a distant{j}artisan known as the Guardian of the Forest,{j}to protect the people."
2761,森の番人と呼ばれた遠方の{j}職人が人々を守るために{j}作ったとされる重弩。,"A Heavy Bowgun said to have been made by a distant{j}artisan known as the Guardian of the Forest,{j}to protect the people."
2762,森の番人と呼ばれた遠方の{j}職人が人々を守るために{j}作ったとされる重弩。,"A Heavy Bowgun said to have been made by a distant{j}artisan known as the Guardian of the Forest,{j}to protect the people."
2763,森の番人と呼ばれた遠方の{j}職人が人々を守るために{j}作ったとされる重弩。,"A Heavy Bowgun said to have been made by a distant{j}artisan known as the Guardian of the Forest,{j}to protect the people."
2764,森の番人と呼ばれた{j}職人が手掛けた重弩。{j}{c11}≪ＨＣ武器≫{/c},A Heavy Bowgun crafted by an{j}artisan known as the Guardian of the Forest.{j}{c11}≪HC Weapon≫{/c}
2765,森の番人と呼ばれた遠方の{j}職人が人々を守るために{j}作ったとされる重弩。,"A Heavy Bowgun said to have been made by a distant{j}artisan known as the Guardian of the Forest,{j}to protect the people."
2766,森の番人と呼ばれた遠方の{j}職人が人々を守るために{j}作ったとされる重弩。,"A Heavy Bowgun said to have been made by a distant{j}artisan known as the Guardian of the Forest,{j}to protect the people."
2767,弩岩竜の素材で作られた重弩。{j}狙い、構え、劇しく発射！{j}{c02}≪烈種武器：回避距離UP≫{/c},"A Heavy Bowgun made from Crossbow Rock Dragon materials.{j}Aim, ready, and fire fiercely!{j}{c02}≪Burst Weapon: Evade Distance Up≫{/c}"
2768,”排熱噴射機構”をそのままに{j}随所に改良を加えた重弩。{j}{c02}≪烈種武器：回避距離UP≫{/c},"A Heavy Bowgun with the exhaust heat injection mechanism left intact{j}, improved in various places.{j}{c02}≪Burst Weapon: Evade Distance Up≫{/c}"
2769,エスピナスをモチーフにした{j}棘だらけの弓。構えるときに{j}刺さらないように注意。,A spine-covered bow themed after the Espinas. Be{j}careful not to get pricked when you ready it.{j}
2770,エスピナスをモチーフにした{j}棘付きの弓。ベテランですら{j}棘で怪我をすることもある。,An Espinas-inspired{j}thorned bow. Even veterans can{j}be injured by its thorns.
2771,祭具を模して作られた黄金色{j}の軽弩。{c03}LV1 散弾、火炎弾{/c}{j}が{c03}速射{/c}対応。,"A golden{j}Light Bowgun modeled after ritual tools.{c03}LV1 Pellet S, Fire S{/c}{j}can use{c03}Rapid Fire{/c}."
2772,祭具を模して作られた白銀色{j}の軽弩。{c03}LV2 通常弾{/c}、{c03}LV1 徹{j}甲榴弾{/c}が{c03}速射{/c}対応。,"A silver-white{j}Light Bowgun modeled after ritual tools.{c03}LV2 Normal S{/c},{c03}LV1 Crag{j}Shot{/c}can use{c03}Rapid Fire{/c}."
2773,打ち上げ花火用の大筒を重砲{j}に改造。ネックだった砲撃音{j}の軽減に成功した。,A fireworks mortar converted{j}into a heavy cannon. Successfully reduced{j}the firing noise that was its weak point.
2774,伝承の中で言い伝えられて{j}いた弓。放たれた矢には{j}月の光が宿るという。,A Bow passed down{j}in legend. The arrows it fires are said to{j}be imbued with moonlight.
2775,キャラバンの民の感謝の証。{j}{c03}火、水、雷、氷{/c}の{c03}属性弾{/c}が{c03}速射{j}{/c}対応。{c11}≪ＨＣ武器≫{/c},"Proof of the Caravan folk's gratitude.{j}{c03}Fire, Water, Thunder, Ice{/c}{c03}elemental shots{/c}support{c03}rapid fire{j}{/c}.{c11}≪HC Weapon≫{/c}"
2776,キャラバンの民に協力していく{j}中で作られた武器。{c03}火、水、雷{j}氷{/c}の{c03}属性弾{/c}が{c03}速射{/c}対応。,"A weapon forged while{j}aiding the Caravan folk.{c03}Fire, Water, Thunder{j}Ice{/c}{c03}elemental shots{/c}support{c03}rapid fire{/c}."
2777,キャラバンの民に協力していく{j}中で作られた武器。{c03}火、水、雷{j}氷{/c}の{c03}属性弾{/c}が{c03}速射{/c}対応。,"A weapon forged while{j}aiding the Caravan folk.{c03}Fire, Water, Thunder{j}Ice{/c}{c03}elemental shots{/c}support{c03}rapid fire{/c}."
2778,0,
2779,キャラバンの民に多大な貢献{j}をした証。後方支援に特化し{j}ている。,Proof of great service{j}to the Caravan folk. Specialized in{j}rear support.
2780,キャラバンの民に多大な貢献{j}をした証。後方支援に特化し{j}ている。,Proof of great service{j}to the Caravan folk. Specialized in{j}rear support.
2781,キャラバンの民に多大な貢献{j}をした証。防御力に特化し{j}ている。{c11}≪ＨＣ武器≫{/c},Proof of great service{j}to the Caravan folk. Specialized in{j}Defense.{c11}≪HC Weapon≫{/c}
2782,キャラバンの民に協力して{j}いく中で作られた武器。{j}防御力に特化している。,A weapon forged while{j}aiding the Caravan folk. Specialized in{j}Defense.
2783,キャラバンの民に協力して{j}いく中で作られた武器。{j}防御力に特化している。,A weapon forged while{j}aiding the Caravan folk. Specialized in{j}Defense.
2784,くろねこが昼寝をしている{j}姿をイメージしたという重砲。{j}{c11}≪ＨＣ武器≫{/c},A heavy bowgun said to be inspired by the{j}appearance of a black cat taking a nap.{j}{c11}≪HC Weapon≫{/c}
2785,くろねこが昼寝をしている{j}姿をイメージしたという重砲。{j}造形には定評がある。,A heavy bowgun said to be inspired by the{j}appearance of a black cat taking a nap.{j}Its design has a good reputation.
2786,くろねこが昼寝をしている{j}姿をイメージしたという重砲。{j}造形には定評がある。,A heavy bowgun said to be inspired by the{j}appearance of a black cat taking a nap.{j}Its design has a good reputation.
2787,矢は大気を凍りつかせるほど{j}の冷気をまとうといわれる弓。{j}{c11}≪ＨＣ武器≫{/c},"A Bow said to be cloaked in{j}cold, enough to freeze the very air.{j}{c11}≪HC Weapon≫{/c}"
2788,愛好者の多い白い弓。放った{j}矢は、大気を凍りつかせるほ{j}どの冷気をまとうといわれる。,A white Bow with many admirers. The{j}arrows it looses are said to trail a cold{j}chill that freezes the very air.
2789,愛好者の多い白い弓。放った{j}矢は、大気を凍りつかせるほ{j}どの冷気をまとうといわれる。,A white Bow with many admirers. The{j}arrows it looses are said to trail a cold{j}chill that freezes the very air.
2790,上品な色合いがとても美しい{j}軽弩。神秘的な光を{j}放っている。,Its elegant colors are truly beautiful. A Light{j}Bowgun. It emits a mysterious light.{j}
2791,上品な色合いがとても美しい{j}重弩。神秘的な光を{j}放っている。,Its elegant colors are truly beautiful. A Heavy{j}Bowgun. It emits a mysterious light.{j}
2792,上品な色合いがとても美しい{j}特殊な属性を持つ弓。{j}神秘的な光を放っている。,Its elegant colors are truly beautiful.{j}A bow with a special element.{j}It emits a mysterious light.
2793,アイルーのぬいぐるみを改造。{j}パローネの技術により、更に{j}凶悪な武器に。{c11}≪Ｇ級技巧≫{/c},"A remodeled Felyne plush toy.{j}Thanks to Parone's technology, it became an even{j}more vicious weapon.{c11}≪G Finesse≫{/c}"
2794,太古の覇者が愛した重砲。そ{j}の威力は肉を貫き大地に傷痕{j}を残す。{c11}≪Ｇ級技巧≫{/c},The heavy cannon loved by the ancient conqueror. So{j}Its power pierces flesh and scars the earth.{j}Leave it.{c11}≪G Finesse≫{/c}
2795,加護の祈りが込められた竪琴。{j}竜人族の楽士はこれで身を{j}守ったという。{c11}≪Ｇ級技巧≫{/c},A harp imbued with a prayer for divine protection.{j}The Wyverian musician wraps their body in this.{j}It is said that he protected it.{c11}≪G Finesse≫{/c}
2796,{c03}LV2 通常弾{/c}、{c03}LV1 貫通弾{/c}、{j}{c03}LV1 徹甲榴弾{/c}が{c03}速射{/c}対応。{j}{c11}≪Ｇ級技巧≫{/c},"{c03}Lv2 Normal S.{/c},{c03}Lv1 Pierce S.{/c},{j}{c03}Lv1 Crag S.{/c}can be{c03}rapid-fired{/c}.{j}{c11}≪G Finesse≫{/c}"
2797,装飾の施された銀色の軽弩。{j}{c03}火炎弾{/c}、{c03}電撃弾{/c}が{j}{c03}速射{/c}対応。{c11}≪Ｇ級技巧≫{/c},A silver Light Bowgun adorned with ornamentation.{j}{c03}Flaming S{/c}and{c03}Thunder S{/c}support{j}{c03}Rapid Fire{/c}.{c11}≪G Finesse≫{/c}
2798,装飾の施された銀色の重弩。{j}実用性も兼ね備えた名工謹製{j}の逸品。{c11}≪Ｇ級技巧≫{/c},A silver Heavy Bowgun adorned with ornamentation.{j}A masterpiece{j}by a master craftsman that also boasts practicality.{c11}≪G Finesse≫{/c}
2799,ディアブロスと見紛う風格を{j}備えた大型のヘビィボウガン。{j}{c11}≪Ｇ級技巧≫{/c},A large Heavy Bowgun with a{j}style that could be mistaken for Diablos.{j}{c11}≪G Finesse≫{/c}
2800,天才をも唸らす超理論が{j}組み込まれた蒸気式の弓。{j}{c11}≪Ｇ級技巧≫{/c},A steam-powered Bow{j}incorporating a radical theory that even geniuses admire.{j}{c11}≪G Finesse≫{/c}
2801,制約を越えた未知なる仲間に{j}ささげられた漆黒の弓。{j}己を貫き通す。{c11}≪Ｇ級技巧≫{/c},A jet-black Bow dedicated to an unknown comrade{j}who transcended all constraints.{j}It remains true to itself.{c11}≪G Finesse≫{/c}
2802,0,
2803,0,
2804,0,
2805,0,
2806,0,
2807,0,
2808,0,
2809,0,
2810,晶竜の強靭な鱗から生み{j}出された軽弩。{c03}LV1 貫通弾{/c}、{j}{c03}電撃弾{/c}が{c03}速射{/c}対応。,"A Light Bowgun{j}born from the tough scales of Crystal Dragon.{c03}LV1 Pierce S{/c},{j}{c03}Thunder S{/c}can be{c03}rapid-fired{/c}."
2811,晶竜の強靭な鱗と結晶から{j}生み出された重弩。{j}轟音とともに敵を穿つ。,A Heavy Bowgun born from the tough scales and{j}crystals of Crystal Dragon. It pierces foes with a{j}thunderous roar.
2812,崇高な音色を奏でる竜の{j}素材を用いた弓。格調{j}高くも愛らしい一品。,A Bow crafted from the materials of a wyvern that{j}plays a sublime tone. A charming piece of noble{j}refinement.
2813,モノトーンを軸として{j}創音竜の素材を用いた弓。{j}{c02}≪剛種武器≫{/c},A Bow with a monotone base{j}that uses Sound-Creating Wyvern materials.{j}{c02}≪Gou Weapon≫{/c}
2814,モノトーンを軸として{j}創音竜の素材を用いた弓。{j}{c02}≪天嵐武器≫{/c},A Bow with a monotone base{j}that uses Sound-Creating Wyvern materials.{j}{c02}≪Tenran Weapon≫{/c}
2815,荘厳なる高地の音楽家の{j}素材を贅沢にあしらった弓。{j}{c02}≪覇種武器≫{/c},Bow lavishly adorned with{j}materials from the majestic Highland Musician.{j}{c02}≪Supremacy Weapon≫{/c}
2816,荘厳なる高地の音楽家の{j}素材を贅沢にあしらった弓。{j}{c02}≪Ｇ級覇種≫{/c},Bow lavishly adorned with{j}materials from the majestic Highland Musician.{j}{c02}≪G-Rank Supremacy≫{/c}
2817,天の歌声を紡ぐ竜の素材を{j}使用したオシャレな弓。{j}{c02}≪烈種武器：吸血+1≫{/c},A stylish Bow made with the{j}materials of the dragon that weaves the song of the heavens.{j}{c02}≪Burst Weapon: Vampirism+1≫{/c}
2818,さらなる高火力を実現させた{j}桜色のボウガン。{c03}LV2 通常弾{/c}、{j}{c03}火炎弾{/c}が{c03}速射{/c}対応。,A cherry-pink Bowgun that has achieved{j}even greater firepower.{c03}{/c}LV2 Normal Ammo{j}and{c03}Fire Ammo{/c}support{c03}Rapid Fire.{/c}
2819,桜火竜の素材を用いた{j}美しい狩猟弓。見た目だけ{j}でなく、性能も申し分ない。,Using Pink Rathian materials{j}A beautiful hunting bow. Appearance only.{j}and its performance is flawless as well.
2820,さらなる高火力を実現させた{j}蒼色のボウガン。{j}{c03}LV1 貫通弾{/c}が{c03}速射{/c}対応。,A blue Bowgun that has achieved{j}even greater firepower.{j}{c03}LV1 Pierce Ammo{/c}supports{c03}Rapid Fire.{/c}
2821,天空を翔る龍の素材を元に{j}作成されたヘビィボウガン。{j}龍をも慄かせる力強さ。,A Heavy Bowgun created{j}from the materials of a sky-soaring dragon.{j}A might that makes even dragons tremble.
2822,天空を翔る龍の素材を元に{j}作成されたヘビィボウガン。{j}龍をも慄かせる力強さ。,A Heavy Bowgun created{j}from the materials of a sky-soaring dragon.{j}A might that makes even dragons tremble.
2823,天空を翔る龍の素材を元に{j}作成されたヘビィボウガン。{j}龍をも慄かせる力強さ。,A Heavy Bowgun created{j}from the materials of a sky-soaring dragon.{j}A might that makes even dragons tremble.
2824,天空を翔る龍の素材を元に{j}作成されたヘビィボウガン。{j}龍をも慄かせる力強さ。,A Heavy Bowgun created{j}from the materials of a sky-soaring dragon.{j}A might that makes even dragons tremble.
2825,天空を翔る龍の素材を元に{j}作成されたヘビィボウガン。{j}{c11}≪ＨＣ武器≫{/c},A Heavy Bowgun created{j}from the materials of a sky-soaring dragon.{j}{c11}≪HC Weapon≫{/c}
2826,天空を翔る龍の素材を元に{j}作成されたヘビィボウガン。{j}龍をも慄かせる力強さ。,A Heavy Bowgun created{j}from the materials of a sky-soaring dragon.{j}A might that makes even dragons tremble.
2827,天空を翔る龍の素材を元に{j}作成されたヘビィボウガン。{j}龍をも慄かせる力強さ。,A Heavy Bowgun created{j}from the materials of a sky-soaring dragon.{j}A might that makes even dragons tremble.
2828,天空を翔る龍の素材を元に{j}作成されたヘビィボウガン。{j}地を轟かす一撃を放つ。,A Heavy Bowgun created{j}from the materials of a sky-soaring dragon.{j}It fires a shot that rumbles across the earth.
2829,天空を翔る龍の素材を元に{j}作成されたヘビィボウガン。{j}地を轟かす一撃を放つ。,A Heavy Bowgun created{j}from the materials of a sky-soaring dragon.{j}It fires a shot that rumbles across the earth.
2830,天空を翔る龍の素材を元に{j}作成されたヘビィボウガン。{j}地を轟かす一撃を放つ。,A Heavy Bowgun created{j}from the materials of a sky-soaring dragon.{j}It fires a shot that rumbles across the earth.
2831,天空を翔る龍の素材を元に{j}作成されたヘビィボウガン。{j}地を轟かす一撃を放つ。,A Heavy Bowgun created{j}from the materials of a sky-soaring dragon.{j}It fires a shot that rumbles across the earth.
2832,天空を翔る龍の素材を元に{j}作成されたヘビィボウガン。{j}{c11}≪ＨＣ武器≫{/c},A Heavy Bowgun created{j}from the materials of a sky-soaring dragon.{j}{c11}≪HC Weapon≫{/c}
2833,天空を翔る龍の素材を元に{j}作成されたヘビィボウガン。{j}地を轟かす一撃を放つ。,A Heavy Bowgun created{j}from the materials of a sky-soaring dragon.{j}It fires a shot that rumbles across the earth.
2834,天空を翔る龍の素材を元に{j}作成されたヘビィボウガン。{j}地を轟かす一撃を放つ。,A Heavy Bowgun created{j}from the materials of a sky-soaring dragon.{j}It fires a shot that rumbles across the earth.
2835,西方の装飾が施された軽弩。{j}{c03}LV1 貫通弾{/c}が{c03}速射{/c}対応。,Western-decorated Light Bowgun.{j}{c03}LV1 Pierce Ammo{/c}supports{c03}rapid fire{/c}.
2836,西方の装飾が施された軽弩。{j}{c03}LV1 貫通弾{/c}が{c03}速射{/c}対応。,Western-decorated Light Bowgun.{j}{c03}LV1 Pierce Ammo{/c}supports{c03}rapid fire{/c}.
2837,西方の装飾が施された軽弩。{j}{c03}LV1 貫通弾{/c}が{c03}速射{/c}対応。,Western-decorated Light Bowgun.{j}{c03}LV1 Pierce Ammo{/c}supports{c03}rapid fire{/c}.
2838,西方の装飾が施された軽弩。{j}{c03}LV1 貫通弾{/c}が{c03}速射{/c}対応。{j}{c11}≪ＨＣ武器≫{/c},Western-decorated Light Bowgun.{j}{c03}LV1 Pierce Ammo{/c}supports{c03}rapid fire{/c}.{j}{c11}≪HC Weapon≫{/c}
2839,西方の装飾が施された軽弩。{j}{c03}LV1 貫通弾{/c}が{c03}速射{/c}対応。,Western-decorated Light Bowgun.{j}{c03}LV1 Pierce Ammo{/c}supports{c03}rapid fire{/c}.
2840,西方の装飾が施された軽弩。{j}{c03}LV1 貫通弾{/c}が{c03}速射{/c}対応。,Western-decorated Light Bowgun.{j}{c03}LV1 Pierce Ammo{/c}supports{c03}rapid fire{/c}.
2841,遠国の旅人の衣服を模した{j}軽弩。{c03}LV1 貫通弾、氷結弾{/c}が{j}{c03}速射{/c}対応。,"{j}Light Bowgun modeled after a traveler's clothes from a distant land.{c03}LV1 Pierce Ammo, Ice Ammo{/c}are{j}{c03}rapid fire{/c}capable."
2842,遠国の旅人の衣服を模した{j}軽弩。{c03}LV1 貫通弾、氷結弾{/c}が{j}{c03}速射{/c}対応。,"{j}Light Bowgun modeled after a traveler's clothes from a distant land.{c03}LV1 Pierce Ammo, Ice Ammo{/c}are{j}{c03}rapid fire{/c}capable."
2843,遠国の旅人の衣服を模した{j}軽弩。{c03}LV1 貫通弾、氷結弾{/c}が{j}{c03}速射{/c}対応。,"{j}Light Bowgun modeled after a traveler's clothes from a distant land.{c03}LV1 Pierce Ammo, Ice Ammo{/c}are{j}{c03}rapid fire{/c}capable."
2844,遠国の旅人の衣服を模した{j}軽弩。{c03}LV1 貫通弾、氷結弾{/c}が{j}{c03}速射{/c}対応。,"{j}Light Bowgun modeled after a traveler's clothes from a distant land.{c03}LV1 Pierce Ammo, Ice Ammo{/c}are{j}{c03}rapid fire{/c}capable."
2845,旅人の衣服を模した軽弩。{j}{c03}LV1 貫通弾、氷結弾{/c}が{j}{c03}速射{/c}対応。{c11}≪ＨＣ武器≫{/c},A Light Bowgun modeled after a traveler's clothing.{j}{c03}Supports{j}{c03}Rapid Fire{/c}for LV1 Pierce Ammo and Ice Ammo{/c}.{c11}≪HC Weapon≫{/c}
2846,遠国の旅人の衣服を模した{j}軽弩。{c03}LV1 貫通弾、氷結弾{/c}が{j}{c03}速射{/c}対応。,"{j}Light Bowgun modeled after a traveler's clothes from a distant land.{c03}LV1 Pierce Ammo, Ice Ammo{/c}are{j}{c03}rapid fire{/c}capable."
2847,遠国の旅人の衣服を模した{j}軽弩。{c03}LV1 貫通弾、氷結弾{/c}が{j}{c03}速射{/c}対応。,"{j}Light Bowgun modeled after a traveler's clothes from a distant land.{c03}LV1 Pierce Ammo, Ice Ammo{/c}are{j}{c03}rapid fire{/c}capable."
2848,遠国の旅人の衣服を模した{j}軽弩。{c03}LV2 通常弾、電撃弾{/c}が{j}{c03}速射{/c}対応。,"{j}Light Bowgun modeled after a traveler's clothes from a distant land.{c03}LV2 Normal Ammo, Thunder Ammo{/c}are{j}{c03}rapid fire{/c}capable."
2849,遠国の旅人の衣服を模した{j}軽弩。{c03}LV2 通常弾、電撃弾{/c}が{j}{c03}速射{/c}対応。,"{j}Light Bowgun modeled after a traveler's clothes from a distant land.{c03}LV2 Normal Ammo, Thunder Ammo{/c}are{j}{c03}rapid fire{/c}capable."
2850,遠国の旅人の衣服を模した{j}軽弩。{c03}LV2 通常弾、電撃弾{/c}が{j}{c03}速射{/c}対応。,"{j}Light Bowgun modeled after a traveler's clothes from a distant land.{c03}LV2 Normal Ammo, Thunder Ammo{/c}are{j}{c03}rapid fire{/c}capable."
2851,遠国の旅人の衣服を模した{j}軽弩。{c03}LV2 通常弾、電撃弾{/c}が{j}{c03}速射{/c}対応。,"{j}Light Bowgun modeled after a traveler's clothes from a distant land.{c03}LV2 Normal Ammo, Thunder Ammo{/c}are{j}{c03}rapid fire{/c}capable."
2852,旅人の衣服を模した軽弩。{j}{c03}LV2 通常弾、電撃弾{/c}が{j}{c03}速射{/c}対応。{c11}≪ＨＣ武器≫{/c},A Light Bowgun modeled after a traveler's clothing.{j}{c03}Supports{j}{c03}Rapid Fire{/c}for LV2 Normal Ammo and Thunder Ammo{/c}.{c11}≪HC Weapon≫{/c}
2853,遠国の旅人の衣服を模した{j}軽弩。{c03}LV2 通常弾、電撃弾{/c}が{j}{c03}速射{/c}対応。,"{j}Light Bowgun modeled after a traveler's clothes from a distant land.{c03}LV2 Normal Ammo, Thunder Ammo{/c}are{j}{c03}rapid fire{/c}capable."
2854,遠国の旅人の衣服を模した{j}軽弩。{c03}LV2 通常弾、電撃弾{/c}が{j}{c03}速射{/c}対応。,"{j}Light Bowgun modeled after a traveler's clothes from a distant land.{c03}LV2 Normal Ammo, Thunder Ammo{/c}are{j}{c03}rapid fire{/c}capable."
2855,東の国の宴にて使用された{j}祭具を模した弓。東の趣{j}を押し出した豪奢なデザイン。,Bow modeled after the ceremonial tools used at an{j}Eastern banquet. A luxurious design that emphasizes{j}Eastern elegance.
2856,東の国の宴にて使用された{j}祭具を模した弓。東の趣{j}を押し出した豪奢なデザイン。,Bow modeled after the ceremonial tools used at an{j}Eastern banquet. A luxurious design that emphasizes{j}Eastern elegance.
2857,東の国の宴にて使用された{j}祭具を模した弓。華々しい{j}乙女が弓を射たという。,Bow modeled after the ceremonial tools used at an{j}Eastern banquet. It is said a radiant maiden shot{j}this bow.
2858,東の国の宴にて使用された{j}祭具を模した弓。{j}{c11}≪ＨＣ武器≫{/c},Bow modeled after the{j}ceremonial tools used at an Eastern banquet.{j}{c11}≪HC Weapon≫{/c}
2859,東の国の宴にて使用された{j}祭具を模した弓。絢爛華麗で{j}宴の賑やかさを漂わせる。,"Bow modeled after the ceremonial tools used at an{j}Eastern banquet. Gorgeous and brilliant, it evokes{j}the liveliness of a banquet."
2860,東の国の宴にて使用された{j}祭具を模した弓。絢爛華麗で{j}宴の賑やかさを漂わせる。,"Bow modeled after the ceremonial tools used at an{j}Eastern banquet. Gorgeous and brilliant, it evokes{j}the liveliness of a banquet."
2861,東の国の宴にて使用された{j}祭具を模した弓。東の趣{j}を押し出した豪奢なデザイン。,Bow modeled after the ceremonial tools used at an{j}Eastern banquet. A luxurious design that emphasizes{j}Eastern elegance.
2862,東の国の宴にて使用された{j}祭具を模した弓。東の趣{j}を押し出した豪奢なデザイン。,Bow modeled after the ceremonial tools used at an{j}Eastern banquet. A luxurious design that emphasizes{j}Eastern elegance.
2863,東の国の宴にて使用された{j}祭具を模した弓。華々しい{j}乙女が弓を射たという。,Bow modeled after the ceremonial tools used at an{j}Eastern banquet. It is said a radiant maiden shot{j}this bow.
2864,東の国の宴にて使用された{j}祭具を模した弓。{j}{c11}≪ＨＣ武器≫{/c},Bow modeled after the{j}ceremonial tools used at an Eastern banquet.{j}{c11}≪HC Weapon≫{/c}
2865,東の国の宴にて使用された{j}祭具を模した弓。絢爛華麗で{j}宴の賑やかさを漂わせる。,"Bow modeled after the ceremonial tools used at an{j}Eastern banquet. Gorgeous and brilliant, it evokes{j}the liveliness of a banquet."
2866,東の国の宴にて使用された{j}祭具を模した弓。絢爛華麗で{j}宴の賑やかさを漂わせる。,"Bow modeled after the ceremonial tools used at an{j}Eastern banquet. Gorgeous and brilliant, it evokes{j}the liveliness of a banquet."
2867,遠国の少女が使用した銃を{j}模した重弩。少女は強く{j}可憐な戦士であった。,A Heavy Bowgun modeled after the gun used by a girl{j}from a distant land. The girl was a strong and{j}lovely warrior.
2868,遠国の少女が使用した銃を{j}模した重弩。強さの裏に{j}少女は寂しさを抱えていた。,"A Heavy Bowgun modeled after the gun used by a girl{j}from a distant land. Behind her strength, the girl{j}harbored loneliness."
2869,遠国の少女が使用した銃を{j}模した重弩。仲間ができ、{j}油断した彼女の末路は…。,"A Heavy Bowgun modeled after the gun used by a girl{j}from a distant land. She made friends, and the fate{j}of her who let her guard down was..."
2870,遠国の少女が使用した銃を{j}模した重弩。{j}{c11}≪ＨＣ武器≫{/c},A Heavy Bowgun{j}modeled after the gun used by a girl from a distant land.{j}{c11}≪HC Weapon≫{/c}
2871,遠国の少女が使用した銃を模{j}した重弩「もう何も恐くない。{j}私独りぼっちじゃないもの」,"A Heavy Bowgun modeled after the gun used by a girl{j}from a distant land. ""I'm not afraid of anything{j}anymore. I'm not all alone, after all."""
2872,遠国の少女が使用した銃を{j}模した重弩。合言葉は{j}「ティロ・フィナーレ！」,"A Heavy Bowgun modeled after the gun used by a girl{j}from a distant land. The watchword is ""Tiro{j}Finale!"""
2873,遠国の少女が使用した弓を模{j}した弓。少女の愛くるしさと{j}温かさは周囲を励ました。,Bow modeled after the bow used by a girl from a{j}faraway land. The girl's loveliness and warmth{j}encouraged those around her.
2874,遠国の少女が使用した弓を{j}模した弓。少女の祈りは全て{j}の同胞を救済した。,Bow modeled after the bow used by a girl from a{j}faraway land. The girl's prayer saved all her{j}brethren.
2875,遠国の少女が使用した弓を模{j}した弓。「希望を信じた魔法{j}少女を私は泣かせたくない。」,"Bow modeled after the bow used by a girl from a{j}faraway land. ""I don't want to make the magical{j}girl who believed in hope cry."""
2876,遠国の少女が使用した弓を{j}模した弓。{j}{c11}≪ＨＣ武器≫{/c},Bow modeled after{j}the bow used by a girl from a faraway land.{j}{c11}≪HC Weapon≫{/c}
2877,遠国の少女が使用した弓を{j}模した弓。「私だって…もう{j}絶望する必要なんてない！」,"Bow modeled after the bow used by a girl from a{j}faraway land. ""I don't need to despair anymore{j}either!"""
2878,遠国の少女が使用した弓を{j}模した弓。「あなたは、私の{j}最高の友達だったんだね…」,"Bow modeled after the bow used by a girl from a{j}faraway land. ""You were my best friend...""{j}"
2879,とある地方の祭器を模した{j}重弩。２つの意味で{j}おいしい作りとなっている。,A Heavy Bowgun{j}modeled on a certain region's ritual implement. A{j}delicious piece of work in two senses.
2880,とある地方の祭器を模した{j}重弩。２つの意味で{j}おいしい作りとなっている。,A Heavy Bowgun{j}modeled on a certain region's ritual implement. A{j}delicious piece of work in two senses.
2881,0,
2882,とある地方の祭器を模した{j}重弩。２つの意味で{j}おいしい作りとなっている。,A Heavy Bowgun{j}modeled on a certain region's ritual implement. A{j}delicious piece of work in two senses.
2883,とある地方の祭器を模した{j}重弩。運気を引き寄せる{j}との噂も。{c11}≪ＨＣ武器≫{/c},A Heavy Bowgun{j}modeled on a certain region's ritual implement. It is even rumored to{j}draw in good luck.{c11}≪HC Weapon≫{/c}
2884,とある地方の祭器を模した{j}重弩。運気を引き寄せる{j}といわれる魅力の逸品。,A Heavy Bowgun modeled on a certain region's ritual{j}implement. A captivating masterpiece said to draw{j}in good luck.
2885,とある地方の祭器を模した{j}重弩。運気を引き寄せる{j}といわれる魅力の逸品。,A Heavy Bowgun modeled on a certain region's ritual{j}implement. A captivating masterpiece said to draw{j}in good luck.
2886,ハンターの功績を称え、{j}ギルドから贈与される弓。{j}{c11}≪ＨＣ武器≫{/c},A Bow awarded by the{j}Guild in honor of a Hunter's achievements.{j}{c11}≪HC Weapon≫{/c}
2887,ハンターの功績を称え、{j}ギルドから贈与される弓。,A Bow awarded by the{j}Guild in honor of a Hunter's achievements.
2888,装飾の施された金色の重弩。{j}儀礼用だが実用性も{j}兼ね備えた名工謹製の逸品。,"An ornate golden Heavy Bowgun.{j}Ceremonial, but also{j}practical--a masterpiece by a master craftsman."
2889,装飾の施された金色の重弩。{j}儀礼用だが実用性も{j}兼ね備えた名工謹製の逸品。,"An ornate golden Heavy Bowgun.{j}Ceremonial, but also{j}practical--a masterpiece by a master craftsman."
2890,装飾の施された金色の重弩。{j}名工謹製の逸品。{j}{c16}≪親方印≫{/c},An ornate golden Heavy Bowgun.{j}A masterpiece by a master craftsman.{j}{c16}≪Master Mark≫{/c}
2891,装飾の施された金色の重弩。{j}名工謹製の逸品。{j}{c11}≪ＨＣ武器≫{/c},An ornate golden Heavy Bowgun.{j}A masterpiece by a master craftsman.{j}{c11}≪HC Weapon≫{/c}
2892,装飾が施された金色の重弩。{j}儀礼用であったものを鍛え、{j}至高の逸品へと昇華した。,"Decorated golden Heavy Bowgun.{j}Forged from a ceremonial weapon,{j}elevated into a supreme masterpiece."
2893,装飾の施された金色の軽弩。{j}名工謹製の逸品。{c03}氷結弾{/c}、{j}{c03}電撃弾{/c}が{c03}速射{/c}対応。,A golden Light Bowgun adorned with ornamentation.{j}A masterpiece by a master artisan.{c03}Freeze S{/c}and{j}{c03}Thunder S{/c}can be fired with{c03}Rapid Fire{/c}.
2894,装飾の施された金色の軽弩。{j}名工謹製の逸品。{c03}氷結弾{/c}、{j}{c03}電撃弾{/c}が{c03}速射{/c}対応。,A golden Light Bowgun adorned with ornamentation.{j}A masterpiece by a master artisan.{c03}Freeze S{/c}and{j}{c03}Thunder S{/c}can be fired with{c03}Rapid Fire{/c}.
2895,装飾の施された金色の軽弩。{j}{c03}氷結弾{/c}、{c03}電撃弾{/c}が{j}{c03}速射{/c}対応。{c16}≪親方印≫{/c},A golden Light Bowgun adorned with ornamentation.{j}{c03}Freeze S{/c}and{c03}Thunder S{/c}can be fired with{j}{c03}Rapid Fire{/c}.{c16}≪Master Mark≫{/c}
2896,装飾の施された金色の軽弩。{j}{c03}氷結弾{/c}、{c03}電撃弾{/c}が{j}{c03}速射{/c}対応。{c11}≪ＨＣ武器≫{/c},A golden Light Bowgun adorned with ornamentation.{j}{c03}Freeze S{/c}and{c03}Thunder S{/c}can be fired with{j}{c03}Rapid Fire{/c}.{c11}≪HC Weapon≫{/c}
2897,儀礼用だが、実用性も重視し{j}て作られた金の軽弩。{c03}氷結弾{/c}、{j}{c03}電撃弾{/c}が{c03}速射{/c}対応。,"A golden light bowgun made for rituals, yet also{j}built with practicality in mind.{c03}Freeze Ammo{/c}and{j}{c03}Thunder Ammo{/c}are{c03}rapid-fire{/c}capable."
2898,装飾の施された金色の弓。{j}儀礼用だが実用性も{j}兼ね備えた名工謹製の逸品。,"A golden Bow adorned with ornamentation. A{j}ceremonial piece, yet a masterpiece by a master{j}artisan that boasts practicality as well."
2899,装飾の施された金色の弓。{j}儀礼用だが実用性も{j}兼ね備えた名工謹製の逸品。,"A golden Bow adorned with ornamentation. A{j}ceremonial piece, yet a masterpiece by a master{j}artisan that boasts practicality as well."
2900,装飾の施された金色の弓。{j}名工謹製の逸品。{j}{c16}≪親方印≫{/c},A golden Bow adorned with ornamentation.{j}A masterpiece by a master artisan.{j}{c16}≪Master Mark≫{/c}
2901,装飾の施された金色の弓。{j}名工謹製の逸品。{j}{c11}≪ＨＣ武器≫{/c},A golden Bow adorned with ornamentation.{j}A masterpiece by a master artisan.{j}{c11}≪HC Weapon≫{/c}
2902,装飾が施された金色の弓。{j}儀礼用であったものを鍛え、{j}至高の逸品へと昇華した。,"Decorated golden Bow.{j}Forged from a ceremonial weapon,{j}elevated into a supreme masterpiece."
2903,乙女からの想いを{j}誠意をこめて打ち返す軽弩。{j}{c03}LV1 散弾{/c}が{c03}速射{/c}対応。,A Light Bowgun that returns a{j}maiden's feelings with utmost sincerity.{j}{c03}LV1 Pellet Shot{/c}supports{c03}Rapid Fire{/c}.
2904,乙女からの想いを{j}誠意をこめて打ち返す軽弩。{j}{c03}LV1 散弾{/c}が{c03}速射{/c}対応。,A Light Bowgun that returns a{j}maiden's feelings with utmost sincerity.{j}{c03}LV1 Pellet Shot{/c}supports{c03}Rapid Fire{/c}.
2905,乙女からの想いを誠意をこめ{j}て打ち返す軽弩。{c03}LV1 散弾{/c}が{j}{c03}速射{/c}対応。{c16}≪親方印≫{/c},A Light Bowgun that returns a maiden's feelings{j}with utmost sincerity.{c03}LV1 Pellet Shot{/c}supports{j}{c03}Rapid Fire{/c}.{c16}≪Master Mark≫{/c}
2906,乙女からの想いを誠意をこめ{j}て打ち返す軽弩。{c03}LV1 散弾{/c}が{j}{c03}速射{/c}対応。{c11}≪ＨＣ武器≫{/c},A Light Bowgun that returns a maiden's feelings{j}with utmost sincerity.{c03}LV1 Pellet Shot{/c}supports{j}{c03}Rapid Fire{/c}.{c11}≪HC Weapon≫{/c}
2907,乙女からの想いを{j}誠意をこめて打ち返す軽弩。{j}{c03}LV1 散弾{/c}が{c03}速射{/c}対応。,A Light Bowgun that returns a{j}maiden's feelings with utmost sincerity.{j}{c03}LV1 Pellet Shot{/c}supports{c03}Rapid Fire{/c}.
2908,レジェンドラスタに与えられ{j}る名誉ある武器の模造品。模{j}造品だが性能は本物と同等。,"A replica of the honorable weapon given{j}to Legend Rasta. Though a{j}replica, its performance equals the original."
2909,レジェンドラスタに与えられ{j}る名誉ある武器の模造品。模{j}造品だが性能は本物と同等。,"A replica of the honorable weapon given{j}to Legend Rasta. Though a{j}replica, its performance equals the original."
2910,レジェンドラスタに与えられ{j}る名誉ある武器の模造品。模{j}造品だが性能は本物と同等。,"A replica of the honorable weapon given{j}to Legend Rasta. Though a{j}replica, its performance equals the original."
2911,0,
2912,0,
2913,激流のごとき威力を誇る弓。{j}自然と力が湧いてくる。{j}{c11}≪ＨＣ武器≫{/c},A Bow boasting the power of a raging torrent.{j}Strength wells up naturally.{j}{c11}≪HC Weapon≫{/c}
2914,風の神が宿るとさえ言われた{j}規格外のヘビィボウガン。{j}軽量にして強力。{c11}≪Ｇ級技巧≫{/c},"A Heavy Bowgun{j}said to house the wind god itself, far beyond the norm.{j}Lightweight yet powerful.{c11}≪G Finesse≫{/c}"
2915,金色に輝く銃身にセレブの{j}ハートも鷲掴み。{c03}LV1 散弾{/c}が{j}{c03}速射{/c}対応。{c11}≪Ｇ級技巧≫{/c},The gold-shining barrel even grabs celebrities'{j}hearts.{c03}LV1 Spread Ammo{/c}is{j}{c03}Rapid Fire{/c}compatible.{c11}≪G Finesse≫{/c}
2916,狙った獲物は逃がさないと噂{j}される独特な形状をした弓。{j}{c11}≪Ｇ級技巧≫{/c},"A bow of unusual shape,{j}rumored to never let its chosen prey escape.{j}{c11}≪G Finesse≫{/c}"
2917,天廊にて発見された未知の{j}技術を駆使して造られた武器。{j}拡張性に優れる。{c19}≪天廊武器≫{/c},A weapon forged by applying unknown{j}technology discovered in the Sky Corridor.{j}It has outstanding expandability.{c19}≪Sky Corridor Weapon≫{/c}
2918,天廊にて発見された未知の{j}技術を駆使して造られた武器。{j}拡張性に優れる。{c19}≪天廊武器≫{/c},A weapon forged by applying unknown{j}technology discovered in the Sky Corridor.{j}It has outstanding expandability.{c19}≪Sky Corridor Weapon≫{/c}
2919,天廊にて発見された未知の{j}技術を駆使して造られた武器。{j}拡張性に優れる。{c19}≪天廊武器≫{/c},A weapon forged by applying unknown{j}technology discovered in the Sky Corridor.{j}It has outstanding expandability.{c19}≪Sky Corridor Weapon≫{/c}
2920,ハンターの功績を称え、{j}ギルドから贈与される弓。,A Bow awarded by the{j}Guild in honor of a Hunter's achievements.
2921,0,
2922,山々を炎の海へと変えた{j}とされる炎角竜の重砲。{j}{c02}≪剛種武器≫{/c},"A heavy bowgun of the{j}Flame Diablos, said to have turned mountains into a sea of flames.{j}{c02}≪Gou Weapon≫{/c}"
2923,山々を炎の海へと変えた{j}とされる炎角竜の重砲。{j}{c02}≪天嵐武器≫{/c},"A heavy bowgun of the{j}Flame Diablos, said to have turned mountains into a sea of flames.{j}{c02}≪Tenran Weapon≫{/c}"
2924,山々を炎の海へと変えた{j}とされる炎角竜の重砲。{j}{c02}≪覇種武器≫{/c},"A heavy bowgun of the{j}Flame Diablos, said to have turned mountains into a sea of flames.{j}{c02}≪Supremacy Weapon≫{/c}"
2925,山々を炎の海へと変えた{j}とされる炎角竜の重砲。{j}{c02}≪Ｇ級覇種≫{/c},"A heavy bowgun of the{j}Flame Diablos, said to have turned mountains into a sea of flames.{j}{c02}≪G-Rank Supremacy≫{/c}"
2926,山々を炎の海へと変えた{j}とされる炎角竜の重砲。{j}{c02}≪烈種武器：吸血+1≫{/c},"A heavy bowgun of the{j}Flame Diablos, said to have turned mountains into a sea of flames.{j}{c02}≪Burst Weapon: Vampirism+1≫{/c}"
2927,熱き闘志を奥底から呼び{j}覚ます炎角竜の弓。{j}{c02}≪剛種武器≫{/c},A Flame Horn Wyvern bow that awakens{j}a burning fighting spirit from deep within.{j}{c02}≪Gou Weapon≫{/c}
2928,熱き闘志を奥底から呼び{j}覚ます炎角竜の弓。{j}{c02}≪天嵐武器≫{/c},A Flame Horn Wyvern bow that awakens{j}a burning fighting spirit from deep within.{j}{c02}≪Tenran Weapon≫{/c}
2929,熱き闘志を奥底から呼び{j}覚ます炎角竜の弓。{j}{c02}≪覇種武器≫{/c},A Flame Horn Wyvern bow that awakens{j}a burning fighting spirit from deep within.{j}{c02}≪Supremacy Weapon≫{/c}
2930,熱き闘志を奥底から呼び{j}覚ます炎角竜の弓。{j}{c02}≪Ｇ級覇種≫{/c},A Flame Horn Wyvern bow that awakens{j}a burning fighting spirit from deep within.{j}{c02}≪G-Rank Supremacy≫{/c}
2931,熱き闘志を奥底から呼び{j}覚ます炎角竜の弓。{j}{c02}≪烈種武器：吸血+1≫{/c},A Flame Horn Wyvern bow that awakens{j}a burning fighting spirit from deep within.{j}{c02}≪Burst Weapon: Vampirism+1≫{/c}
2932,傾雷鳥を愛して止まない{j}職人が精魂込めて編み出した{j}弓。やわらかな手触り。,A bow crafted with all their soul by an artisan who{j}loves Thunderbirds beyond all reason. Soft to the{j}touch.
2933,不死鳥のごとき爆炎銃。{j}{c03}LV1 貫通弾{/c}と{c03}火炎弾{/c}が{c03}超速射{/c}{j}対応。{c02}≪烈種武器：吸血+1≫{/c},A blazing gun like a phoenix.{j}{c03}LV1 Pierce Ammo{/c}and{c03}Flaming Ammo{/c}are{c03}compatible with Ultra Rapid Fire{/c}{j}.{c02}≪Burst Weapon: Vampirism+1≫{/c}
2934,全身全霊をつくし仕上げた{j}至極と謳われる鋼龍の弓。{j}{c02}≪烈種武器：吸血+1≫{/c},"A bow of the{j}Kushala Daora, hailed as supreme, crafted with heart and soul.{j}{c02}≪Burst Weapon: Vampirism+1≫{/c}"
2935,装飾の施された紫色の弓。{j}儀礼用だが実用性も{j}兼ね備えた名工謹製の逸品。,Purple Bow adorned with decoration.{j}A masterpiece crafted by a master artisan that{j}is ceremonial yet also practical.
2936,装飾の施された紫色の弓。{j}儀礼用だが実用性も{j}兼ね備えた名工謹製の逸品。,Purple Bow adorned with decoration.{j}A masterpiece crafted by a master artisan that{j}is ceremonial yet also practical.
2937,装飾の施された紫色の弓。{j}名工謹製の逸品。{j}{c16}≪親方印≫{/c},Purple Bow adorned with decoration.{j}A masterpiece crafted by a master artisan.{j}{c16}≪Master Mark≫{/c}
2938,装飾の施された紫色の弓。{j}名工謹製の逸品。{j}{c11}≪ＨＣ武器≫{/c},Purple Bow adorned with decoration.{j}A masterpiece crafted by a master artisan.{j}{c11}≪HC Weapon≫{/c}
2939,装飾が施された紫色の弓。{j}儀礼用であったものを鍛え、{j}至高の逸品へと昇華した。,"A purple Bow adorned with decorations.{j}Forged from a ceremonial piece,{j}it has been elevated to a supreme masterpiece."
2940,東方の威厳ある品をモチーフ{j}に作成した弓。持ち主は心身{j}ともに成長するという逸話も。,A bow crafted with a dignified Eastern article as{j}its motif. Legend says its owner grows in both body{j}and mind.
2941,東方の威厳ある品をモチーフ{j}に作成した弓。持ち主は心身{j}ともに成長するという逸話も。,A bow crafted with a dignified Eastern article as{j}its motif. Legend says its owner grows in both body{j}and mind.
2942,東方の威厳ある品をモチーフ{j}に作成した弓。{j}{c16}≪親方印≫{/c},A bow crafted with a{j}dignified Eastern article as its motif.{j}{c16}≪Master Mark≫{/c}
2943,東方の威厳ある品をモチーフ{j}に作成した弓。{j}{c11}≪ＨＣ武器≫{/c},A bow crafted with a{j}dignified Eastern article as its motif.{j}{c11}≪HC Weapon≫{/c}
2944,東方の威厳ある品をモチーフ{j}に作成した弓。持ち主は心身{j}ともに成長するという逸話も。,A bow crafted with a dignified Eastern article as{j}its motif. Legend says its owner grows in both body{j}and mind.
2945,東方の技術で仕上げた重弩。{j}力強い一撃は、まさに{j}爆狼の咆哮のよう。,A Heavy Bowgun finished with Eastern techniques.{j}Its mighty shots are truly like the roar of an{j}Explosive Wolf.
2946,水砦竜の素材を使用し、{j}水属性を特化させた弓。{j}{c02}≪剛種武器≫{/c},"Bow crafted from Water Fortress Dragon materials,{j}specializing in the Water element.{j}{c02}≪Gou Weapon≫{/c}"
2947,水砦竜の素材を使用し、{j}水属性を特化させた弓。{j}{c02}≪天嵐武器≫{/c},"Bow crafted from Water Fortress Dragon materials,{j}specializing in the Water element.{j}{c02}≪Tenran Weapon≫{/c}"
2948,水砦竜の素材を使用し、{j}水属性を特化させた弓。{j}{c02}≪覇種武器≫{/c},"Bow crafted from Water Fortress Dragon materials,{j}specializing in the Water element.{j}{c02}≪Supremacy Weapon≫{/c}"
2949,水砦竜の素材を使用し、{j}水属性を特化させた弓。{j}{c02}≪Ｇ級覇種≫{/c},"Bow crafted from Water Fortress Dragon materials,{j}specializing in the Water element.{j}{c02}≪G-Rank Supremacy≫{/c}"
2950,水砦竜の素材を使用し、{j}水属性を特化させた弓。{j}{c02}≪烈種武器：吸血+1≫{/c},"Bow crafted from Water Fortress Dragon materials,{j}specializing in the Water element.{j}{c02}≪Burst Weapon: Vampirism+1≫{/c}"
2951,水砦竜の素材を使用し、{j}水属性を特化させた弓。{j}{c02}≪始種武器：吸血+2≫{/c},"Bow crafted from Water Fortress Dragon materials,{j}specializing in the Water element.{j}{c02}≪Origin Weapon: Vampirism+2≫{/c}"
2952,貪欲に血を欲する{j}猟奇的な喰血竜の重弩。{j}{c02}≪始種武器：一閃+2≫{/c},"Heavy Bowgun of a{j}gruesome, blood-devouring dragon that greedily craves blood.{j}{c02}≪Origin Weapon: Issen+2≫{/c}"
2953,生物の血に飢えし魔性の軽弩。{j}{c03}LV1 貫通弾{/c}、{c03}水冷弾{/c}が{c03}超速射{j}{/c}対応。{c02}≪始種武器：一閃+2≫{/c},A demonic Light Bowgun that thirsts for the blood of living creatures.{j}{c03}LV1 Pierce S{/c}and{c03}Water S{/c}can be fired with{c03}Super Rapid Fire{j}{/c}.{c02}≪Origin Weapon: Issen+2≫{/c}
2954,貪欲に血を欲する{j}猟奇的な喰血竜の弓。{j}{c02}≪始種武器：一閃+2≫{/c},"Bow of a{j}gruesome, blood-devouring dragon that greedily craves blood.{j}{c02}≪Origin Weapon: Issen+2≫{/c}"
2955,伝説とも言われる老齢な{j}呑竜を討った証。{j}{c02}≪始種武器：弱点特効≫{/c},Proof of slaying the aged{j}Pariapuria said to be a legend.{j}{c02}≪Origin Weapon: Weakness Exploit≫{/c}
2956,蒼眠鳥の素材を活用した弓。{j}鋭い矢先に狙われれば最後{j}獲物に命はない。,"A Bow that makes use of Pale Hypnocatrice{j}materials. Once its sharp arrowhead takes aim, the{j}prey has no life left."
2957,遠国の由緒ある騎士団が{j}流布していた弓。{j}勝利を勝ち取れるという。,A Bow that a prestigious knight order from a{j}distant land had spread. It is said to bring{j}victory.
2958,遠国の由緒ある騎士団が{j}流布していた弓。{j}勝利を勝ち取れるという。,A Bow that a prestigious knight order from a{j}distant land had spread. It is said to bring{j}victory.
2959,遠国の由緒ある騎士団が{j}流布していた弓。{j}勝利を勝ち取れるという。,A Bow that a prestigious knight order from a{j}distant land had spread. It is said to bring{j}victory.
2960,遠国の由緒ある騎士団が{j}流布していた弓。{j}勝利を勝ち取れるという。,A Bow that a prestigious knight order from a{j}distant land had spread. It is said to bring{j}victory.
2961,遠国の由緒ある騎士団が{j}流布していた弓。{j}{c11}≪ＨＣ武器≫{/c},A Bow that a prestigious knight order from a distant land{j}had spread.{j}{c11}≪HC Weapon≫{/c}
2962,遠国の由緒ある騎士団が{j}流布していた弓。{j}勝利を勝ち取れるという。,A Bow that a prestigious knight order from a{j}distant land had spread. It is said to bring{j}victory.
2963,遠国の由緒ある騎士団が{j}流布していた弓。{j}勝利を勝ち取れるという。,A Bow that a prestigious knight order from a{j}distant land had spread. It is said to bring{j}victory.
2964,遠国の由緒ある騎士団が{j}流布していた弓。{j}勝利を勝ち取れるという。,A Bow that a prestigious knight order from a{j}distant land had spread. It is said to bring{j}victory.
2965,遠国の由緒ある騎士団が{j}流布していた弓。{j}勝利を勝ち取れるという。,A Bow that a prestigious knight order from a{j}distant land had spread. It is said to bring{j}victory.
2966,遠国の由緒ある騎士団が{j}流布していた弓。{j}勝利を勝ち取れるという。,A Bow that a prestigious knight order from a{j}distant land had spread. It is said to bring{j}victory.
2967,遠国の由緒ある騎士団が{j}流布していた弓。{j}勝利を勝ち取れるという。,A Bow that a prestigious knight order from a{j}distant land had spread. It is said to bring{j}victory.
2968,遠国の由緒ある騎士団が{j}流布していた弓。{j}{c11}≪ＨＣ武器≫{/c},A Bow that a prestigious knight order from a distant land{j}had spread.{j}{c11}≪HC Weapon≫{/c}
2969,遠国の由緒ある騎士団が{j}流布していた弓。{j}勝利を勝ち取れるという。,A Bow that a prestigious knight order from a{j}distant land had spread. It is said to bring{j}victory.
2970,遠国の由緒ある騎士団が{j}流布していた弓。{j}勝利を勝ち取れるという。,A Bow that a prestigious knight order from a{j}distant land had spread. It is said to bring{j}victory.
2971,幸運を呼ぶと噂の{j}ライトボウガン。{j}{c03}LV2 通常弾{/c}が{c03}速射{/c}対応。,A{j}Light Bowgun rumored to bring good luck.{j}{c03}LV2 Normal Ammo{/c}supports{c03}Rapid Fire{/c}.
2972,幸運を呼ぶと噂の{j}ライトボウガン。{j}{c03}LV2 通常弾{/c}が{c03}速射{/c}対応。,A{j}Light Bowgun rumored to bring good luck.{j}{c03}LV2 Normal Ammo{/c}supports{c03}Rapid Fire{/c}.
2973,幸運を呼ぶと噂の{j}ライトボウガン。{j}{c03}LV2 通常弾{/c}が{c03}速射{/c}対応。,A{j}Light Bowgun rumored to bring good luck.{j}{c03}LV2 Normal Ammo{/c}supports{c03}Rapid Fire{/c}.
2974,幸せを授けるライトボウガン。{j}{c03}LV2 通常弾{/c}が{c03}速射{/c}対応。{j}{c11}≪ＨＣ武器≫{/c},A Light Bowgun that bestows good fortune.{j}{c03}LV2 Normal Ammo{/c}{c03}is compatible with Rapid Fire{/c}.{j}{c11}≪HC Weapon≫{/c}
2975,幸運を呼ぶと噂の{j}ライトボウガン。{j}{c03}LV2 通常弾{/c}が{c03}速射{/c}対応。,A{j}Light Bowgun rumored to bring good luck.{j}{c03}LV2 Normal Ammo{/c}supports{c03}Rapid Fire{/c}.
2976,幸運を呼ぶと噂の{j}ライトボウガン。{j}{c03}LV2 通常弾{/c}が{c03}速射{/c}対応。,A{j}Light Bowgun rumored to bring good luck.{j}{c03}LV2 Normal Ammo{/c}supports{c03}Rapid Fire{/c}.
2977,金運を呼ぶと噂の{j}ライトボウガン。{j}{c03}LV1 貫通弾{/c}が{c03}速射{/c}対応。,A Light Bowgun rumored{j}to bring wealth.{j}{c03}LV1 Pierce Ammo{/c}supports{c03}Rapid Fire{/c}.
2978,金運を呼ぶと噂の{j}ライトボウガン。{j}{c03}LV1 貫通弾{/c}が{c03}速射{/c}対応。,A Light Bowgun rumored{j}to bring wealth.{j}{c03}LV1 Pierce Ammo{/c}supports{c03}Rapid Fire{/c}.
2979,金運を呼ぶと噂の{j}ライトボウガン。{j}{c03}LV1 貫通弾{/c}が{c03}速射{/c}対応。,A Light Bowgun rumored{j}to bring wealth.{j}{c03}LV1 Pierce Ammo{/c}supports{c03}Rapid Fire{/c}.
2980,金運を授けるライトボウガン。{j}{c03}LV1 貫通弾{/c}が{c03}速射{/c}対応。{j}{c11}≪ＨＣ武器≫{/c},A Light Bowgun that grants wealth.{j}{c03}LV1 Pierce Ammo{/c}supports{c03}Rapid Fire{/c}.{j}{c11}≪HC Weapon≫{/c}
2981,金運を呼ぶと噂の{j}ライトボウガン。{j}{c03}LV1 貫通弾{/c}が{c03}速射{/c}対応。,A Light Bowgun rumored{j}to bring wealth.{j}{c03}LV1 Pierce Ammo{/c}supports{c03}Rapid Fire{/c}.
2982,金運を呼ぶと噂の{j}ライトボウガン。{j}{c03}LV1 貫通弾{/c}が{c03}速射{/c}対応。,A Light Bowgun rumored{j}to bring wealth.{j}{c03}LV1 Pierce Ammo{/c}supports{c03}Rapid Fire{/c}.
2983,0,
2984,0,
2985,0,
2986,0,
2987,0,
2988,古来より伝わる騎士の伝承を{j}元に作られた軽弩。{c03}LV2 通常{j}弾、LV1 貫通弾{/c}が{c03}速射{/c}対応。,A Light Bowgun{j}made from the legend of a knight passed down since ancient times.{c03}LV2 Normal{j}Ammo and LV1 Pierce Ammo{/c}support{c03}Rapid Fire{/c}.
2989,0,
2990,0,
2991,0,
2992,0,
2993,0,
2994,古来より伝わる遠国の騎士の{j}伝承を元に作成された重弩。{j}多くの人命を救ったとされる。,"A Heavy Bowgun crafted from the legend of a knight{j}from a distant land, passed down since ancient{j}times. It is said to have saved many lives."
2995,0,
2996,0,
2997,0,
2998,0,
2999,0,
3000,古来より伝わる遠国の騎士の{j}伝承を元に作成された弓。{j}多くの人命を救ったとされる。,"A Bow forged from the legend of a knight from a{j}distant land, handed down since ancient times. It{j}is said to have saved many lives."
3001,ダミー,Dummy
3002,ダミー,Dummy
3003,天廊にて発見された未知の{j}技術を駆使して造られた武器。{j}拡張性に優れる。{c19}≪天廊武器≫{/c},A weapon forged by applying unknown{j}technology discovered in the Sky Corridor.{j}It has outstanding expandability.{c19}≪Sky Corridor Weapon≫{/c}
3004,高品質な素材を熟練の職人が{j}鍛え上げた不壊の剛弓。生涯{j}使い続けられる強靭さを持つ。,An indestructible mighty bow forged from{j}high-quality materials by a master craftsman. It is{j}tough enough to be used for a lifetime.
3005,高品質な素材を熟練の職人が{j}鍛え上げた不壊の剛弓。生涯{j}使い続けられる強靭さを持つ。,An indestructible mighty bow forged from{j}high-quality materials by a master craftsman. It is{j}tough enough to be used for a lifetime.
3006,高品質な素材を熟練の職人が{j}鍛え上げた不壊の剛弓。生涯{j}使い続けられる強靭さを持つ。,An indestructible mighty bow forged from{j}high-quality materials by a master craftsman. It is{j}tough enough to be used for a lifetime.
3007,高品質な素材を熟練の職人が{j}鍛え上げた不壊の剛弓。{j}{c11}≪ＨＣ武器≫{/c},An indestructible mighty bow forged{j}from high-quality materials by a master craftsman.{j}{c11}≪HC Weapon≫{/c}
3008,高品質な素材を熟練の職人が{j}鍛え上げた不壊の剛弓。生涯{j}使い続けられる強靭さを持つ。,An indestructible mighty bow forged from{j}high-quality materials by a master craftsman. It is{j}tough enough to be used for a lifetime.
3009,高品質な素材を熟練の職人が{j}鍛え上げた不壊の剛弓。生涯{j}使い続けられる強靭さを持つ。,An indestructible mighty bow forged from{j}high-quality materials by a master craftsman. It is{j}tough enough to be used for a lifetime.
3010,高品質な素材を熟練の職人が{j}鍛え上げた不壊の剛弓。生涯{j}使い続けられる強靭さを持つ。,An indestructible mighty bow forged from{j}high-quality materials by a master craftsman. It is{j}tough enough to be used for a lifetime.
3011,高品質な素材を熟練の職人が{j}鍛え上げた不壊の剛弓。生涯{j}使い続けられる強靭さを持つ。,An indestructible mighty bow forged from{j}high-quality materials by a master craftsman. It is{j}tough enough to be used for a lifetime.
3012,高品質な素材を熟練の職人が{j}鍛え上げた不壊の剛弓。{j}{c11}≪ＨＣ武器≫{/c},An indestructible mighty bow forged{j}from high-quality materials by a master craftsman.{j}{c11}≪HC Weapon≫{/c}
3013,高品質な素材を熟練の職人が{j}鍛え上げた不壊の剛弓。生涯{j}使い続けられる強靭さを持つ。,An indestructible mighty bow forged from{j}high-quality materials by a master craftsman. It is{j}tough enough to be used for a lifetime.
3014,高品質な素材を熟練の職人が{j}鍛え上げた不壊の剛弓。生涯{j}使い続けられる強靭さを持つ。,An indestructible mighty bow forged from{j}high-quality materials by a master craftsman. It is{j}tough enough to be used for a lifetime.
3015,高品質な素材を熟練の職人が{j}鍛え上げた不壊の剛弓。生涯{j}使い続けられる強靭さを持つ。,An indestructible mighty bow forged from{j}high-quality materials by a master craftsman. It is{j}tough enough to be used for a lifetime.
3016,高品質な素材を熟練の職人が{j}鍛え上げた不壊の剛弓。生涯{j}使い続けられる強靭さを持つ。,An indestructible mighty bow forged from{j}high-quality materials by a master craftsman. It is{j}tough enough to be used for a lifetime.
3017,高品質な素材を熟練の職人が{j}鍛え上げた不壊の剛弓。{j}{c11}≪ＨＣ武器≫{/c},An indestructible mighty bow forged{j}from high-quality materials by a master craftsman.{j}{c11}≪HC Weapon≫{/c}
3018,高品質な素材を熟練の職人が{j}鍛え上げた不壊の剛弓。生涯{j}使い続けられる強靭さを持つ。,An indestructible mighty bow forged from{j}high-quality materials by a master craftsman. It is{j}tough enough to be used for a lifetime.
3019,高品質な素材を熟練の職人が{j}鍛え上げた不壊の剛弓。生涯{j}使い続けられる強靭さを持つ。,An indestructible mighty bow forged from{j}high-quality materials by a master craftsman. It is{j}tough enough to be used for a lifetime.
3020,高品質な素材を熟練の職人が{j}鍛え上げた不壊の剛弓。生涯{j}使い続けられる強靭さを持つ。,An indestructible mighty bow forged from{j}high-quality materials by a master craftsman. It is{j}tough enough to be used for a lifetime.
3021,高品質な素材を熟練の職人が{j}鍛え上げた不壊の剛弓。生涯{j}使い続けられる強靭さを持つ。,An indestructible mighty bow forged from{j}high-quality materials by a master craftsman. It is{j}tough enough to be used for a lifetime.
3022,高品質な素材を熟練の職人が{j}鍛え上げた不壊の剛弓。{j}{c11}≪ＨＣ武器≫{/c},An indestructible mighty bow forged{j}from high-quality materials by a master craftsman.{j}{c11}≪HC Weapon≫{/c}
3023,高品質な素材を熟練の職人が{j}鍛え上げた不壊の剛弓。生涯{j}使い続けられる強靭さを持つ。,An indestructible mighty bow forged from{j}high-quality materials by a master craftsman. It is{j}tough enough to be used for a lifetime.
3024,高品質な素材を熟練の職人が{j}鍛え上げた不壊の剛弓。生涯{j}使い続けられる強靭さを持つ。,An indestructible mighty bow forged from{j}high-quality materials by a master craftsman. It is{j}tough enough to be used for a lifetime.
3025,高品質な素材を熟練の職人が{j}鍛え上げた不壊の剛弓。生涯{j}使い続けられる強靭さを持つ。,An indestructible mighty bow forged from{j}high-quality materials by a master craftsman. It is{j}tough enough to be used for a lifetime.
3026,高品質な素材を熟練の職人が{j}鍛え上げた不壊の剛弓。生涯{j}使い続けられる強靭さを持つ。,An indestructible mighty bow forged from{j}high-quality materials by a master craftsman. It is{j}tough enough to be used for a lifetime.
3027,高品質な素材を熟練の職人が{j}鍛え上げた不壊の剛弓。{j}{c11}≪ＨＣ武器≫{/c},An indestructible mighty bow forged{j}from high-quality materials by a master craftsman.{j}{c11}≪HC Weapon≫{/c}
3028,高品質な素材を熟練の職人が{j}鍛え上げた不壊の剛弓。生涯{j}使い続けられる強靭さを持つ。,An indestructible mighty bow forged from{j}high-quality materials by a master craftsman. It is{j}tough enough to be used for a lifetime.
3029,高品質な素材を熟練の職人が{j}鍛え上げた不壊の剛弓。生涯{j}使い続けられる強靭さを持つ。,An indestructible mighty bow forged from{j}high-quality materials by a master craftsman. It is{j}tough enough to be used for a lifetime.
3030,高品質な素材を熟練の職人が{j}鍛え上げた不壊の剛弓。生涯{j}使い続けられる強靭さを持つ。,An indestructible mighty bow forged from{j}high-quality materials by a master craftsman. It is{j}tough enough to be used for a lifetime.
3031,高品質な素材を熟練の職人が{j}鍛え上げた不壊の剛弓。生涯{j}使い続けられる強靭さを持つ。,An indestructible mighty bow forged from{j}high-quality materials by a master craftsman. It is{j}tough enough to be used for a lifetime.
3032,高品質な素材を熟練の職人が{j}鍛え上げた不壊の剛弓。{j}{c11}≪ＨＣ武器≫{/c},An indestructible mighty bow forged{j}from high-quality materials by a master craftsman.{j}{c11}≪HC Weapon≫{/c}
3033,高品質な素材を熟練の職人が{j}鍛え上げた不壊の剛弓。生涯{j}使い続けられる強靭さを持つ。,An indestructible mighty bow forged from{j}high-quality materials by a master craftsman. It is{j}tough enough to be used for a lifetime.
3034,高品質な素材を熟練の職人が{j}鍛え上げた不壊の剛弓。生涯{j}使い続けられる強靭さを持つ。,An indestructible mighty bow forged from{j}high-quality materials by a master craftsman. It is{j}tough enough to be used for a lifetime.
3035,高品質な素材を熟練の職人が{j}鍛え上げた不壊の剛弓。生涯{j}使い続けられる強靭さを持つ。,An indestructible mighty bow forged from{j}high-quality materials by a master craftsman. It is{j}tough enough to be used for a lifetime.
3036,高品質な素材を熟練の職人が{j}鍛え上げた不壊の剛弓。生涯{j}使い続けられる強靭さを持つ。,An indestructible mighty bow forged from{j}high-quality materials by a master craftsman. It is{j}tough enough to be used for a lifetime.
3037,高品質な素材を熟練の職人が{j}鍛え上げた不壊の剛弓。{j}{c11}≪ＨＣ武器≫{/c},An indestructible mighty bow forged{j}from high-quality materials by a master craftsman.{j}{c11}≪HC Weapon≫{/c}
3038,高品質な素材を熟練の職人が{j}鍛え上げた不壊の剛弓。生涯{j}使い続けられる強靭さを持つ。,An indestructible mighty bow forged from{j}high-quality materials by a master craftsman. It is{j}tough enough to be used for a lifetime.
3039,高品質な素材を熟練の職人が{j}鍛え上げた不壊の剛弓。生涯{j}使い続けられる強靭さを持つ。,An indestructible mighty bow forged from{j}high-quality materials by a master craftsman. It is{j}tough enough to be used for a lifetime.
3040,高品質な素材を熟練の職人が{j}鍛え上げた不壊の剛弓。生涯{j}使い続けられる強靭さを持つ。,An indestructible mighty bow forged from{j}high-quality materials by a master craftsman. It is{j}tough enough to be used for a lifetime.
3041,高品質な素材を熟練の職人が{j}鍛え上げた不壊の剛弓。生涯{j}使い続けられる強靭さを持つ。,An indestructible mighty bow forged from{j}high-quality materials by a master craftsman. It is{j}tough enough to be used for a lifetime.
3042,高品質な素材を熟練の職人が{j}鍛え上げた不壊の剛弓。{j}{c11}≪ＨＣ武器≫{/c},An indestructible mighty bow forged{j}from high-quality materials by a master craftsman.{j}{c11}≪HC Weapon≫{/c}
3043,高品質な素材を熟練の職人が{j}鍛え上げた不壊の剛弓。生涯{j}使い続けられる強靭さを持つ。,An indestructible mighty bow forged from{j}high-quality materials by a master craftsman. It is{j}tough enough to be used for a lifetime.
3044,高品質な素材を熟練の職人が{j}鍛え上げた不壊の剛弓。生涯{j}使い続けられる強靭さを持つ。,An indestructible mighty bow forged from{j}high-quality materials by a master craftsman. It is{j}tough enough to be used for a lifetime.
3045,高品質な素材を熟練の職人が{j}鍛え上げた不壊の剛弓。生涯{j}使い続けられる強靭さを持つ。,An indestructible mighty bow forged from{j}high-quality materials by a master craftsman. It is{j}tough enough to be used for a lifetime.
3046,高品質な素材を熟練の職人が{j}鍛え上げた不壊の剛弓。生涯{j}使い続けられる強靭さを持つ。,An indestructible mighty bow forged from{j}high-quality materials by a master craftsman. It is{j}tough enough to be used for a lifetime.
3047,高品質な素材を熟練の職人が{j}鍛え上げた不壊の剛弓。{j}{c11}≪ＨＣ武器≫{/c},An indestructible mighty bow forged{j}from high-quality materials by a master craftsman.{j}{c11}≪HC Weapon≫{/c}
3048,高品質な素材を熟練の職人が{j}鍛え上げた不壊の剛弓。生涯{j}使い続けられる強靭さを持つ。,An indestructible mighty bow forged from{j}high-quality materials by a master craftsman. It is{j}tough enough to be used for a lifetime.
3049,婚約した二人の幸せを祈って{j}作られた儀式用の弓。二人で{j}弓を引き、空へ向かって放つ。,A ceremonial Bow crafted to pray for the happiness{j}of an engaged couple. Together they draw the Bow{j}and loose it toward the sky.
3050,永遠の愛を誓う二人の幸せを{j}祈り作られた弓。悪いものか{j}ら二人を護る効果があるとか。,A bow crafted to pray for the happiness of two who{j}swear eternal love. It is said to protect the two{j}from evil things.
3051,永遠の愛を誓う二人の幸せを{j}祈り作られた弓。{j}{c16}≪親方印≫{/c},A bow crafted to pray{j}for the happiness of two who swear eternal love.{j}{c16}≪Master Mark≫{/c}
3052,いつまでも二人で一緒に{j}過ごせるようにと祈りが{j}込められた弓。{c11}≪ＨＣ武器≫{/c},"A bow,{j}so the two may always be together,{j}into which a prayer has been imbued.{c11}≪HC Weapon≫{/c}"
3053,明るい未来へ羽ばたく二人の{j}幸せを祈り作られた弓。{j}赤いリボンは、運命の愛の証。,A bow made to wish happiness for the two who take{j}flight toward a bright future. The red ribbon is{j}proof of destined love.
3054,東方に伝わる伝説を題材にし、{j}作られた軽弩。{c03}LV1 貫通弾{/c}と{j}{c03}水冷弾{/c}が{c03}速射{/c}可能。,A Light Bowgun crafted{j}with a legend passed down in the East as its theme.{c03}Lv1 Pierce S{/c}and{j}{c03}Water S{/c}can be{c03}Rapid Fired{/c}.
3055,東方に伝わる伝説を題材にし、{j}作られた軽弩。{c03}LV1 貫通弾{/c}と{j}{c03}水冷弾{/c}が{c03}速射{/c}可能。,A Light Bowgun crafted{j}with a legend passed down in the East as its theme.{c03}Lv1 Pierce S{/c}and{j}{c03}Water S{/c}can be{c03}Rapid Fired{/c}.
3056,東方に伝わる伝説を題材にし、{j}作られた軽弩。{c03}LV1 貫通弾{/c}と{j}{c03}水冷弾{/c}が{c03}速射{/c}可能。{c16}≪親方印≫{/c},A Light Bowgun crafted{j}with a legend passed down in the East as its theme.{c03}Lv1 Pierce S{/c}and{j}{c03}Water S{/c}can be{c03}Rapid Fired{/c}.{c16}≪Master Mark≫{/c}
3057,東方の伝説を題材に作られた{j}軽弩。{c03}LV1 貫通弾{/c}と{c03}水冷弾{/c}{j}が{c03}速射{/c}可能。{c11}≪ＨＣ武器≫{/c},A{j}Light Bowgun made with an Eastern legend as its theme.{c03}LV1 Pierce Ammo{/c}and{c03}Water Coolant Ammo{/c}{j}can{c03}rapid-fire{/c}.{c11}≪HC Weapon≫{/c}
3058,東方に伝わる伝説を題材にし、{j}作られた軽弩。{c03}LV1 貫通弾{/c}と{j}{c03}水冷弾{/c}が{c03}速射{/c}可能。,A Light Bowgun crafted{j}with a legend passed down in the East as its theme.{c03}Lv1 Pierce S{/c}and{j}{c03}Water S{/c}can be{c03}Rapid Fired{/c}.
3059,花畑に住んでいる獣人種を{j}模して作られたボウガン。{j}パチンコ部分はただの飾り。,A bowgun modeled after the beastman race that{j}dwells in the flower fields. The slingshot portion{j}is merely decoration.
3060,花畑に住んでいる獣人種を{j}模して作られたボウガン。{j}銃身はこだわりの木造。,A bowgun modeled after the beastman race that{j}dwells in the flower fields. The barrel is a{j}meticulously crafted wooden piece.
3061,愛らしいウルキーを模して{j}作られたボウガン。わずかに{j}花の香りがする。{c16}≪親方印≫{/c},A bowgun crafted{j}in the likeness of an adorable Uruki. It has a faint{j}scent of flowers.{c16}≪Master Mark≫{/c}
3062,愛らしいウルキーを模して{j}作られたボウガン。見た目{j}より頑丈。{c11}≪ＨＣ武器≫{/c},A bowgun crafted{j}in the likeness of an adorable Uruki. Sturdier than it looks{j}.{c11}≪HC Weapon≫{/c}
3063,ウルキーをこよなく愛する{j}職人が作り上げた逸品。{j}細かく手作業で作られている。,A masterpiece created by an{j}artisan who loves Uruki dearly.{j}It is finely handcrafted.
3064,機能美を追求して作られた弓。{j}複雑な構造をしているが手入{j}れはしやすくなっている。,"A bow built in pursuit of functional beauty.{j}Its structure is complex, yet{j}it is easy to maintain."
3065,機能美を追求して作られた弓。{j}特殊な構造により誰でも軽く{j}引くことができる。,A bow built in pursuit of functional beauty.{j}Its special structure lets anyone{j}draw it with ease.
3066,機能美を追求して作られた弓。{j}どんな体勢でも、まっすぐに{j}矢を放つ事が可能。{c16}≪親方印≫{/c},A bow built in pursuit of functional beauty.{j}It can fire arrows{j}straight from any stance.{c16}≪Master Mark≫{/c}
3067,機能美を追求して作られた弓。{j}手入れをするときは一度全て{j}ばらしてから。{c11}≪ＨＣ武器≫{/c},"A bow built in pursuit of functional beauty.{j}When servicing it, first take{j}the whole thing apart.{c11}≪HC Weapon≫{/c}"
3068,ある熟練の職人が、機能美を{j}突き詰めて作り上げた逸品。{j}壊れにくく、軽く、強力。,"A masterpiece a skilled smith{j}perfected in pursuit of functional beauty.{j}Hard to break, light, and powerful."
3069,銀の装飾が施された黒い軽弩。{j}名工謹製の逸品。{c03}LV1 貫通弾{/c}{j}が{c03}速射{/c}対応。,A black Light Bowgun adorned with silver ornaments.{j}A masterpiece by a master craftsman.{c03}LV1 Pierce Ammo{/c}{j}supports{c03}Rapid Fire{/c}.
3070,銀の装飾が施された黒い軽弩。{j}名工謹製の逸品。{c03}LV1 貫通弾{/c}{j}が{c03}速射{/c}対応。,A black Light Bowgun adorned with silver ornaments.{j}A masterpiece by a master craftsman.{c03}LV1 Pierce Ammo{/c}{j}supports{c03}Rapid Fire{/c}.
3071,銀の装飾が施された黒い軽弩。{j}名工謹製の逸品。{c03}LV1 貫通弾{/c}{j}が{c03}速射{/c}対応。{c16}≪親方印≫{/c},A black Light Bowgun adorned with silver ornaments.{j}A masterpiece by a master craftsman.{c03}LV1 Pierce Ammo{/c}{j}supports{c03}Rapid Fire{/c}.{c16}≪Master Mark≫{/c}
3072,銀の装飾が施された黒い軽弩。{j}名工謹製の逸品。{c03}LV1 貫通弾{/c}{j}が{c03}速射{/c}対応。{c11}≪ＨＣ武器≫{/c},A black Light Bowgun adorned with silver ornaments.{j}A masterpiece by a master craftsman.{c03}LV1 Pierce Ammo{/c}{j}supports{c03}Rapid Fire{/c}.{c11}≪HC Weapon≫{/c}
3073,銀の装飾が施された黒い軽弩。{j}至高の逸品。{c03}LV1 貫通弾{/c}{j}が{c03}速射{/c}対応。,A black Light Bowgun adorned with silver ornaments.{j}A supreme masterpiece.{c03}LV1 Pierce Ammo{/c}{j}supports{c03}Rapid Fire{/c}.
3074,銀の装飾が施された黒い重弩。{j}儀礼用だが実用性も{j}兼ね備えた名工謹製の逸品。,"A black Heavy Bowgun adorned with silver ornaments.{j}A masterpiece by a master craftsman that, while for{j}ceremonies, possesses practicality as well."
3075,銀の装飾が施された黒い重弩。{j}儀礼用だが実用性も{j}兼ね備えた名工謹製の逸品。,"A black Heavy Bowgun adorned with silver ornaments.{j}A masterpiece by a master craftsman that, while for{j}ceremonies, possesses practicality as well."
3076,銀の装飾が施された黒い重弩。{j}名工謹製の逸品。{j}{c16}≪親方印≫{/c},A black Heavy Bowgun adorned with silver ornaments.{j}A masterpiece by a master craftsman.{j}{c16}≪Master Mark≫{/c}
3077,銀の装飾が施された黒い重弩。{j}名工謹製の逸品。{j}{c11}≪ＨＣ武器≫{/c},A black Heavy Bowgun adorned with silver ornaments.{j}A masterpiece by a master craftsman.{j}{c11}≪HC Weapon≫{/c}
3078,銀の装飾が施された黒い重弩。{j}儀礼用であったものを鍛え、{j}至高の逸品へと昇華した。,"A black Heavy Bowgun adorned with silver ornaments.{j}Forged from what was a ceremonial piece,{j}it has been elevated to a supreme masterpiece."
3079,銀の装飾が施された黒い弓。{j}儀礼用だが実用性も{j}兼ね備えた名工謹製の逸品。,"Black Bow adorned with silver decorations. Though{j}ceremonial, this masterpiece by a master craftsman{j}also has practical use."
3080,銀の装飾が施された黒い弓。{j}儀礼用だが実用性も{j}兼ね備えた名工謹製の逸品。,"Black Bow adorned with silver decorations. Though{j}ceremonial, this masterpiece by a master craftsman{j}also has practical use."
3081,銀の装飾が施された黒い弓。{j}名工謹製の逸品。{j}{c16}≪親方印≫{/c},A black bow adorned with silver ornaments.{j}A masterpiece by a master craftsman.{j}{c16}≪Master Mark≫{/c}
3082,銀の装飾が施された黒い弓。{j}名工謹製の逸品。{j}{c11}≪ＨＣ武器≫{/c},Black Bow adorned with silver decorations.{j}A masterpiece by a master craftsman.{j}{c11}≪HC Weapon≫{/c}
3083,銀の装飾が施された黒い弓。{j}儀礼用であったものを鍛え、{j}至高の逸品へと昇華した。,"Black Bow adorned with silver decorations.{j}Reforged from a ceremonial piece,{j}elevated to a supreme masterpiece."
3084,とある地方の祭器を模した{j}重弩。開運を願い作られた{j}とされる。,A Heavy Bowgun modeled on a certain region's ritual{j}implement. It is said to have been crafted in hopes{j}of good fortune.
3085,とある地方の祭器を模した{j}重弩。開運を願い作られた{j}とされる。,A Heavy Bowgun modeled on a certain region's ritual{j}implement. It is said to have been crafted in hopes{j}of good fortune.
3086,とある地方の祭器を模した{j}重弩。開運を願い作られた{j}とされる。,A Heavy Bowgun modeled on a certain region's ritual{j}implement. It is said to have been crafted in hopes{j}of good fortune.
3087,とある地方の祭器を模した{j}重弩。開運を願い作られた{j}とされる。{c11}≪ＨＣ武器≫{/c},A Heavy Bowgun{j}modeled on a certain region's ritual implement. It is said to have been{j}crafted in hopes of good fortune.{c11}≪HC Weapon≫{/c}
3088,とある地方の祭器を模した{j}重弩。福を招き、良い{j}廻り合わせを作るという。,A Heavy Bowgun modeled on a certain region's ritual{j}implement. It is said to invite good fortune and{j}bring about good turns of fate.
3089,とある地方の祭器を模した{j}重弩。福を招き、良い{j}廻り合わせを作るという。,A Heavy Bowgun modeled on a certain region's ritual{j}implement. It is said to invite good fortune and{j}bring about good turns of fate.
3090,精霊の加護を信じる一族が{j}扱っていた白い弓。{j}狙った場所を正確に撃ちぬく。,A white bow wielded by a tribe that believes in the{j}protection of spirits. It accurately pierces the{j}intended spot.
3091,精霊の加護を信じる一族が{j}扱っていた白い弓。放たれた{j}矢は美しい軌跡を残して飛ぶ。,"A white bow wielded by a tribe that believes in the{j}protection of spirits. The arrow it fires flies,{j}leaving a beautiful trail."
3092,神秘的な装飾が施された{j}ヘビィボウガン。見た目に{j}反し、高火力。,"A Heavy Bowgun adorned with mysterious{j}decoration. Despite its looks,{j}it boasts high firepower."
3093,神秘的な装飾が施された{j}ヘビィボウガン。見た目に{j}反し、高火力。,"A Heavy Bowgun adorned with mysterious{j}decoration. Despite its looks,{j}it boasts high firepower."
3094,覇竜の素材を使用した弓。{j}獄炎の覇王の剛健な弓矢は、{j}屈強なハンターのみ扱える。,A Bow made from Conqueror Dragon materials.{j}The sturdy bow and arrows of the Hellfire Tyrant{j}can be handled only by a mighty Hunter.
3095,晶竜の強靭な鱗と結晶から{j}生み出された弓。射抜かれ{j}ればひとたまりもない。,"A Bow born from the tough scales and crystals of{j}Crystal Dragon. Once pierced by its arrow, none can{j}stand."
3096,吹き矢好きのアイルーが住む{j}という茶釜。{c03}Lv2 通常弾{/c}が{j}{c03}速射{/c}対応。{c04}≪遷悠武器≫{/c},A teakettle{j}inhabited by a blowgun-loving Felyne.{c03}Supports{/c}{j}{c03}rapid fire{/c}of Lv2 Normal Ammo.{c04}≪Exotic Weapon≫{/c}
3097,吹き矢好きのアイルーが住む{j}という茶釜。{c03}Lv2 通常弾{/c}が{j}{c03}速射{/c}対応。{c04}≪遷悠武器≫{/c},A teakettle{j}inhabited by a blowgun-loving Felyne.{c03}Supports{/c}{j}{c03}rapid fire{/c}of Lv2 Normal Ammo.{c04}≪Exotic Weapon≫{/c}
3098,凶悪な砂漠の猛者の力を{j}黒き刃に封じ込めた重弩。{j}暴君の名が相応しい威力。,A Heavy Bowgun that sealed the power of a ferocious{j}desert champion into a black blade. Its might is{j}worthy of the name Tyrant.
3099,怒貌竜の手の形を模した弓。{j}強力な猛毒で相手を射る。{j}{c02}≪剛種武器≫{/c},A bow modeled after the Raging Visage Dragon's hand.{j}It pierces foes with a potent venom.{j}{c02}≪Gou Weapon≫{/c}
3100,怒貌竜の手の形を模した弓。{j}強力な猛毒で相手を射る。{j}{c02}≪天嵐武器≫{/c},A bow modeled after the Raging Visage Dragon's hand.{j}It pierces foes with a potent venom.{j}{c02}≪Tenran Weapon≫{/c}
3101,怒貌竜の手の形を模した弓。{j}強力な猛毒で相手を射る。{j}{c02}≪覇種武器≫{/c},A bow modeled after the Raging Visage Dragon's hand.{j}It pierces foes with a potent venom.{j}{c02}≪Supremacy Weapon≫{/c}
3102,怒貌竜の手の形を模した弓。{j}強力な猛毒で相手を射る。{j}{c02}≪Ｇ級覇種≫{/c},A bow modeled after the Raging Visage Dragon's hand.{j}It pierces foes with a potent venom.{j}{c02}≪G-Rank Supremacy≫{/c}
3103,怒貌竜の手の形を模した弓。{j}強力な猛毒で相手を射る。{j}{c02}≪烈種武器：逆鱗≫{/c},A bow modeled after the Raging Visage Dragon's hand.{j}It pierces foes with a potent venom.{j}{c02}≪Burst Weapon: Wrath Awoken≫{/c}
3104,怒貌竜の手の形を模した弓。{j}強力な猛毒で相手を射る。{j}{c02}≪始種武器：ブチギレ≫{/c},A bow modeled after the Raging Visage Dragon's hand.{j}It pierces foes with a potent venom.{j}{c02}≪Origin Weapon: Buchigire≫{/c}
3105,怒貌竜の手の形を模した{j}姿が人気の高い弓。{j}恐ろしいまでに毒性が高い。,"A bow modeled after the Raging Visage Dragon's{j}hand, whose looks are highly popular. Its toxicity{j}is terrifyingly high."
3106,砂漠に生息する孤高の竜の{j}力を受け継いだ重弩。砂漠に{j}大穴を開けた威力をもつとも。,A Heavy Bowgun that inherits the power of the{j}solitary dragon that dwells in the desert. Said to{j}blast a great hole in the desert.
3107,装飾の施された紫色の重弩。{j}儀礼用だが実用性も{j}兼ね備えた名工謹製の逸品。,"A decorated purple Heavy Bowgun. Ceremonial, yet{j}also practical--a masterpiece by a master{j}craftsman."
3108,装飾の施された紫色の重弩。{j}儀礼用だが実用性も{j}兼ね備えた名工謹製の逸品。,"A decorated purple Heavy Bowgun. Ceremonial, yet{j}also practical--a masterpiece by a master{j}craftsman."
3109,装飾の施された紫色の重弩。{j}名工謹製の逸品。{j}{c16}≪親方印≫{/c},A decorated purple Heavy Bowgun.{j}A masterpiece by a master craftsman.{j}{c16}≪Master Mark≫{/c}
3110,装飾の施された紫色の重弩。{j}名工謹製の逸品。{j}{c11}≪ＨＣ武器≫{/c},A decorated purple Heavy Bowgun.{j}A masterpiece by a master craftsman.{j}{c11}≪HC Weapon≫{/c}
3111,装飾が施された紫色の重弩。{j}儀礼用であったものを鍛え、{j}至高の逸品へと昇華した。,"A purple Heavy Bowgun adorned with decorations.{j}Forged from a ceremonial piece,{j}it has been elevated to a supreme masterpiece."
3112,装飾の施された紫色の軽弩。{j}名工謹製の逸品。{c03}LV2 通常弾{/c}{j}が{c03}速射{/c}対応。,A decorated purple Light Bowgun.{j}A masterpiece by a master craftsman.{c03}LV2 Normal Ammo{/c}{j}can{c03}Rapid Fire{/c}.
3113,装飾の施された紫色の軽弩。{j}名工謹製の逸品。{c03}LV2 通常弾{/c}{j}が{c03}速射{/c}対応。,A decorated purple Light Bowgun.{j}A masterpiece by a master craftsman.{c03}LV2 Normal Ammo{/c}{j}can{c03}Rapid Fire{/c}.
3114,装飾の施された紫色の軽弩。{j}名工謹製の逸品。{c03}LV2 通常弾{/c}{j}が{c03}速射{/c}対応。{c16}≪親方印≫{/c},A decorated purple Light Bowgun.{j}A masterpiece by a master craftsman.{c03}LV2 Normal Ammo{/c}{j}can{c03}Rapid Fire{/c}.{c16}≪Master Mark≫{/c}
3115,装飾の施された紫色の軽弩。{j}名工謹製の逸品。{c03}LV2 通常弾{/c}{j}が{c03}速射{/c}対応。{c11}≪ＨＣ武器≫{/c},A decorated purple Light Bowgun.{j}A masterpiece by a master craftsman.{c03}LV2 Normal Ammo{/c}{j}can{c03}Rapid Fire{/c}.{c11}≪HC Weapon≫{/c}
3116,儀礼用だが、実用性も重視し{j}て作られた紫の軽弩。{j}{c03}LV2 通常弾{/c}が{c03}速射{/c}対応。,"A purple light bowgun made for rituals, yet also{j}built with practicality in mind.{j}{c03}LV2 Normal Ammo{/c}is{c03}rapid-fire{/c}capable."
3117,知略に富んだハンターが練り{j}だした軽弩。{c03}LV1 貫通弾{/c}が{j}{c03}速射{/c}対応。,A Light Bowgun{j}refined by a resourceful Hunter.{c03}LV1 Pierce S{/c}supports{j}{c03}Rapid Fire{/c}.
3118,知略に富んだハンターが練り{j}だした軽弩。{c03}LV1 貫通弾{/c}が{j}{c03}速射{/c}対応。,A Light Bowgun{j}refined by a resourceful Hunter.{c03}LV1 Pierce S{/c}supports{j}{c03}Rapid Fire{/c}.
3119,知略に富んだハンターが練り{j}だした軽弩。{c03}LV1 貫通弾{/c}が{j}{c03}速射{/c}対応。,A Light Bowgun{j}refined by a resourceful Hunter.{c03}LV1 Pierce S{/c}supports{j}{c03}Rapid Fire{/c}.
3120,知略に富んだハンターが練り{j}だした軽弩。{c03}LV1 貫通弾{/c}が{j}{c03}速射{/c}対応。,A Light Bowgun{j}refined by a resourceful Hunter.{c03}LV1 Pierce S{/c}supports{j}{c03}Rapid Fire{/c}.
3121,知略に富んだハンターが練り{j}だした軽弩。{c03}LV1 貫通弾{/c}が{j}{c03}速射{/c}対応。{c11}≪ＨＣ武器≫{/c},A Light Bowgun{j}refined by a resourceful Hunter.{c03}LV1 Pierce S{/c}supports{j}{c03}Rapid Fire{/c}.{c11}≪HC Weapon≫{/c}
3122,知略に富んだハンターが練り{j}だした軽弩。{c03}LV1 貫通弾{/c}が{j}{c03}速射{/c}対応。,A Light Bowgun{j}refined by a resourceful Hunter.{c03}LV1 Pierce S{/c}supports{j}{c03}Rapid Fire{/c}.
3123,知略に富んだハンターが練り{j}だした軽弩。{c03}LV1 貫通弾{/c}が{j}{c03}速射{/c}対応。,A Light Bowgun{j}refined by a resourceful Hunter.{c03}LV1 Pierce S{/c}supports{j}{c03}Rapid Fire{/c}.
3124,知略に富んだハンターが練り{j}だした軽弩。{c03}LV2 通常弾{/c}と{j}{c03}氷結弾{/c}が{c03}速射{/c}対応。,A Light Bowgun{j}refined by a resourceful Hunter.{c03}LV2 Normal S{/c}and{j}{c03}Freeze S{/c}support{c03}Rapid Fire{/c}.
3125,知略に富んだハンターが練り{j}だした軽弩。{c03}LV2 通常弾{/c}と{j}{c03}氷結弾{/c}が{c03}速射{/c}対応。,A Light Bowgun{j}refined by a resourceful Hunter.{c03}LV2 Normal S{/c}and{j}{c03}Freeze S{/c}support{c03}Rapid Fire{/c}.
3126,知略に富んだハンターが練り{j}だした軽弩。{c03}LV2 通常弾{/c}と{j}{c03}氷結弾{/c}が{c03}速射{/c}対応。,A Light Bowgun{j}refined by a resourceful Hunter.{c03}LV2 Normal S{/c}and{j}{c03}Freeze S{/c}support{c03}Rapid Fire{/c}.
3127,知略に富んだハンターが練り{j}だした軽弩。{c03}LV2 通常弾{/c}と{j}{c03}氷結弾{/c}が{c03}速射{/c}対応。,A Light Bowgun{j}refined by a resourceful Hunter.{c03}LV2 Normal S{/c}and{j}{c03}Freeze S{/c}support{c03}Rapid Fire{/c}.
3128,知略的ハンターの軽弩。{j}{c03}LV2 通常弾{/c}と{c03}氷結弾{/c}が{j}{c03}速射{/c}対応。{c11}≪ＨＣ武器≫{/c},A resourceful Hunter's Light Bowgun.{j}{c03}LV2 Normal S{/c}and{c03}Freeze S{/c}support{j}{c03}Rapid Fire{/c}.{c11}≪HC Weapon≫{/c}
3129,知略に富んだハンターが練り{j}だした軽弩。{c03}LV2 通常弾{/c}と{j}{c03}氷結弾{/c}が{c03}速射{/c}対応。,A Light Bowgun{j}refined by a resourceful Hunter.{c03}LV2 Normal S{/c}and{j}{c03}Freeze S{/c}support{c03}Rapid Fire{/c}.
3130,知略に富んだハンターが練り{j}だした軽弩。{c03}LV2 通常弾{/c}と{j}{c03}氷結弾{/c}が{c03}速射{/c}対応。,A Light Bowgun{j}refined by a resourceful Hunter.{c03}LV2 Normal S{/c}and{j}{c03}Freeze S{/c}support{c03}Rapid Fire{/c}.
3131,最果テノ地ニ住マウ龍ヨリ{j}造ラレシ終焉ノ弓。{j}凍エル未来ヲ熾ス。,"A bow of finality, forged from the dragon that{j}dwells in the farthest land. It sets a frozen{j}future ablaze."
3132,最果テノ地ニ住マウ龍ヨリ{j}造ラレシ終焉ノ弓。{j}凍エル未来ヲ熾ス。,"A bow of finality, forged from the dragon that{j}dwells in the farthest land. It sets a frozen{j}future ablaze."
3133,最果テノ地ニ住マウ龍ヨリ{j}造ラレシ終焉ノ弓。{j}凍エル未来ヲ熾ス。,"A bow of finality, forged from the dragon that{j}dwells in the farthest land. It sets a frozen{j}future ablaze."
3134,最果テノ地ニ住マウ龍ヨリ{j}造ラレシ終焉ノ弓。{j}凍エル未来ヲ熾ス。,"A bow of finality, forged from the dragon that{j}dwells in the farthest land. It sets a frozen{j}future ablaze."
3135,最果テノ地ニ住マウ龍ヨリ{j}造ラレシ終焉ノ弓。{j}{c11}≪ＨＣ武器≫{/c},A Bow of Demise forged{j}from the dragon that dwells in the farthest land.{j}{c11}≪HC Weapon≫{/c}
3136,最果テノ地ニ住マウ龍ヨリ{j}造ラレシ終焉ノ弓。{j}凍エル未来ヲ熾ス。,"A bow of finality, forged from the dragon that{j}dwells in the farthest land. It sets a frozen{j}future ablaze."
3137,最果テノ地ニ住マウ龍ヨリ{j}造ラレシ終焉ノ弓。{j}凍エル未来ヲ熾ス。,"A bow of finality, forged from the dragon that{j}dwells in the farthest land. It sets a frozen{j}future ablaze."
3138,最果テノ地ニ住マウ龍ヨリ{j}造ラレシ終焉ノ弓。{j}凍エル未来ヲ熾ス。,"A bow of finality, forged from the dragon that{j}dwells in the farthest land. It sets a frozen{j}future ablaze."
3139,最果テノ地ニ住マウ龍ヨリ{j}造ラレシ終焉ノ弓。{j}凍エル未来ヲ熾ス。,"A bow of finality, forged from the dragon that{j}dwells in the farthest land. It sets a frozen{j}future ablaze."
3140,最果テノ地ニ住マウ龍ヨリ{j}造ラレシ終焉ノ弓。{j}凍エル未来ヲ熾ス。,"A bow of finality, forged from the dragon that{j}dwells in the farthest land. It sets a frozen{j}future ablaze."
3141,最果テノ地ニ住マウ龍ヨリ{j}造ラレシ終焉ノ弓。{j}凍エル未来ヲ熾ス。,"A bow of finality, forged from the dragon that{j}dwells in the farthest land. It sets a frozen{j}future ablaze."
3142,最果テノ地ニ住マウ龍ヨリ{j}造ラレシ終焉ノ弓。{j}{c11}≪ＨＣ武器≫{/c},A Bow of Demise forged{j}from the dragon that dwells in the farthest land.{j}{c11}≪HC Weapon≫{/c}
3143,最果テノ地ニ住マウ龍ヨリ{j}造ラレシ終焉ノ弓。{j}凍エル未来ヲ熾ス。,"A bow of finality, forged from the dragon that{j}dwells in the farthest land. It sets a frozen{j}future ablaze."
3144,最果テノ地ニ住マウ龍ヨリ{j}造ラレシ終焉ノ弓。{j}凍エル未来ヲ熾ス。,"A bow of finality, forged from the dragon that{j}dwells in the farthest land. It sets a frozen{j}future ablaze."
3145,異世界にて「ヤシマ作戦」と{j}呼ばれた作戦で使用された{j}長距離射撃武器を模した重弩。,Heavy Bowgun modeled after a long-range shooting{j}weapon used in the operation called 'Operation{j}Yashima' in another world.
3146,異世界にて「ヤシマ作戦」と{j}呼ばれた作戦で使用された{j}長距離射撃武器を模した重弩。,Heavy Bowgun modeled after a long-range shooting{j}weapon used in the operation called 'Operation{j}Yashima' in another world.
3147,異世界にて「ヤシマ作戦」と{j}呼ばれた作戦で使用された{j}長距離射撃武器を模した重弩。,Heavy Bowgun modeled after a long-range shooting{j}weapon used in the operation called 'Operation{j}Yashima' in another world.
3148,異世界の作戦で使用された{j}長距離射撃武器を模した重弩。{j}{c11}≪ＨＣ武器≫{/c},A Heavy Bowgun modeled after the{j}long-range weapon used in an operation in another world.{j}{c11}≪HC Weapon≫{/c}
3149,異世界にて「ヤシマ作戦」と{j}呼ばれた作戦で使用された{j}長距離射撃武器を模した重弩。,Heavy Bowgun modeled after a long-range shooting{j}weapon used in the operation called 'Operation{j}Yashima' in another world.
3150,異世界にて「ヤシマ作戦」と{j}呼ばれた作戦で使用された{j}長距離射撃武器を模した重弩。,Heavy Bowgun modeled after a long-range shooting{j}weapon used in the operation called 'Operation{j}Yashima' in another world.
3151,金色に輝く微小生物の素材で{j}作られた弓。軽さに反して{j}威力は絶大。,"A Bow made from the materials of tiny creatures{j}that shine gold. Despite its lightness, its power{j}is immense."
3152,金色に輝く微小生物の素材で{j}作られた弓。生産数に限りが{j}あり大変貴重。,"A Bow made from the materials of tiny creatures{j}that shine gold. Production is limited, making it{j}extremely precious."
3153,巨大なモンスターの素材から{j}作られた軽弩。{c03}LV2 通常弾{/c}、{j}{c03}LV1 貫通弾{/c}の{c03}速射{/c}が可能。,"A Light Bowgun made from giant monster materials{j}.{c03}LV2 Normal Ammo{/c},{j}{c03}LV1 Pierce Ammo{/c}'s{c03}Rapid Fire{/c}is possible."
3154,巨大なモンスターの素材から{j}作られた軽弩。{c03}LV1 徹甲榴弾{/c}、{j}{c03}火炎弾{/c}の{c03}速射{/c}が可能。,"A Light Bowgun made from giant monster materials{j}.{c03}LV1 Crag Shot{/c},{j}{c03}Fire Ammo{/c}'s{c03}Rapid Fire{/c}is possible."
3155,強靭な氷獰竜の素材で作られ{j}た軽銃。{c03}氷結弾{/c}、{c03}LV1 貫通弾{/c}が{j}{c03}速射{/c}対応。{c11}≪Ｇ級技巧≫{/c},"A Light Bowgun{j}crafted from the sturdy materials of the Fierce Ice Wyvern.{c03}Ice Bullet{/c},{c03}LV1 Pierce{/c}support{j}{c03}Rapid Fire{/c}.{c11}≪G Finesse≫{/c}"
3156,爆狼を象徴するような弓。{j}その矢は対象を激しい炎で{j}焼き尽くす。{c11}≪Ｇ級技巧≫{/c},A bow that symbolizes the Blast Wolf.{j}Its arrows burn{j}targets away with fierce flames.{c11}≪G Finesse≫{/c}
3157,儀礼用だが、実用性も重視し{j}て作られた黒い軽弩。{c03}電撃弾{/c}、{j}{c03}LV1 貫通弾{/c}が{c03}速射{/c}対応。,"A black light bowgun made for ceremonial use, but{j}with practicality in mind.{c03}Thunder Ammo{/c}, and{j}{c03}LV1 Pierce Ammo{/c}can use{c03}Rapid Fire{/c}."
3158,装飾が施された黒い弓。{j}儀礼用であったものを鍛え、{j}至高の逸品へと昇華した。,"A decorated black Bow.{j}Forged from a ceremonial bow,{j}it has been elevated to a supreme masterpiece."
3159,弩の砲音は、山谷に響き渡り、{j}王の狩りの始まりを告げる。{j}{c03}電撃弾速射{/c}対応。{c04}≪遷悠武器≫{/c},"The roar of the bowgun echoes through the mountain valleys,{j}announcing the start of a king's hunt.{j}Supports{c03}Thunder Shot Rapid Fire{/c}.{c04}≪Exotic Weapon≫{/c}"
3160,弩の砲音は、山谷に響き渡り、{j}王の狩りの始まりを告げる。{j}{c03}電撃弾速射{/c}対応。{c04}≪遷悠武器≫{/c},"The roar of the bowgun echoes through the mountain valleys,{j}announcing the start of a king's hunt.{j}Supports{c03}Thunder Shot Rapid Fire{/c}.{c04}≪Exotic Weapon≫{/c}"
3161,使う者の意志の強さを力の糧と{j}する無双の弩。{j}{c04}≪遷悠武器≫{/c},A peerless bowgun that draws its power{j}from the strength of its user's will.{j}{c04}≪Exotic Weapon≫{/c}
3162,使う者の意志の強さを力の糧と{j}する無双の弩。{j}{c04}≪遷悠武器≫{/c},A peerless bowgun that draws its power{j}from the strength of its user's will.{j}{c04}≪Exotic Weapon≫{/c}
3163,世に名高き無双の王者の甲殻を{j}用いた弓。{j}{c04}≪遷悠武器≫{/c},A Bow{j}made from the carapace of the peerless king famed throughout the world.{j}{c04}≪Exotic Weapon≫{/c}
3164,世に名高き無双の王者の甲殻を{j}用いた弓。{j}{c04}≪遷悠武器≫{/c},A Bow{j}made from the carapace of the peerless king famed throughout the world.{j}{c04}≪Exotic Weapon≫{/c}
3165,世に名高き無双の王者の甲殻を{j}用いた弓。{j}{c04}≪遷悠武器≫{/c},A Bow{j}made from the carapace of the peerless king famed throughout the world.{j}{c04}≪Exotic Weapon≫{/c}
3166,太古の竜骨の周りに結晶が堆積{j}した大変珍しい素材を使用した{j}弓。{c04}≪遷悠武器≫{/c},Crystals have accumulated around the ancient dragon bone.{j}Used an extremely rare material{j}Bow.{c04}≪Exotic Weapon≫{/c}
3167,太古の竜骨の周りに結晶が堆積{j}した大変珍しい素材を使用した{j}弓。{c04}≪遷悠武器≫{/c},Crystals have accumulated around the ancient dragon bone.{j}Used an extremely rare material{j}Bow.{c04}≪Exotic Weapon≫{/c}
3168,太古の竜骨の周りに結晶が堆積{j}した大変珍しい素材を使用した{j}弓。{c04}≪遷悠武器≫{/c},Crystals have accumulated around the ancient dragon bone.{j}Used an extremely rare material{j}Bow.{c04}≪Exotic Weapon≫{/c}
3169,東の国の伝統技術で浮峰龍の{j}素材を活かした芸術性の高い{j}弓。{c02}≪剛種武器≫{/c},"A highly artistic{j}Bow that utilizes Pariapuria's{j}materials, crafted with traditional Eastern techniques.{c02}≪Gou Weapon≫{/c}"
3170,東の国の伝統技術で浮峰龍の{j}素材を活かした芸術性の高い{j}弓。{c02}≪天嵐武器≫{/c},"A highly artistic{j}Bow that utilizes Pariapuria's{j}materials, crafted with traditional Eastern techniques.{c02}≪Tenran Weapon≫{/c}"
3171,東の国の伝統技術で浮峰龍の{j}素材を活かした芸術性の高い{j}弓。{c02}≪覇種武器≫{/c},"A highly artistic{j}Bow that utilizes Pariapuria's{j}materials, crafted with traditional Eastern techniques.{c02}≪Supremacy Weapon≫{/c}"
3172,東の国の伝統技術で浮峰龍の{j}素材を活かした芸術性の高い{j}弓。{c02}≪Ｇ級覇種≫{/c},"A highly artistic{j}Bow that utilizes Pariapuria's{j}materials, crafted with traditional Eastern techniques.{c02}≪G-Rank Supremacy≫{/c}"
3173,東の国の伝統技術で浮峰龍の{j}素材を活かした芸術性の高い{j}弓。{c02}≪烈種武器：逆鱗≫{/c},"A highly artistic{j}Bow that utilizes Pariapuria's{j}materials, crafted with traditional Eastern techniques.{c02}≪Burst Weapon: Wrath Awoken≫{/c}"
3174,東の国の伝統技術で浮峰龍の{j}素材を活かした芸術性の高い{j}弓。{c02}≪始種武器：ブチギレ≫{/c},"A highly artistic{j}Bow that utilizes Pariapuria's{j}materials, crafted with traditional Eastern techniques.{c02}≪Origin Weapon: Buchigire≫{/c}"
3175,龍木が素材の至高の軽弩。{j}{c03}LV2 通常弾{/c}、{c03}LV1 散弾{/c}が{c03}超速射{/c}{j}対応。{c02}≪烈種武器：吸血+1≫{/c},"The ultimate Light Bowgun, forged from Dragonwood.{j}{c03}LV2 Normal Ammo{/c},{c03}LV1 Spread Ammo{/c}are{c03}Super Rapid Fire{/c}{j}Supported.{c02}≪Burst Weapon: Vampirism+1≫{/c}"
3176,龍木が素材の至高の軽弩。{j}{c03}LV2 通常弾{/c}、{c03}LV1 散弾{/c}が{c03}超速射{/c}{j}対応。{c02}≪始種武器：吸血+2≫{/c},"A supreme Light Bowgun made from Dragonwood.{j}{c03}LV2 Normal Ammo{/c},{c03}LV1 Spread Ammo{/c}are{c03}Rapid Fire{/c}{j}Supported.{c02}≪Origin Weapon: Vampirism+2≫{/c}"
3177,”排熱噴射機構”をそのままに{j}随所に改良を加えた重弩。{j}{c02}≪始種武器：回避距離UP≫{/c},"A Heavy Bowgun with the exhaust heat injection mechanism left intact{j}, improved in various places.{j}{c02}≪Origin Weapon: Evade Distance Up≫{/c}"
3178,弩岩竜の素材で作られた重弩。{j}狙い、構え、劇しく発射！{j}{c02}≪始種武器：回避距離UP≫{/c},"A Heavy Bowgun made from Crossbow Rock Dragon materials.{j}Aim, ready, and fire fiercely!{j}{c02}≪Origin Weapon: Evade Distance Up≫{/c}"
3179,雅翁龍の素材を用いた弓。{j}永久の眠りへと誘う。{j}{c02}≪始種武器：回避距離UP≫{/c},Bow crafted from Inagami materials.{j}Beckons you to eternal slumber.{j}{c02}≪Origin Weapon: Evade Distance Up≫{/c}
3180,凍てついた冬を越え新たな{j}春への息吹を感じさせる{j}剛弓。{c02}≪烈種武器：逆鱗≫{/c},A{j}mighty bow that makes you feel the{j}breath of a new spring after passing the frozen winter.{c02}≪Burst Weapon: Wrath Awoken≫{/c}
3181,冬を越え新たな春へと開花{j}した生命の力を宿す剛弓。{j}{c02}≪始種武器：ブチギレ≫{/c},A Hard Bow imbued with the power of life that{j}bloomed through winter into a new spring.{j}{c02}≪Origin Weapon: Buchigire≫{/c}
3182,天の歌声を紡ぐ竜の素材を{j}使用したオシャレな弓。{j}{c02}≪始種武器：吸血+2≫{/c},A stylish Bow made with the{j}materials of the dragon that weaves the song of the heavens.{j}{c02}≪Origin Weapon: Vampirism+2≫{/c}
3183,雷極龍の力を封じ込めた重砲。{j}主の雷鳴を再現したような{j}弾を放つ。{c11}≪Ｇ級技巧≫{/c},A Heavy Bowgun sealing the Thunder Emperor Dragon's power.{j}It fires rounds that seem to{j}reproduce its master's thunder.{c11}≪G Finesse≫{/c}
3184,闇の工房で製造されたと噂さ{j}れるほどに禍々しい姿が特徴。{j}{c04}≪遷悠武器≫{/c},Its sinister form is so striking that it is rumored{j}to have been made in a workshop of darkness.{j}{c04}≪Exotic Weapon≫{/c}
3185,飢えた牙は貪欲に獲物を狙い、{j}息絶え果ててなお圧力を放つ。{j}{c04}≪遷悠武器≫{/c},"Famished fangs greedily seek prey,{j}and even in death they radiate menace.{j}{c04}≪Exotic Weapon≫{/c}"
3186,砕竜の黒曜石質の甲殻を鋭く{j}切り出し銃身に採用した弩。{j}{c03}火炎弾速射{/c}対応。{c04}≪遷悠武器≫{/c},A bowgun whose barrel is cut sharply{j}from Brachydios's obsidian-like carapace.{j}{c03}Supports Flame S rapid fire.{/c}{c04}≪Exotic Weapon≫{/c}
3187,砕竜の爆発機構を銃身に取り込{j}んだ爆弩。{j}{c03}火炎弾速射{/c}対応。{c04}≪遷悠武器≫{/c},A bowgun that takes Brachydios's explosive{j}mechanism into its barrel.{j}{c03}Supports Flame S rapid fire.{/c}{c04}≪Exotic Weapon≫{/c}
3188,砕竜が持つ爆発特性を生かした{j}重弩。{j}{c04}≪遷悠武器≫{/c},A heavy bowgun{j}that utilizes Brachydios's explosive properties.{j}{c04}≪Exotic Weapon≫{/c}
3189,臨界直前の爆性粘菌を用いる{j}ことで放たれる剛弾は金属を{j}も穿つ。{c04}≪遷悠武器≫{/c},{j}The shots it fires by using explosive plasmodium on the verge of criticality{j}pierce even metal.{c04}≪Exotic Weapon≫{/c}
3190,深い青に淡い緑の色が映える{j}強弓。{j}{c04}≪遷悠武器≫{/c},A powerful Bow in deep blue{j}set off by faint green.{j}{c04}≪Exotic Weapon≫{/c}
3191,放つ度に爆撃を巻き起こし、{j}獲物を無慈悲に粉砕してゆく。{j}{c04}≪遷悠武器≫{/c},"Every shot unleashes a bombardment,{j}mercilessly crushing the prey.{j}{c04}≪Exotic Weapon≫{/c}"
3192,放つ度に爆撃を巻き起こし、{j}獲物を無慈悲に粉砕してゆく。{j}{c04}≪遷悠武器≫{/c},"Every shot unleashes a bombardment,{j}mercilessly crushing the prey.{j}{c04}≪Exotic Weapon≫{/c}"
3193,牙そのものの形状を活かした成{j}と頭部を模した藤頭が特徴的な{j}凍海獣の水弓。{c11}≪Ｇ級技巧≫{/c},"A water bow of the frozen sea beast,{j}, characterized by its form that makes use of the fang's very shape{j}and its wisteria head modeled after the head.{c11}≪G Finesse≫{/c}"
3194,猛き棘茶竜の力を具現化した{j}ライトボウガン。{c03}火炎弾{/c}、{j}{c03}LV1 徹甲榴弾{/c}の{c03}速射{/c}が可能。,"A{j}Light Bowgun that embodies the power of a fierce Thorn Tea Wyvern. Allows{c03}Flame Shots{/c},{j}{c03}LV1 Crag Shots{/c}to be{c03}rapid-fired{/c}."
3195,猛き棘茶竜の素材を使用する{j}ことで破壊力を顕現させた{j}特注のヘビィボウガン。,"By using{j}the materials of a fierce Thorn Tea Wyvern, this{j}custom Heavy Bowgun manifests destructive power."
3196,羽のように軽く、柔らかな{j}作りの軽弩。{c03}LV1 貫通弾{/c}の{j}{c03}速射{/c}が可能。,"A light bowgun of{j}soft, feather-light make.{c03}Capable of{/c}{j}{c03}rapid fire{/c}with LV1 Pierce S."
3197,雪の神に魅入られたその弩は、{j}氷結の弾丸で猛吹雪を起こす。{j}{c04}≪遷悠武器≫{/c},"Blessed by the snow god, this bowgun{j}raises a raging blizzard with freezing rounds.{j}{c04}≪Exotic Weapon≫{/c}"
3198,0,
3199,氷弾が天を衝くとき、命の灯を{j}吹き消す氷河期が幕を開ける。{j}{c04}≪遷悠武器≫{/c},"When the ice shot pierces the heavens, an ice age that{j}snuffs out the lamp of life begins.{j}{c04}≪Exotic Weapon≫{/c}"
3200,氷牙竜の白い甲殻で覆われた{j}狩猟弓。{j}{c04}≪遷悠武器≫{/c},A hunting Bow{j}clad in the white carapace of the Ice Fang Wyvern.{j}{c04}≪Exotic Weapon≫{/c}
3201,恐るべき冷気を宿す狩猟弓。{j}射貫かれた者はたちどころに{j}凍り付くという。{c04}≪遷悠武器≫{/c},A Hunting Bow that houses fearsome cold.{j}They say any pierced by it{j}freeze at once.{c04}≪Exotic Weapon≫{/c}
3202,恐るべき冷気を宿す狩猟弓。{j}射貫かれた者はたちどころに{j}凍り付くという。{c04}≪遷悠武器≫{/c},A Hunting Bow that houses fearsome cold.{j}They say any pierced by it{j}freeze at once.{c04}≪Exotic Weapon≫{/c}
3203,針纏竜の棘を体現した軽弩。{j}{c03}LV2 通常弾{/c}と{c03}LV1 散弾、貫通{j}弾{/c}が{c03}速射{/c}可能。{c11}≪Ｇ級技巧≫{/c},"A Light Bowgun embodying the Needleclad Dragon's quills.{j}{c03}LV2 Normal Ammo{/c}and{c03}LV1 Pellet, Pierce{j}Ammo{/c}can be{c03}rapid fired{/c}.{c11}≪G Finesse≫{/c}"
3204,銀火竜の名を冠する重砲。{j}美しさと強度を兼ね備える{j}希少な重砲。{c11}≪Ｇ級技巧≫{/c},A Heavy Bowgun named after the Silver Rathalos.{j}A rare Heavy Bowgun that combines{j}beauty and strength.{c11}≪G Finesse≫{/c}
3205,異国での遊戯の際に使用{j}されるヘビィボウガン。恋人{j}たちの愛を深めるらしい。,A Heavy Bowgun used{j}in games in foreign lands.{j}It is said to deepen the love of lovers.
3206,異国での遊戯の際に使用{j}されるヘビィボウガン。恋人{j}たちの愛を深めるらしい。,A Heavy Bowgun used{j}in games in foreign lands.{j}It is said to deepen the love of lovers.
3207,異国での遊戯の際に使用{j}されるヘビィボウガン。恋人{j}たちの愛を深めるらしい。,A Heavy Bowgun used{j}in games in foreign lands.{j}It is said to deepen the love of lovers.
3208,異国での遊戯の際に使用{j}されるヘビィボウガン。{j}{c11}≪ＨＣ武器≫{/c},A Heavy Bowgun used{j}in games in foreign lands.{j}{c11}≪HC Weapon≫{/c}
3209,異国での遊戯の際に使用{j}されるヘビィボウガン。恋人{j}たちの愛を深めるらしい。,A Heavy Bowgun used{j}in games in foreign lands.{j}It is said to deepen the love of lovers.
3210,異国での遊戯の際に使用{j}されるヘビィボウガン。恋人{j}たちの愛を深めるらしい。,A Heavy Bowgun used{j}in games in foreign lands.{j}It is said to deepen the love of lovers.
3211,鉱石の結晶を削り出し、ヘビィ{j}ボウガンへと組み上げた一丁。{j}{c04}≪遷悠武器≫{/c},Carved from ore crystals and assembled into a single Heavy{j}Bowgun.{j}{c04}≪Exotic Weapon≫{/c}
3212,撃ち放つ弾の軌跡は流れる{j}星の如く光の奔流となり{j}目標を貫く。{c04}≪遷悠武器≫{/c},The trajectory of the fired bullet becomes a torrent of light like a flowing{j}star and{j}pierces the target.{c04}≪Exotic Weapon≫{/c}
3213,闇夜を総べる異国の騎士団に{j}受け継がれし秘伝の重砲。{j}剛健なる強者のみ扱える。,Secret Heavy Cannon inherited by{j}a foreign knight order that rules the dark night.{j}Only the robust and strong can wield it.
3214,闇夜を総べる異国の騎士団に{j}受け継がれし秘伝の重砲。{j}剛健なる強者のみ扱える。,Secret Heavy Cannon inherited by{j}a foreign knight order that rules the dark night.{j}Only the robust and strong can wield it.
3215,闇夜を総べる異国の騎士団に{j}受け継がれし秘伝の重砲。{j}剛健なる強者のみ扱える。,Secret Heavy Cannon inherited by{j}a foreign knight order that rules the dark night.{j}Only the robust and strong can wield it.
3216,闇夜を総べる異国の騎士団に{j}受け継がれし秘伝の重砲。{j}剛健なる強者のみ扱える。,Secret Heavy Cannon inherited by{j}a foreign knight order that rules the dark night.{j}Only the robust and strong can wield it.
3217,闇夜を総べる異国の騎士団に{j}受け継がれし秘伝の重砲。{j}{c11}≪ＨＣ武器≫{/c},Secret Heavy Cannon inherited by{j}a foreign knight order that rules the dark night.{j}{c11}≪HC Weapon≫{/c}
3218,闇夜を総べる異国の騎士団に{j}受け継がれし秘伝の重砲。{j}剛健なる強者のみ扱える。,Secret Heavy Cannon inherited by{j}a foreign knight order that rules the dark night.{j}Only the robust and strong can wield it.
3219,闇夜を総べる異国の騎士団に{j}受け継がれし秘伝の重砲。{j}剛健なる強者のみ扱える。,Secret Heavy Cannon inherited by{j}a foreign knight order that rules the dark night.{j}Only the robust and strong can wield it.
3220,闇夜を総べる異国の騎士団に{j}受け継がれし秘伝の重砲。{j}剛健なる強者のみ扱える。,Secret Heavy Cannon inherited by{j}a foreign knight order that rules the dark night.{j}Only the robust and strong can wield it.
3221,闇夜を総べる異国の騎士団に{j}受け継がれし秘伝の重砲。{j}剛健なる強者のみ扱える。,Secret Heavy Cannon inherited by{j}a foreign knight order that rules the dark night.{j}Only the robust and strong can wield it.
3222,闇夜を総べる異国の騎士団に{j}受け継がれし秘伝の重砲。{j}剛健なる強者のみ扱える。,Secret Heavy Cannon inherited by{j}a foreign knight order that rules the dark night.{j}Only the robust and strong can wield it.
3223,闇夜を総べる異国の騎士団に{j}受け継がれし秘伝の重砲。{j}剛健なる強者のみ扱える。,Secret Heavy Cannon inherited by{j}a foreign knight order that rules the dark night.{j}Only the robust and strong can wield it.
3224,闇夜を総べる異国の騎士団に{j}受け継がれし秘伝の重砲。{j}{c11}≪ＨＣ武器≫{/c},Secret Heavy Cannon inherited by{j}a foreign knight order that rules the dark night.{j}{c11}≪HC Weapon≫{/c}
3225,闇夜を総べる異国の騎士団に{j}受け継がれし秘伝の重砲。{j}剛健なる強者のみ扱える。,Secret Heavy Cannon inherited by{j}a foreign knight order that rules the dark night.{j}Only the robust and strong can wield it.
3226,闇夜を総べる異国の騎士団に{j}受け継がれし秘伝の重砲。{j}剛健なる強者のみ扱える。,Secret Heavy Cannon inherited by{j}a foreign knight order that rules the dark night.{j}Only the robust and strong can wield it.
3227,異世界にて２号機が搭載する{j}銃を模した軽弩。{c03}LV2{j}通常弾{/c}、{c03}電撃弾{/c}が{c03}速射{/c}対応。,A Light Bowgun modeled after the{j}gun mounted on Unit 02 in another world.{c03}Lv2{j}Normal Ammo{/c}and{c03}Thunder Ammo{/c}both support{c03}rapid fire{/c}.
3228,異世界にて２号機が搭載する{j}銃を模した軽弩。{c03}LV2{j}通常弾{/c}、{c03}電撃弾{/c}が{c03}速射{/c}対応。,A Light Bowgun modeled after the{j}gun mounted on Unit 02 in another world.{c03}Lv2{j}Normal Ammo{/c}and{c03}Thunder Ammo{/c}both support{c03}rapid fire{/c}.
3229,異世界にて２号機が搭載する{j}銃を模した軽弩。{c03}LV2{j}通常弾{/c}、{c03}電撃弾{/c}が{c03}速射{/c}対応。,A Light Bowgun modeled after the{j}gun mounted on Unit 02 in another world.{c03}Lv2{j}Normal Ammo{/c}and{c03}Thunder Ammo{/c}both support{c03}rapid fire{/c}.
3230,異世界の銃を模した軽弩。{j}{c03}LV2 通常弾{/c}、{c03}電撃弾{/c}が{j}{c03}速射{/c}対応。{c11}≪ＨＣ武器≫{/c},"A Light Bowgun modeled after a gun from another world.{j}{c03}LV2 Normal Shot{/c},{c03}Thunder Shot{/c}{j}{c03}Rapid Fire{/c}supported.{c11}≪HC Weapon≫{/c}"
3231,異世界にて２号機が搭載する{j}銃を模した軽弩。{c03}LV2{j}通常弾{/c}、{c03}電撃弾{/c}が{c03}速射{/c}対応。,A Light Bowgun modeled after the{j}gun mounted on Unit 02 in another world.{c03}Lv2{j}Normal Ammo{/c}and{c03}Thunder Ammo{/c}both support{c03}rapid fire{/c}.
3232,異世界にて２号機が搭載する{j}銃を模した軽弩。{c03}LV2{j}通常弾{/c}、{c03}電撃弾{/c}が{c03}速射{/c}対応。,A Light Bowgun modeled after the{j}gun mounted on Unit 02 in another world.{c03}Lv2{j}Normal Ammo{/c}and{c03}Thunder Ammo{/c}both support{c03}rapid fire{/c}.
3233,パローネの技術を惜しみなく{j}注ぎ、特殊な素材を使用して{j}作られたヘビィボウガン。,A Heavy Bowgun generously{j}infused with Parone's technology and made{j}using special materials.
3234,パローネの技術を惜しみなく{j}注ぎ、特殊な素材を使用して{j}作られたヘビィボウガン。,A Heavy Bowgun generously{j}infused with Parone's technology and made{j}using special materials.
3235,パローネの技術を惜しみなく{j}注ぎ、特殊な素材を使用して{j}作られたヘビィボウガン。,A Heavy Bowgun generously{j}infused with Parone's technology and made{j}using special materials.
3236,パローネの技術を惜しみなく{j}注ぎ、職人たちの想いが込め{j}られた重砲。{c11}≪Ｇ級技巧≫{/c},"{j}Parone's techniques poured in without reserve,{j}a Heavy Bowgun imbued with the artisans' devotion.{c11}≪G Finesse≫{/c}"
3237,パローネの技術が惜しみなく{j}注がれた軽銃。{c03}水冷弾{/c}、{j}{c03}LV1 貫通弾{/c}の{c03}速射{/c}が可能。,"A Light Bowgun generously{j}infused with Parone's technology.{c03}Water Ammo{/c},{j}{c03}LV1 Pierce Ammo{/c}'s{c03}Rapid Fire{/c}is possible."
3238,パローネの技術が惜しみなく{j}注がれた軽銃。{c03}水冷弾{/c}、{j}{c03}LV1 貫通弾{/c}の{c03}速射{/c}が可能。,"A Light Bowgun generously{j}infused with Parone's technology.{c03}Water Ammo{/c},{j}{c03}LV1 Pierce Ammo{/c}'s{c03}Rapid Fire{/c}is possible."
3239,パローネの技術が惜しみなく{j}注がれた軽銃。{c03}水冷弾{/c}、{j}{c03}LV1 貫通弾{/c}の{c03}速射{/c}が可能。,"A Light Bowgun generously{j}infused with Parone's technology.{c03}Water Ammo{/c},{j}{c03}LV1 Pierce Ammo{/c}'s{c03}Rapid Fire{/c}is possible."
3240,パローネの技術が注がれた軽{j}銃。{c03}水冷弾{/c}、{c03}LV1 貫通弾{/c}の{j}{c03}速射{/c}が可能。{c11}≪Ｇ級技巧≫{/c},"A Light{j}Bowgun infused with Parone's technology.{c03}Water Ammo{/c},{c03}LV1 Pierce Ammo{/c}'s{j}{c03}Rapid Fire{/c}is possible.{c11}≪G Finesse≫{/c}"
3241,パローネの技術を惜しみなく{j}注ぎ、特殊な素材を使用して{j}作られた弓。,A Bow generously{j}infused with Parone's technology and made{j}using special materials.
3242,パローネの技術を惜しみなく{j}注ぎ、特殊な素材を使用して{j}作られた弓。,A Bow generously{j}infused with Parone's technology and made{j}using special materials.
3243,パローネの技術を惜しみなく{j}注ぎ、特殊な素材を使用して{j}作られた弓。,A Bow generously{j}infused with Parone's technology and made{j}using special materials.
3244,パローネの技術を惜しみなく{j}注ぎ、職人たちの想いが込め{j}られた弓。{c11}≪Ｇ級技巧≫{/c},"{j}Parone's techniques poured in without reserve,{j}a Bow imbued with the artisans' devotion.{c11}≪G Finesse≫{/c}"
3245,古の装飾が施された白い軽弩。{j}至高の逸品。{c03}LV2 通常弾{/c}{j}が{c03}速射{/c}対応。,A white Light Bowgun adorned with ancient decorations.{j}A supreme masterpiece.{c03}LV2 Normal Ammo{/c}{j}is{c03}Rapid Fire{/c}compatible.
3246,古の装飾が施された白い重弩。{j}儀礼用であったものを鍛え、{j}至高の逸品へと昇華した。,"A white Heavy Bowgun adorned with ancient{j}decorations. Forged from a ceremonial piece, it has{j}been elevated to a supreme masterpiece."
3247,古の装飾が施された白い弓。{j}儀礼用であったものを鍛え、{j}至高の逸品へと昇華した。,"A white Bow adorned with ancient ornamentation.{j}Forged from what was once ceremonial,{j}it was elevated into a supreme masterpiece."
3248,古来より伝わる賢者の伝承を{j}元に作られた軽弩。{c03}LV2 通常{j}弾{/c}、{c03}LV1 貫通弾{/c}が{c03}速射{/c}対応。,A Light Bowgun made based on the{j}legend of a sage handed down from ancient times. It supports{c03}Rapid Fire{/c}for{c03}LV2 Normal{j}Ammo{/c}and{c03}LV1 Pierce Ammo{/c}.
3249,古来より伝わる遠国の賢者の{j}伝承を元に作成された重銃。{j}持ち主に風の力を宿すという。,"A Heavy Bowgun forged from the{j}legend of a sage from a distant land, handed down since ancient times.{j}It is said to imbue its wielder with the power of wind."
3250,古来より伝わる遠国の賢者の{j}伝承を元に作成された弓。{j}持ち主に風の力を宿すという。,"A Bow forged from the{j}legend of a sage from a distant land, handed down since ancient times.{j}It is said to imbue its wielder with the power of wind."
3251,蘇った大巌竜の軽弩。{c06}強酸弾{/c}に{j}対応。{c03}LV2 通常弾{/c}、{c03}LV1 貫通弾{/c}{j}が{c03}速射{/c}対応。{c05}≪進化武器≫{/c},"A Light Bowgun of the revived Great Rock Dragon.{c06}Supports Strong Acid Ammo{/c}.{j}Supports{c03}LV2 Normal Ammo{/c},{c03}LV1 Pierce Ammo{/c}{j}and{c03}Rapid Fire{/c}.{c05}≪Evolution Weapon≫{/c}"
3252,幻の大巌竜の軽弩。{c06}龍酸弾{/c}に{j}対応。{c03}LV2 通常弾{/c}、{c03}LV1 貫通弾{/c}{j}が{c03}速射{/c}対応。{c05}≪進化武器≫{/c},Light Bowgun of a legendary Gurenzeburu. Supports{c06}Dragon Acid Ammo{/c}{j}.{c03}LV2 Normal Ammo{/c}and{c03}LV1 Pierce Ammo{/c}{j}are{c03}Rapid Fire{/c}compatible.{c05}≪Evolution Weapon≫{/c}
3253,稀少な大巌竜の軽弩。{c06}強酸弾{/c}、{j}{c06}龍酸弾{/c}に対応。{c03}LV2 通常弾{/c}が{j}{c03}速射{/c}対応。{c05}≪進化武器≫{/c},A Light Bowgun of the rare Great Rock Dragon.{c06}Strong Acid Ammo{/c}and{j}{c06}Dragon Acid Ammo{/c}are supported.{c03}LV2 Normal Ammo{/c}can use{j}{c03}Rapid Fire{/c}.{c05}≪Evolution Weapon≫{/c}
3254,狩人と共に進化し続けた、{j}伝説の大巌竜の軽弩。{j}{c05}≪進化武器≫{/c},"A Light Bowgun of the legendary Lao-Shan Lung,{j}which continued to evolve alongside Hunters.{j}{c05}≪Evolution Weapon≫{/c}"
3255,破壊の末星を作ったとの{j}伝説を持つ大巌竜の重弩。{j}{c06}爆撃弾{/c}に対応。{c05}≪進化武器≫{/c},"A Heavy Bowgun of Akantor, which has the legend of{j}creating the final star of destruction.{j}{c06}Supports Explosive Ammo{/c}.{c05}≪Evolution Weapon≫{/c}"
3256,狙われた獲物は逃げられないと{j}いう伝説を残す大巌竜の重弩。{j}{c06}龍爆撃弾{/c}に対応。{c05}≪進化武器≫{/c},"A Heavy Bowgun of Laviente, who left behind{j}a legend that no hunted prey escapes.{j}Compatible with{c06}Dragon Blast S{/c}.{c05}≪Evolution Weapon≫{/c}"
3257,月に風穴を開けたと伝わる大{j}巌竜の重弩。{c06}爆撃弾{/c}、{c06}龍爆撃{j}弾{/c}に対応。{c05}≪進化武器≫{/c},"A Heavy Bowgun of the great{j}Rock Dragon, said to have blown a hole in the moon.{c06}Compatible with{/c}Explosive Shells,{c06}Dragon Blast{j}Shells{/c}.{c05}≪Evolution Weapon≫{/c}"
3258,海を抉り、山を粉々にした{j}という破壊できぬもの無き{j}大巌竜の重弩。{c05}≪進化武器≫{/c},"A Heavy Bowgun{j}said to have gouged the sea and pulverized mountains,{j}the Dara Amadyura Heavy Bowgun with nothing it cannot destroy.{c05}≪Evolution Weapon≫{/c}"
3259,放たれる矢は雲を貫き天を割る{j}と伝えられる大巌竜の戦弓。{j}{c05}≪進化武器≫{/c},"The war bow of the Great Rock Dragon, said{j}to pierce the clouds and split the heavens.{j}{c05}≪Evolution Weapon≫{/c}"
3260,放った矢は千里先まで届くと{j}言われる大巌竜の戦弓。{j}{c05}≪進化武器≫{/c},"The war bow of the Great Rock Dragon, said to{j}send its arrows a thousand leagues.{j}{c05}≪Evolution Weapon≫{/c}"
3261,神々の大戦の際に用いられた{j}大巌竜の戦弓。{j}{c05}≪進化武器≫{/c},From the time of the great war of the gods comes this{j}war bow of the Great Boulder Dragon.{j}{c05}≪Evolution Weapon≫{/c}
3262,矢が解き放たれしとき、大{j}地に混乱をもたらすとされる{j}大巌竜の戦弓。{c05}≪進化武器≫{/c},A war bow of the Great Boulder Wyvern{j}said to bring chaos to the land{j}when its arrow is loosed.{c05}≪Evolution Weapon≫{/c}
3263,進化する軽弩。{c06}強酸弾{/c}に{j}対応。{c03}LV2 通常弾{/c}、{c03}LV1 貫通弾{/c}{j}が{c03}速射{/c}対応。{c05}≪進化武器≫{/c},"An evolving light bowgun.{c06}Compatible with{/c}Strong Acid S{j}.{c03}LV2 Normal S{/c},{c03}LV1 Pierce S{/c}{j}are{c03}Rapid Fire{/c}capable.{c05}≪Evolution Weapon≫{/c}"
3264,進化する軽弩。{c06}氷酸弾{/c}に{j}対応。{c03}LV2 通常弾{/c}、{c03}氷結弾{/c}{j}が{c03}速射{/c}対応。{c05}≪進化武器≫{/c},An evolving Light Bowgun. Compatible with{c06}Ice Acid Ammo{/c}{j}.{c03}Lv2 Normal Ammo{/c}and{c03}Freeze Ammo{/c}{j}are capable of{c03}Rapid Fire{/c}.{c05}≪Evolution Weapon≫{/c}
3265,進化する軽弩。{c06}強酸弾{/c}に{j}対応。{c03}LV2 通常弾{/c}、{c03}LV1 貫通弾{/c}{j}が{c03}速射{/c}対応。{c05}≪進化武器≫{/c},"An evolving light bowgun.{c06}Compatible with{/c}Strong Acid S{j}.{c03}LV2 Normal S{/c},{c03}LV1 Pierce S{/c}{j}are{c03}Rapid Fire{/c}capable.{c05}≪Evolution Weapon≫{/c}"
3266,進化する軽弩。{c06}雷酸弾{/c}に{j}対応。{c03}LV2 通常弾{/c}、{c03}電撃弾{/c}{j}が{c03}速射{/c}対応。{c05}≪進化武器≫{/c},An evolving Light Bowgun. Compatible with{c06}Lightning Acid Ammo{/c}{j}.{c03}Lv2 Normal Ammo{/c}and{c03}Thunder Ammo{/c}{j}are capable of{c03}Rapid Fire{/c}.{c05}≪Evolution Weapon≫{/c}
3267,天より与えられし弓。{j}未知なる力を吸収し成長する。{j}氷属性。{c05}≪進化武器≫{/c},A Bow bestowed by the heavens.{j}Absorbs unknown power and grows.{j}Ice element.{c05}≪Evolution Weapon≫{/c}
3268,天より与えられし弓。{j}未知なる力を吸収し成長する。{j}氷属性。{c05}≪進化武器≫{/c},A Bow bestowed by the heavens.{j}Absorbs unknown power and grows.{j}Ice element.{c05}≪Evolution Weapon≫{/c}
3269,天より与えられし弓。{j}未知なる力を吸収し成長する。{j}雷属性。{c05}≪進化武器≫{/c},A Bow bestowed by the heavens.{j}Absorbs unknown power and grows.{j}Thunder element.{c05}≪Evolution Weapon≫{/c}
3270,天より与えられし弓。{j}未知なる力を吸収し成長する。{j}雷属性。{c05}≪進化武器≫{/c},A Bow bestowed by the heavens.{j}Absorbs unknown power and grows.{j}Thunder element.{c05}≪Evolution Weapon≫{/c}
3271,天より与えられし弓。{j}未知なる力を吸収し成長する。{j}水属性。{c05}≪進化武器≫{/c},A Bow bestowed by the heavens.{j}Absorbs unknown power and grows.{j}Water element.{c05}≪Evolution Weapon≫{/c}
3272,天より与えられし弓。{j}未知なる力を吸収し成長する。{j}水属性。{c05}≪進化武器≫{/c},A Bow bestowed by the heavens.{j}Absorbs unknown power and grows.{j}Water element.{c05}≪Evolution Weapon≫{/c}
3273,天より与えられし弓。{j}未知なる力を吸収し成長する。{j}火属性。{c05}≪進化武器≫{/c},A Bow bestowed by the heavens.{j}Absorbs unknown power and grows.{j}Fire element.{c05}≪Evolution Weapon≫{/c}
3274,天より与えられし弓。{j}未知なる力を吸収し成長する。{j}火属性。{c05}≪進化武器≫{/c},A Bow bestowed by the heavens.{j}Absorbs unknown power and grows.{j}Fire element.{c05}≪Evolution Weapon≫{/c}
3275,0,
3276,0,
3277,0,
3278,冥雷竜の力が宿りし弓。{j}職人が丁寧に作りこんだ{j}美しき逸品。,A Bow imbued with the power of the Nether Thunder{j}Dragon. A beautiful masterpiece carefully crafted{j}by a master artisan.
3279,異国での遊戯の際に使用{j}されるヘビィボウガン。{j}英知を与えるらしい。,A Heavy Bowgun used{j}in games in foreign lands.{j}It is said to grant wisdom.
3280,異国での遊戯の際に使用{j}されるヘビィボウガン。{j}英知を与えるらしい。,A Heavy Bowgun used{j}in games in foreign lands.{j}It is said to grant wisdom.
3281,異国での遊戯の際に使用{j}されるヘビィボウガン。{j}英知を与えるらしい。,A Heavy Bowgun used{j}in games in foreign lands.{j}It is said to grant wisdom.
3282,異国での遊戯の際に使用{j}されるヘビィボウガン。{j}{c11}≪ＨＣ武器≫{/c},A Heavy Bowgun used{j}in games in foreign lands.{j}{c11}≪HC Weapon≫{/c}
3283,異国での遊戯の際に使用{j}されるヘビィボウガン。{j}英知を与えるらしい。,A Heavy Bowgun used{j}in games in foreign lands.{j}It is said to grant wisdom.
3284,異国での遊戯の際に使用{j}されるヘビィボウガン。{j}英知を与えるらしい。,A Heavy Bowgun used{j}in games in foreign lands.{j}It is said to grant wisdom.
3285,異国の辺境に住まう一族の{j}民族伝来の重弩。希少な{j}素材を利用しているらしい。,A Heavy Bowgun passed down by a tribe living in a{j}foreign borderland. It apparently uses rare{j}materials.
3286,異国の辺境に住まう一族の{j}民族伝来の重弩。希少な{j}素材を利用しているらしい。,A Heavy Bowgun passed down by a tribe living in a{j}foreign borderland. It apparently uses rare{j}materials.
3287,異国の辺境に住まう一族の{j}民族伝来の重弩。希少な{j}素材を利用しているらしい。,A Heavy Bowgun passed down by a tribe living in a{j}foreign borderland. It apparently uses rare{j}materials.
3288,異国の辺境に住まう一族の{j}民族伝来の重弩。{j}{c11}≪ＨＣ武器≫{/c},A Heavy Bowgun{j}passed down by a tribe living in a foreign borderland.{j}{c11}≪HC Weapon≫{/c}
3289,異国の辺境に住まう一族の{j}民族伝来の重弩。希少な{j}素材を利用しているらしい。,A Heavy Bowgun passed down by a tribe living in a{j}foreign borderland. It apparently uses rare{j}materials.
3290,異国の辺境に住まう一族の{j}民族伝来の重弩。希少な{j}素材を利用しているらしい。,A Heavy Bowgun passed down by a tribe living in a{j}foreign borderland. It apparently uses rare{j}materials.
3291,異国の辺境に住まう一族の{j}民族伝来の重弩。希少な{j}素材を利用しているらしい。,A Heavy Bowgun passed down by a tribe living in a{j}foreign borderland. It apparently uses rare{j}materials.
3292,異国の辺境に住まう一族の{j}民族伝来の重弩。希少な{j}素材を利用しているらしい。,A Heavy Bowgun passed down by a tribe living in a{j}foreign borderland. It apparently uses rare{j}materials.
3293,異国の辺境に住まう一族の{j}民族伝来の重弩。希少な{j}素材を利用しているらしい。,A Heavy Bowgun passed down by a tribe living in a{j}foreign borderland. It apparently uses rare{j}materials.
3294,異国の辺境に住まう一族の{j}民族伝来の重弩。{j}{c11}≪ＨＣ武器≫{/c},A Heavy Bowgun{j}passed down by a tribe living in a foreign borderland.{j}{c11}≪HC Weapon≫{/c}
3295,異国の辺境に住まう一族の{j}民族伝来の重弩。希少な{j}素材を利用しているらしい。,A Heavy Bowgun passed down by a tribe living in a{j}foreign borderland. It apparently uses rare{j}materials.
3296,異国の辺境に住まう一族の{j}民族伝来の重弩。希少な{j}素材を利用しているらしい。,A Heavy Bowgun passed down by a tribe living in a{j}foreign borderland. It apparently uses rare{j}materials.
3297,特定の時期に人気が高まる{j}華やかな弓。構えただけで{j}気品が漂う。,"A gorgeous bow that becomes popular at a certain{j}time. Just by holding it, elegance drifts.{j}"
3298,特定の時期に人気が高まる{j}華やかな弓。構えただけで{j}気品が漂う。,"A gorgeous bow that becomes popular at a certain{j}time. Just by holding it, elegance drifts.{j}"
3299,特定の時期に人気が高まる{j}華やかな弓。構えただけで{j}気品が漂う。{c16}≪親方印≫{/c},"A{j}gorgeous bow that becomes popular at a certain time. Just by holding it,{j}elegance drifts.{c16}≪Master Mark≫{/c}"
3300,特定の時期に人気が高まる{j}華やかな弓。構えただけで{j}気品が漂う。{c11}≪ＨＣ武器≫{/c},"A{j}gorgeous bow that becomes popular at a certain time. Just by holding it,{j}elegance drifts.{c11}≪HC Weapon≫{/c}"
3301,特定の時期に人気が高まる{j}華やかな弓。構えただけで{j}気品が漂い、人々を魅了する。,"A gorgeous bow that becomes popular at a certain{j}time. Just by holding it, elegance drifts and{j}captivates people."
3302,凍王龍の素材を使用した軽弩。{j}{c03}LV2 通常弾{/c}が{c03}超速射{/c}対応。{j}{c02}≪剛種武器≫{/c},A Light Bowgun forged from Frozen King Dragon material.{j}{c03}LV2 Normal S{/c}supports{c03}Rapid Fire{/c}.{j}{c02}≪Gou Weapon≫{/c}
3303,凍王龍の素材を使用した軽弩。{j}{c03}LV2 通常弾{/c}が{c03}超速射{/c}対応。{j}{c02}≪天嵐武器≫{/c},A Light Bowgun forged from Frozen King Dragon material.{j}{c03}LV2 Normal S{/c}supports{c03}Rapid Fire{/c}.{j}{c02}≪Tenran Weapon≫{/c}
3304,凍王龍の素材を使用した軽弩。{j}{c03}LV2 通常弾{/c}が{c03}超速射{/c}対応。{j}{c02}≪覇種武器≫{/c},A Light Bowgun forged from Frozen King Dragon material.{j}{c03}LV2 Normal S{/c}supports{c03}Rapid Fire{/c}.{j}{c02}≪Supremacy Weapon≫{/c}
3305,凍王龍の素材を使用した軽弩。{j}{c03}LV2 通常弾{/c}が{c03}超速射{/c}対応。{j}{c02}≪Ｇ級覇種≫{/c},A Light Bowgun forged from Frozen King Dragon material.{j}{c03}LV2 Normal S{/c}supports{c03}Rapid Fire{/c}.{j}{c02}≪G-Rank Supremacy≫{/c}
3306,凍王龍の素材を使用した軽弩。{j}{c03}LV2 通常弾{/c}が{c03}超速射{/c}対応。{j}{c02}≪烈種武器：弱点特効≫{/c},A Light Bowgun forged from Frozen King Dragon material.{j}{c03}LV2 Normal S{/c}supports{c03}Rapid Fire{/c}.{j}{c02}≪Burst Weapon: Weakness Exploit≫{/c}
3307,凍王龍の素材を使用した軽弩。{j}{c03}LV2 通常弾{/c}が{c03}超速射{/c}対応。{j}{c02}≪始種武器：弱点特効≫{/c},A Light Bowgun forged from Frozen King Dragon material.{j}{c03}LV2 Normal S{/c}supports{c03}Rapid Fire{/c}.{j}{c02}≪Origin Weapon: Weakness Exploit≫{/c}
3308,黒穿竜の素材を用いた軽弩。{j}{c03}LV1 散弾{/c}が{c03}超速射{/c}対応。{j}{c02}≪始種武器：弱点特効≫{/c},A Light Bowgun made from Black Piercing Dragon materials.{j}{c03}LV1 Pellet{/c}is{c03}Super Rapid Fire{/c}compatible.{j}{c02}≪Origin Weapon: Weakness Exploit≫{/c}
3309,黒穿竜の素材を用いた重弩。{j}闇の力を秘めている。{j}{c02}≪始種武器：弱点特効≫{/c},A Heavy Bowgun made from Black Piercing Dragon materials.{j}It holds the power of darkness within.{j}{c02}≪Origin Weapon: Weakness Exploit≫{/c}
3310,黒穿竜の素材を用いた弓。{j}闇の力を秘めている。{j}{c02}≪始種武器：弱点特効≫{/c},A Bow made from Black Piercing Dragon materials.{j}It harbors dark power.{j}{c02}≪Origin Weapon: Weakness Exploit≫{/c}
3311,弾幕の雨が狩場を支配する。{j}{c03}LV2 通常弾{/c}、{c03}氷結弾{/c}が{c03}超速射{/c}に{j}対応。{c02}≪始種武器：弱点特効≫{/c},"A rain of bullets dominates the hunting ground.{j}{c03}LV2 Normal{/c},{c03}Ice Bullet{/c}are compatible with{c03}Ultra Rapid Fire{/c}{j}.{c02}≪Origin Weapon: Weakness Exploit≫{/c}"
3312,イャンクック亜種の素材を{j}使用したヘビィボウガン。{j}より強力なものへ昇華した。,A Heavy Bowgun made using Blue Yian Kut-Ku{j}materials. It has evolved into something more{j}powerful.
3313,弩岩竜の素材を極限まで{j}活かしたヘビィボウガン。{j}大地を振るわせるが如き一撃。,A Heavy Bowgun that utilizes Crossbow Rock Dragon{j}materials to the utmost. A blow that makes the{j}earth tremble.
3314,爆鎚竜の素材の耐熱性が{j}生きる爆砲。{j}{c04}≪遷悠武器≫{/c},A blast cannon that brings out{j}the heat resistance of Blast Hammer Wyvern materials.{j}{c04}≪Exotic Weapon≫{/c}
3315,0,
3316,爆鎚竜の素材の耐熱性が{j}生きる爆砲。{j}{c04}≪遷悠武器≫{/c},A blast cannon that brings out{j}the heat resistance of Blast Hammer Wyvern materials.{j}{c04}≪Exotic Weapon≫{/c}
3317,上品な色合いがとても美しい{j}特殊な属性を持つ弓。{j}{c11}≪Ｇ級技巧≫{/c},Its elegant colors are truly beautiful.{j}A bow with a special element.{j}{c11}≪G Finesse≫{/c}
3318,全身全霊をつくし仕上げた{j}至極と謳われる鋼龍の弓。{j}{c02}≪始種武器：吸血+2≫{/c},"A bow of the{j}Kushala Daora, hailed as supreme, crafted with heart and soul.{j}{c02}≪Origin Weapon: Vampirism+2≫{/c}"
3319,爆鎚竜の甲殻を用いた非常に{j}重く頑丈な弓。{j}{c04}≪遷悠武器≫{/c},An extremely{j}heavy and sturdy Bow made from Blast Hammer Wyvern shells.{j}{c04}≪Exotic Weapon≫{/c}
3320,まるで爆鎚竜の体躯をそのまま{j}再現したかのような重弓。{j}{c04}≪遷悠武器≫{/c},A heavy bow that{j}seems to reproduce a Uragaan's bulk exactly.{j}{c04}≪Exotic Weapon≫{/c}
3321,まるで爆鎚竜の体躯をそのまま{j}再現したかのような重弓。{j}{c04}≪遷悠武器≫{/c},A heavy bow that{j}seems to reproduce a Uragaan's bulk exactly.{j}{c04}≪Exotic Weapon≫{/c}
3322,炎の王すらも迎撃するほどの{j}力を持つ重弩。獲物の前に{j}散らぬ炎は無し。,"A Heavy Bowgun with the power to intercept even the{j}Flame King. Before its prey, no flame fails to{j}scatter."
3323,鋼鉄を一撃で粉砕するほどの{j}強さを誇る軽弩。如何なる{j}鋼も赤子の手を捻るよう。,A Light Bowgun boasting{j}power enough to pulverize steel in one blow. Any{j}steel is like twisting a baby's arm.
3324,異国の王が幻影の龍を討ち{j}とりし際に供としたとする{j}逸話のある弓。,A Bow with the anecdote{j}that it was offered when a foreign king slew{j}a phantom dragon.
3325,古来より伝わる騎士の伝承を{j}元に作成された軽弩。{c03}LV2 通{j}常弾{/c}、{c03}LV1 貫通弾{/c}が{c03}速射{/c}対応。,"A Light Bowgun{j}created from the legend of a knight passed down since ancient times.{c03}LV2{j}Normal Ammo{/c},{c03}LV1 Pierce Ammo{/c}support{c03}Rapid Fire{/c}."
3326,古来より伝わる遠国の騎士の{j}伝承を元に作成された重弩。{j}かつて世界を支配したという。,"A Heavy Bowgun crafted from the legend of a knight{j}from a distant land, passed down since ancient{j}times. It is said to have once ruled the world."
3327,古来より伝わる遠国の騎士の{j}伝承を元に作成された弓。{j}かつて世界を支配したという。,"A Bow forged from the legend of a knight from a{j}distant land, handed down since ancient times. It{j}is said to have once ruled the world."
3328,異国の特殊機関により造られ{j}た、機械仕掛けの弓。幾千に{j}も及ぶ運用実験が行われた。,A mechanical Bow made{j}by the special agency of a foreign land. Thousands{j}of operational tests were conducted.
3329,異国の特殊機関により造られ{j}た、機械仕掛けの弓。幾千に{j}も及ぶ運用実験が行われた。,A mechanical Bow made{j}by the special agency of a foreign land. Thousands{j}of operational tests were conducted.
3330,異国の特殊機関により造られ{j}た、機械仕掛けの弓。幾千に{j}も及ぶ運用実験が行われた。,A mechanical Bow made{j}by the special agency of a foreign land. Thousands{j}of operational tests were conducted.
3331,異国の特殊機関により造られ{j}た、機械仕掛けの弓。幾千に{j}も及ぶ運用実験が行われた。,A mechanical Bow made{j}by the special agency of a foreign land. Thousands{j}of operational tests were conducted.
3332,異国の特殊機関により造られ{j}た、機械仕掛けの弓。{j}{c11}≪ＨＣ武器≫{/c},A mechanical Bow made{j}by the special agency of a foreign land.{j}{c11}≪HC Weapon≫{/c}
3333,異国の特殊機関により造られ{j}た、機械仕掛けの弓。幾千に{j}も及ぶ運用実験が行われた。,A mechanical Bow made{j}by the special agency of a foreign land. Thousands{j}of operational tests were conducted.
3334,異国の特殊機関により造られ{j}た、機械仕掛けの弓。幾千に{j}も及ぶ運用実験が行われた。,A mechanical Bow made{j}by the special agency of a foreign land. Thousands{j}of operational tests were conducted.
3335,異国の特殊機関により造られ{j}た、機械仕掛けの弓。幾千に{j}も及ぶ運用実験が行われた。,A mechanical Bow made{j}by the special agency of a foreign land. Thousands{j}of operational tests were conducted.
3336,異国の特殊機関により造られ{j}た、機械仕掛けの弓。幾千に{j}も及ぶ運用実験が行われた。,A mechanical Bow made{j}by the special agency of a foreign land. Thousands{j}of operational tests were conducted.
3337,異国の特殊機関により造られ{j}た、機械仕掛けの弓。幾千に{j}も及ぶ運用実験が行われた。,A mechanical Bow made{j}by the special agency of a foreign land. Thousands{j}of operational tests were conducted.
3338,異国の特殊機関により造られ{j}た、機械仕掛けの弓。幾千に{j}も及ぶ運用実験が行われた。,A mechanical Bow made{j}by the special agency of a foreign land. Thousands{j}of operational tests were conducted.
3339,異国の特殊機関により造られ{j}た、機械仕掛けの弓。{j}{c11}≪ＨＣ武器≫{/c},A mechanical Bow made{j}by the special agency of a foreign land.{j}{c11}≪HC Weapon≫{/c}
3340,異国の特殊機関により造られ{j}た、機械仕掛けの弓。幾千に{j}も及ぶ運用実験が行われた。,A mechanical Bow made{j}by the special agency of a foreign land. Thousands{j}of operational tests were conducted.
3341,異国の特殊機関により造られ{j}た、機械仕掛けの弓。幾千に{j}も及ぶ運用実験が行われた。,A mechanical Bow made{j}by the special agency of a foreign land. Thousands{j}of operational tests were conducted.
3342,迅竜の素材を用いたボウガン。{j}梟の双眼のごとく闇夜の獲物{j}を捉える。{c04}≪遷悠武器≫{/c},"A bowgun made from Nargacuga materials.{j}Like an owl's twin eyes, it catches prey{j}in the pitch-dark night.{c04}≪Exotic Weapon≫{/c}"
3343,迅竜の素材を用いたボウガン。{j}梟の双眼のごとく闇夜の獲物{j}を捉える。{c04}≪遷悠武器≫{/c},"A bowgun made from Nargacuga materials.{j}Like an owl's twin eyes, it catches prey{j}in the pitch-dark night.{c04}≪Exotic Weapon≫{/c}"
3344,弾倉部を改良し、装填速度を{j}強化させた重弩。{j}{c04}≪遷悠武器≫{/c},A Heavy Bowgun with an improved magazine that{j}enhances reload speed.{j}{c04}≪Exotic Weapon≫{/c}
3345,南方の都を震わせた暗殺者の{j}得物。影から影へ黒き風は{j}死を運ぶ。{c04}≪遷悠武器≫{/c},"The{j}weapon of an assassin who shook the southern capital. From shadow to shadow, the black wind{j}carries death.{c04}≪Exotic Weapon≫{/c}"
3346,夜陰に紛れる黒の狩猟弓。{j}暗闇での狙撃に極めて{j}効果がある。{c04}≪遷悠武器≫{/c},A black Hunting Bow that melts into the night.{j}Extremely effective for sniping{j}in the dark.{c04}≪Exotic Weapon≫{/c}
3347,夜陰に紛れる黒の狩猟弓。{j}暗闇での狙撃に極めて{j}効果がある。{c04}≪遷悠武器≫{/c},A black Hunting Bow that melts into the night.{j}Extremely effective for sniping{j}in the dark.{c04}≪Exotic Weapon≫{/c}
3348,黒き殺意で標的を貫く暗殺者{j}の弓。射貫かれた者は自らの{j}死も悟れない。{c04}≪遷悠武器≫{/c},An assassin's bow that pierces its mark{j}with black killing intent. Those shot through cannot even{j}grasp their own death.{c04}≪Exotic Weapon≫{/c}
3349,帝征龍の素材を使用した重砲。{j}その一撃は獲物に王者たる品{j}格を示す。{c02}≪剛種武器≫{/c},Heavy Bowgun forged from Emperor Dragon materials.{j}Its single shot shows the prey the{j}dignity of a king.{c02}≪Gou Weapon≫{/c}
3350,帝征龍の素材を使用した重砲。{j}その一撃は獲物に王者たる品{j}格を示す。{c02}≪天嵐武器≫{/c},Heavy Bowgun forged from Emperor Dragon materials.{j}Its single shot shows the prey the{j}dignity of a king.{c02}≪Tenran Weapon≫{/c}
3351,帝征龍の素材を使用した重砲。{j}その一撃は獲物に王者たる品{j}格を示す。{c02}≪覇種武器≫{/c},Heavy Bowgun forged from Emperor Dragon materials.{j}Its single shot shows the prey the{j}dignity of a king.{c02}≪Supremacy Weapon≫{/c}
3352,帝征龍の素材を使用した重砲。{j}王者の品格を狩場で発揮する。{j}{c02}≪Ｇ級覇種≫{/c},A Heavy Cannon made from Emperor Dragon materials.{j}It displays the dignity of a king on the hunting grounds.{j}{c02}≪G-Rank Supremacy≫{/c}
3353,帝征龍の素材を使用した重砲。{j}王者たる一撃を放つ。{j}{c02}≪烈種武器：回避距離UP≫{/c},Heavy Bowgun forged from Emperor Dragon materials.{j}Unleashes a strike worthy of a king.{j}{c02}≪Burst Weapon: Evade Distance Up≫{/c}
3354,帝征龍の素材を使用した重砲。{j}王者たる一撃を放つ。{j}{c02}≪始種武器：回避距離UP≫{/c},Heavy Bowgun forged from Emperor Dragon materials.{j}Unleashes a strike worthy of a king.{j}{c02}≪Origin Weapon: Evade Distance Up≫{/c}
3355,帝征龍の破格ともいえる{j}強さを余すことなく引き{j}出したと言われている重砲。,A Heavy Bowgun said to fully draw out{j}the extraordinary{j}strength of the Emperor Dragon.
3356,帝征龍の素材を使用した弓。{j}鋭利な角と屈強な翼を贅沢に{j}仕立て上げた。{c02}≪剛種武器≫{/c},Bow forged from Emperor Dragon materials.{j}Luxuriously crafted from sharp{j}horns and sturdy wings.{c02}≪Gou Weapon≫{/c}
3357,帝征龍の素材を使用した弓。{j}鋭利な角と屈強な翼を贅沢に{j}仕立て上げた。{c02}≪天嵐武器≫{/c},Bow forged from Emperor Dragon materials.{j}Luxuriously crafted from sharp{j}horns and sturdy wings.{c02}≪Tenran Weapon≫{/c}
3358,帝征龍の素材を使用した弓。{j}鋭利な角と屈強な翼を贅沢に{j}仕立て上げた。{c02}≪覇種武器≫{/c},Bow forged from Emperor Dragon materials.{j}Luxuriously crafted from sharp{j}horns and sturdy wings.{c02}≪Supremacy Weapon≫{/c}
3359,帝征龍の素材を使用した弓。{j}鋭利な角と屈強な翼を贅沢に{j}仕立て上げた。{c02}≪Ｇ級覇種≫{/c},Bow forged from Emperor Dragon materials.{j}Luxuriously crafted from sharp{j}horns and sturdy wings.{c02}≪G-Rank Supremacy≫{/c}
3360,帝征龍の素材を使用した弓。{j}天をも貫いたとの逸話も。{j}{c02}≪烈種武器：回避距離UP≫{/c},Bow forged from Emperor Dragon materials.{j}Legends say it pierced even the heavens.{j}{c02}≪Burst Weapon: Evade Distance Up≫{/c}
3361,帝征龍の素材を使用した弓。{j}天をも貫いたとの逸話も。{j}{c02}≪始種武器：回避距離UP≫{/c},Bow forged from Emperor Dragon materials.{j}Legends say it pierced even the heavens.{j}{c02}≪Origin Weapon: Evade Distance Up≫{/c}
3362,人民を支配する不思議な力が{j}あるという言い伝えもある、{j}帝征龍の弓。,A mysterious power that{j}rules the people is also said to dwell in this{j}Bow of the Emperor-Conquering Dragon.
3363,花々を愛でる貴婦人が職人に{j}直々に依頼をした弓。{j}仄かに花の香りが漂う。,A Bow personally commissioned from a craftsman by a{j}noble lady who loves flowers. A faint scent of{j}flowers drifts from it.
3364,花々を愛でる貴婦人が職人に{j}直々に依頼をした弓。{j}仄かに花の香りが漂う。,A Bow personally commissioned from a craftsman by a{j}noble lady who loves flowers. A faint scent of{j}flowers drifts from it.
3365,花々を愛でる貴婦人が職人に{j}直々に依頼をした弓。{j}仄かに花の香りが漂う。,A Bow personally commissioned from a craftsman by a{j}noble lady who loves flowers. A faint scent of{j}flowers drifts from it.
3366,花々を愛でる貴婦人が職人に{j}直々に依頼をした弓。{j}{c11}≪ＨＣ武器≫{/c},A Bow{j}personally commissioned from a craftsman by a noble lady who loves flowers.{j}{c11}≪HC Weapon≫{/c}
3367,花々を愛でる貴婦人が職人に{j}直々に依頼をした弓。{j}仄かに花の香りが漂う。,A Bow personally commissioned from a craftsman by a{j}noble lady who loves flowers. A faint scent of{j}flowers drifts from it.
3368,花々を愛でる貴婦人が職人に{j}直々に依頼をした弓。{j}仄かに花の香りが漂う。,A Bow personally commissioned from a craftsman by a{j}noble lady who loves flowers. A faint scent of{j}flowers drifts from it.
3369,0,
3370,0,
3371,0,
3372,0,
3373,0,
3374,0,
3375,0,
3376,0,
3377,0,
3378,0,
3379,0,
3380,0,
3381,0,
3382,0,
3383,星々の流した涙から作られた{j}といわれるヘビィボウガン。{j}強い想いが込められている。,"Made from the tears shed by the stars{j}A Heavy Bowgun, so it is said.{j}Imbued with strong emotions."
3384,星々の流した涙から作られた{j}といわれる重弩。強い想いが{j}込められている。{c16}≪親方印≫{/c},Made from the tears shed by the stars{j}A Heavy Bowgun said to be. A strong feeling...{j}It is imbued.{c16}≪Master Mark≫{/c}
3385,星々の流した涙から作られた{j}といわれるヘビィボウガン。{j}強い想いが込められている。,"Made from the tears shed by the stars{j}A Heavy Bowgun, so it is said.{j}Imbued with strong emotions."
3386,非常に精巧に作られた弓。{j}みんな大好きなヴォルガノス{j}と一緒に駆け抜けろ！,An exquisitely crafted Bow. Race together with{j}everyone's favorite Volganos!{j}
3387,非常に精巧に作られた弓。{j}みんな大好きなヴォルガノス{j}と一緒に駆け抜けろ！,An exquisitely crafted Bow. Race together with{j}everyone's favorite Volganos!{j}
3388,非常に精巧に作られた弓。{j}みんな大好きなヴォルガノス{j}と一緒に駆け抜けろ！,An exquisitely crafted Bow. Race together with{j}everyone's favorite Volganos!{j}
3389,みんな大好きなヴォルガノス{j}と一緒に駆け抜けろ！{j}{c11}≪ＨＣ武器≫{/c},Race alongside everyone's favorite{j}Volganos!{j}{c11}≪HC Weapon≫{/c}
3390,非常に精巧に作られた弓。{j}みんな大好きなヴォルガノス{j}と一緒に駆け抜けろ！,An exquisitely crafted Bow. Race together with{j}everyone's favorite Volganos!{j}
3391,非常に精巧に作られた弓。{j}みんな大好きなヴォルガノス{j}と一緒に駆け抜けろ！,An exquisitely crafted Bow. Race together with{j}everyone's favorite Volganos!{j}
3392,とある愛好家が設計した、{j}グークの弓。子どもたちの{j}遊び道具がモチーフだとか。,A Gook Bow designed by a certain enthusiast. It is{j}said to be modeled after children's toys.{j}
3393,とある愛好家が設計したグー{j}クの弓。子どもの遊び道具が{j}モチーフだとか。{c16}≪親方印≫{/c},A Gook{j}Bow designed by a certain enthusiast. It is said to be modeled after children's{j}toys.{c16}≪Master Mark≫{/c}
3394,とある愛好家が設計した、{j}グークの弓。子どもたちの{j}遊び道具がモチーフだとか。,A Gook Bow designed by a certain enthusiast. It is{j}said to be modeled after children's toys.{j}
3395,ベテランハンターの証とされ、{j}流体金属を使用し、破壊力の{j}高い一撃を放つ。,"Proof of a veteran Hunter:{j}made with liquid metal, it{j}unleashes blows of tremendous destructive power."
3396,ベテランハンターの証とされ、{j}流体金属を使用し、破壊力の{j}高い一撃を放つ。,"Proof of a veteran Hunter:{j}made with liquid metal, it{j}unleashes blows of tremendous destructive power."
3397,ベテランハンターの証とされ、{j}流体金属を使用し、破壊力の{j}高い一撃を放つ。,"Proof of a veteran Hunter:{j}made with liquid metal, it{j}unleashes blows of tremendous destructive power."
3398,ベテランハンターの証とされ、{j}流体金属を使用し、破壊力の{j}高い一撃を放つ。,"Proof of a veteran Hunter:{j}made with liquid metal, it{j}unleashes blows of tremendous destructive power."
3399,ベテランハンターの証とされ、{j}流体金属を使用している。{j}{c11}≪ＨＣ武器≫{/c},Proof of a veteran Hunter:{j}crafted using liquid metal.{j}{c11}≪HC Weapon≫{/c}
3400,ダミー,Dummy
3401,ダミー,Dummy
3402,ダミー,Dummy
3403,ダミー,Dummy
3404,ダミー,Dummy
3405,ダミー,Dummy
3406,ダミー,Dummy
3407,ダミー,Dummy
3408,ダミー,Dummy
3409,ダミー,Dummy
3410,ダミー,Dummy
3411,ダミー,Dummy
3412,ダミー,Dummy
3413,ダミー,Dummy
3414,ダミー,Dummy
3415,ダミー,Dummy
3416,ダミー,Dummy
3417,ダミー,Dummy
3418,ダミー,Dummy
3419,ダミー,Dummy
3420,ダミー,Dummy
3421,ダミー,Dummy
3422,ダミー,Dummy
3423,ダミー,Dummy
3424,ダミー,Dummy
3425,ダミー,Dummy
3426,ダミー,Dummy
3427,ダミー,Dummy
3428,ダミー,Dummy
3429,ダミー,Dummy
3430,ダミー,Dummy
3431,ダミー,Dummy
3432,ダミー,Dummy
3433,ダミー,Dummy
3434,ダミー,Dummy
3435,ダミー,Dummy
3436,ダミー,Dummy
3437,ダミー,Dummy
3438,ダミー,Dummy
3439,ダミー,Dummy
3440,ダミー,Dummy
3441,ダミー,Dummy
3442,ダミー,Dummy
3443,ダミー,Dummy
3444,ダミー,Dummy
3445,ダミー,Dummy
3446,ダミー,Dummy
3447,ダミー,Dummy
3448,ダミー,Dummy
3449,ダミー,Dummy
3450,ダミー,Dummy
3451,ダミー,Dummy
3452,ダミー,Dummy
3453,ダミー,Dummy
3454,ダミー,Dummy
3455,ダミー,Dummy
3456,ダミー,Dummy
3457,ダミー,Dummy
3458,ダミー,Dummy
3459,ダミー,Dummy
3460,ダミー,Dummy
3461,ダミー,Dummy
3462,ダミー,Dummy
3463,ダミー,Dummy
3464,ダミー,Dummy
3465,ダミー,Dummy
3466,ダミー,Dummy
3467,ダミー,Dummy
3468,ダミー,Dummy
3469,ダミー,Dummy
3470,ダミー,Dummy
3471,ダミー,Dummy
3472,ダミー,Dummy
3473,ダミー,Dummy
3474,ダミー,Dummy
3475,ダミー,Dummy
3476,ダミー,Dummy
3477,ダミー,Dummy
3478,ダミー,Dummy
3479,ダミー,Dummy
3480,ダミー,Dummy
3481,ダミー,Dummy
3482,ダミー,Dummy
3483,ダミー,Dummy
3484,ダミー,Dummy
3485,ダミー,Dummy
3486,ダミー,Dummy
3487,ダミー,Dummy
3488,ダミー,Dummy
3489,ダミー,Dummy
3490,ダミー,Dummy
3491,ダミー,Dummy
3492,ダミー,Dummy
3493,ダミー,Dummy
3494,ダミー,Dummy
3495,ダミー,Dummy
3496,ダミー,Dummy
3497,ダミー,Dummy
3498,ダミー,Dummy
3499,ダミー,Dummy
3500,ダミー,Dummy
3501,ベテランハンターの証とされ、{j}流体金属を使用し、破壊力の{j}高い一撃を放つ。,"Proof of a veteran Hunter:{j}made with liquid metal, it{j}unleashes blows of tremendous destructive power."
3502,ベテランハンターの証とされ、{j}流体金属を使用し、破壊力の{j}高い一撃を放つ。,"Proof of a veteran Hunter:{j}made with liquid metal, it{j}unleashes blows of tremendous destructive power."
3503,上品な色合いがとても美しい{j}軽弩。{c03}水冷弾{/c}と{c03}氷結弾{/c}が{j}{c03}速射{/c}対応。{c11}≪Ｇ級技巧≫{/c},Its elegant colors are truly beautiful.{j}A Light Bowgun.{c03}Water S{/c}and{c03}Ice S{/c}support{j}{c03}rapid fire{/c}.{c11}≪G Finesse≫{/c}
3504,上品な色合いがとても美しい{j}重弩。神秘的な光を{j}放っている。{c11}≪Ｇ級技巧≫{/c},Its elegant colors are truly beautiful.{j}A Heavy Bowgun. It emits a mysterious light{j}.{c11}≪G Finesse≫{/c}
3505,炎龍の灼熱をその身に纏う{j}巨砲。装填しただけで炎が{j}舞い踊り、全てを赤く染める。,"A giant cannon clad in the Flame Dragon's{j}scorching heat. Merely loading it sets flames{j}dancing, dyeing everything red."
3506,古の魔人を封印したという{j}摩訶不思議なボウガン。その{j}威力は職人も計り知れない。,A Bowgun said to have sealed an ancient demon.{j}A mysterious Bowgun. Its{j}power is beyond even the craftsmen's reckoning.
3507,規格外の火力を持つ恐る{j}べき鋼龍の重弩。まさに{j}最終兵器。,"A Heavy Bowgun made from the fearsome Kushala{j}Daora, with firepower beyond all norms. Truly the{j}ultimate weapon."
3508,スティールキリーをリメイク。{j}{c03}LV2 通常弾{/c}、{c03}火炎弾{/c}が{c03}速射{/c}{j}対応。{c11}≪ＨＣ武器≫{/c},"A remake of the Steel Kiri.{j}{c03}LV2 Normal Ammo{/c},{c03}Fire Ammo{/c}can use{c03}Rapid Fire{/c}{j}.{c11}≪HC Weapon≫{/c}"
3509,スティールキリーを異なる{j}金属でリメイク。{c03}LV2 通常弾{/c}、{j}{c03}火炎弾{/c}が{c03}速射{/c}対応。,"A remake of the Steel Kiri using a different{j}metal.{c03}LV2 Normal Ammo{/c},{j}{c03}Fire Ammo{/c}can use{c03}Rapid Fire{/c}."
3510,スティールパッファの設計図{j}を元に、開発されたヘビィボ{j}ウガン。{c11}≪ＨＣ武器≫{/c},"Based on the blueprint{j}of the Steel Puffer, a Heavy{j}Bowgun developed.{c11}≪HC Weapon≫{/c}"
3511,スティールパッファの設計図{j}を元に、異なる金属で新たに{j}開発されたヘビィボウガン。,"Based on the blueprint{j}of the Steel Puffer, a Heavy Bowgun newly{j}developed using a different metal."
3512,上手に焼けましたー！と叫び{j}たくなるライトボウガン。{j}{c11}≪Ｇ級技巧≫{/c},A Light Bowgun that makes you want to shout{j}'Well done!'{j}{c11}≪G Finesse≫{/c}
3513,数多の灰晶蠍を討伐した証と{j}して所持が許される貫通弓。{j}{c11}≪Ｇ級技巧≫{/c},A Pierce Bow that may be possessed as{j}proof of slaying many Akura Jebia.{j}{c11}≪G Finesse≫{/c}
3514,スティールレイヴンの設計図{j}を元に、異なる金属で新たに{j}開発された弓。{c11}≪ＨＣ武器≫{/c},"Based on the Steel Raven blueprint{j}, a Bow newly{j}developed with a different metal.{c11}≪HC Weapon≫{/c}"
3515,スティールレイヴンの設計図{j}を元に、異なる金属で新たに{j}開発された弓。,"Based on the Steel Raven blueprint{j}, a Bow newly{j}developed with a different metal."
3516,スティールレイヴンの設計図{j}を元に、異なる金属で新たに{j}開発された弓。,"Based on the Steel Raven blueprint{j}, a Bow newly{j}developed with a different metal."
3517,鍛錬を重ねることで、進化し{j}続けるといわれる弓。{j}氷属性。{c05}≪進化武器≫{/c},A Bow said to continue{j}evolving through repeated forging.{j}Ice Element.{c05}≪Evolution Weapon≫{/c}
3518,鍛錬を重ねることで、進化し{j}続けるといわれる弓。{j}氷属性。{c05}≪進化武器≫{/c},A Bow said to continue{j}evolving through repeated forging.{j}Ice Element.{c05}≪Evolution Weapon≫{/c}
3519,鍛錬を重ねることで、進化し{j}続けるといわれる弓。{j}氷属性。{c05}≪進化武器≫{/c},A Bow said to continue{j}evolving through repeated forging.{j}Ice Element.{c05}≪Evolution Weapon≫{/c}
3520,鍛錬を重ねることで、進化し{j}続けるといわれる弓。{j}氷属性。{c05}≪進化武器≫{/c},A Bow said to continue{j}evolving through repeated forging.{j}Ice Element.{c05}≪Evolution Weapon≫{/c}
3521,鍛錬を重ねることで、進化し{j}続けるといわれる弓。{j}氷属性。{c05}≪進化武器≫{/c},A Bow said to continue{j}evolving through repeated forging.{j}Ice Element.{c05}≪Evolution Weapon≫{/c}
3522,ダミー,Dummy
3523,ダミー,Dummy
3524,ダミー,Dummy
3525,ダミー,Dummy
3526,ダミー,Dummy
3527,0,
3528,0,
3529,0,
3530,紅蓮獅子の素材より造られた{j}重砲。大地を揺るがす咆哮を{j}撃つ。{c02}≪剛種武器≫{/c},A{j}Heavy Cannon made from Crimson Lion materials. It fires a{j}roar that shakes the earth.{c02}≪Gou Weapon≫{/c}
3531,紅蓮獅子の素材より造られた{j}重砲。大地を揺るがす咆哮を{j}撃つ。{c02}≪天嵐武器≫{/c},A{j}Heavy Cannon made from Crimson Lion materials. It fires a{j}roar that shakes the earth.{c02}≪Tenran Weapon≫{/c}
3532,紅蓮獅子の素材より造られた{j}重砲。大地を揺るがす咆哮を{j}撃つ。{c02}≪覇種武器≫{/c},A{j}Heavy Cannon made from Crimson Lion materials. It fires a{j}roar that shakes the earth.{c02}≪Supremacy Weapon≫{/c}
3533,紅蓮獅子の素材より造られた{j}重砲。大地を揺るがす咆哮を{j}撃つ。{c02}≪Ｇ級覇種≫{/c},A{j}Heavy Cannon made from Crimson Lion materials. It fires a{j}roar that shakes the earth.{c02}≪G-Rank Supremacy≫{/c}
3534,紅蓮獅子の素材より造られた{j}重砲。大地を揺るがす咆哮を{j}撃つ。{c02}≪烈種武器：一閃+1≫{/c},A{j}Heavy Cannon made from Crimson Lion materials. It fires a{j}roar that shakes the earth.{c02}≪Burst Weapon: Issen+1≫{/c}
3535,紅蓮獅子の素材より造られた{j}重砲。大地を揺るがす咆哮を{j}撃つ。{c02}≪始種武器：一閃+2≫{/c},A{j}Heavy Cannon made from Crimson Lion materials. It fires a{j}roar that shakes the earth.{c02}≪Origin Weapon: Issen+2≫{/c}
3536,古の装飾が施された黒い軽弩。{j}儀礼用だが実用性も{j}兼ね備えた名工謹製の逸品。,"A black Light Bowgun adorned with ancient{j}ornamentation. A masterpiece by a master artisan,{j}ceremonial yet also practical."
3537,古の装飾が施された黒い軽弩。{j}儀礼用だが実用性も{j}兼ね備えた名工謹製の逸品。,"A black Light Bowgun adorned with ancient{j}ornamentation. A masterpiece by a master artisan,{j}ceremonial yet also practical."
3538,古の装飾が施された黒い軽弩。{j}名工謹製の逸品。{j}{c16}≪親方印≫{/c},A black Light Bowgun adorned with ancient ornamentation.{j}A masterpiece crafted by a master artisan.{j}{c16}≪Master Mark≫{/c}
3539,古の装飾が施された黒い軽弩。{j}儀礼用であったものを鍛え、{j}至高の逸品へと昇華した。,"A black Light Bowgun adorned with ancient ornamentation.{j}Forged from what was once ceremonial,{j}it was elevated into a supreme masterpiece."
3540,古の装飾が施された黒い重弩。{j}儀礼用だが実用性も{j}兼ね備えた名工謹製の逸品。,"A black Heavy Bowgun adorned with ancient{j}ornamentation. A masterpiece by a master artisan,{j}ceremonial yet also practical."
3541,古の装飾が施された黒い重弩。{j}儀礼用だが実用性も{j}兼ね備えた名工謹製の逸品。,"A black Heavy Bowgun adorned with ancient{j}ornamentation. A masterpiece by a master artisan,{j}ceremonial yet also practical."
3542,古の装飾が施された黒い重弩。{j}名工謹製の逸品。{j}{c16}≪親方印≫{/c},A black Heavy Bowgun adorned with ancient ornamentation.{j}A masterpiece by a master artisan.{j}{c16}≪Master Mark≫{/c}
3543,古の装飾が施された黒い重弩。{j}儀礼用であったものを鍛え、{j}至高の逸品へと昇華した。,"A black Heavy Bowgun adorned with ancient{j}ornamentation. What was once ceremonial has been{j}reforged, sublimated into a supreme masterpiece."
3544,古の装飾が施された黒い弓。{j}儀礼用だが実用性も{j}兼ね備えた名工謹製の逸品。,"A black Bow adorned with ancient ornamentation. A{j}masterpiece by a master artisan, ceremonial yet{j}also practical."
3545,古の装飾が施された黒い弓。{j}儀礼用だが実用性も{j}兼ね備えた名工謹製の逸品。,"A black Bow adorned with ancient ornamentation. A{j}masterpiece by a master artisan, ceremonial yet{j}also practical."
3546,古の装飾が施された黒い弓。{j}名工謹製の逸品。{j}{c16}≪親方印≫{/c},A black Bow adorned with ancient ornamentation.{j}A masterpiece crafted by a master artisan.{j}{c16}≪Master Mark≫{/c}
3547,古の装飾が施された黒い弓。{j}儀礼用であったものを鍛え、{j}至高の逸品へと昇華した。,"A black Bow adorned with ancient ornamentation.{j}Forged from what was once ceremonial,{j}it was elevated into a supreme masterpiece."
3548,花々を愛でる貴婦人が職人に{j}直々に依頼をした弓。{j}仄かに花の香りが漂う。,A Bow personally commissioned from a craftsman by a{j}noble lady who loves flowers. A faint scent of{j}flowers drifts from it.
3549,花々を愛でる貴婦人が職人に{j}直々に依頼をした弓。{j}仄かに花の香りが漂う。,A Bow personally commissioned from a craftsman by a{j}noble lady who loves flowers. A faint scent of{j}flowers drifts from it.
3550,花々を愛でる貴婦人が職人に{j}直々に依頼をした弓。{j}仄かに花の香りが漂う。,A Bow personally commissioned from a craftsman by a{j}noble lady who loves flowers. A faint scent of{j}flowers drifts from it.
3551,花々を愛でる貴婦人が職人に{j}直々に依頼をした弓。{j}{c11}≪ＨＣ武器≫{/c},A Bow{j}personally commissioned from a craftsman by a noble lady who loves flowers.{j}{c11}≪HC Weapon≫{/c}
3552,花々を愛でる貴婦人が職人に{j}直々に依頼をした弓。{j}仄かに花の香りが漂う。,A Bow personally commissioned from a craftsman by a{j}noble lady who loves flowers. A faint scent of{j}flowers drifts from it.
3553,花々を愛でる貴婦人が職人に{j}直々に依頼をした弓。{j}仄かに花の香りが漂う。,A Bow personally commissioned from a craftsman by a{j}noble lady who loves flowers. A faint scent of{j}flowers drifts from it.
3554,ダミー,Dummy
3555,ダミー,Dummy
3556,ダミー,Dummy
3557,ダミー,Dummy
3558,ダミー,Dummy
3559,鍛錬を重ねることで、進化し{j}続けるといわれる弓。{j}雷属性。{c05}≪進化武器≫{/c},A Bow said to continue{j}evolving through repeated forging.{j}Thunder Element.{c05}≪Evolution Weapon≫{/c}
3560,鍛錬を重ねることで、進化し{j}続けるといわれる弓。{j}雷属性。{c05}≪進化武器≫{/c},A Bow said to continue{j}evolving through repeated forging.{j}Thunder Element.{c05}≪Evolution Weapon≫{/c}
3561,鍛錬を重ねることで、進化し{j}続けるといわれる弓。{j}雷属性。{c05}≪進化武器≫{/c},A Bow said to continue{j}evolving through repeated forging.{j}Thunder Element.{c05}≪Evolution Weapon≫{/c}
3562,鍛錬を重ねることで、進化し{j}続けるといわれる弓。{j}雷属性。{c05}≪進化武器≫{/c},A Bow said to continue{j}evolving through repeated forging.{j}Thunder Element.{c05}≪Evolution Weapon≫{/c}
3563,鍛錬を重ねることで、進化し{j}続けるといわれる弓。{j}雷属性。{c05}≪進化武器≫{/c},A Bow said to continue{j}evolving through repeated forging.{j}Thunder Element.{c05}≪Evolution Weapon≫{/c}
3564,天高く聳えたつ塔の番人、{j}その魂が宿る重弩。{j}まさに力の暴力。,"The guardian of the tower soaring into the heavens,{j}a Heavy Bowgun that houses its soul.{j}Truly the violence of brute force."
3565,天高く聳えたつ塔の番人、{j}その魂が宿る重弩。{j}まさに力の暴力。,"The guardian of the tower soaring into the heavens,{j}a Heavy Bowgun that houses its soul.{j}Truly the violence of brute force."
3566,天高く聳えたつ塔の番人、{j}その魂が宿る重弩。{j}まさに力の暴力。,"The guardian of the tower soaring into the heavens,{j}a Heavy Bowgun that houses its soul.{j}Truly the violence of brute force."
3567,天高く聳えたつ塔の番人、{j}その魂が宿る重弩。{j}まさに力の暴力。,"The guardian of the tower soaring into the heavens,{j}a Heavy Bowgun that houses its soul.{j}Truly the violence of brute force."
3568,天高く聳えたつ塔の番人、{j}その魂が宿る重弩。{j}{c11}≪ＨＣ武器≫{/c},"The guardian of the tower soaring into the heavens,{j}a Heavy Bowgun that houses its soul.{j}{c11}≪HC Weapon≫{/c}"
3569,天高く聳えたつ塔の番人、{j}その魂が宿る重弩。{j}まさに力の暴力。,"The guardian of the tower soaring into the heavens,{j}a Heavy Bowgun that houses its soul.{j}Truly the violence of brute force."
3570,天高く聳えたつ塔の番人、{j}その魂が宿る重弩。{j}まさに力の暴力。,"The guardian of the tower soaring into the heavens,{j}a Heavy Bowgun that houses its soul.{j}Truly the violence of brute force."
3571,天高く聳えたつ塔の番人、{j}その魂が宿る重弩。最強{j}最悪の力を誇る。,"The guardian of the tower soaring into the heavens,{j}a Heavy Bowgun that houses its soul. It boasts the{j}strongest and most dreadful power."
3572,天高く聳えたつ塔の番人、{j}その魂が宿る重弩。最強{j}最悪の力を誇る。,"The guardian of the tower soaring into the heavens,{j}a Heavy Bowgun that houses its soul. It boasts the{j}strongest and most dreadful power."
3573,天高く聳えたつ塔の番人、{j}その魂が宿る重弩。最強{j}最悪の力を誇る。,"The guardian of the tower soaring into the heavens,{j}a Heavy Bowgun that houses its soul. It boasts the{j}strongest and most dreadful power."
3574,天高く聳えたつ塔の番人、{j}その魂が宿る重弩。最強{j}最悪の力を誇る。,"The guardian of the tower soaring into the heavens,{j}a Heavy Bowgun that houses its soul. It boasts the{j}strongest and most dreadful power."
3575,天高く聳えたつ塔の番人、{j}その魂が宿る重弩。{j}{c11}≪ＨＣ武器≫{/c},"The guardian of the tower soaring into the heavens,{j}a Heavy Bowgun that houses its soul.{j}{c11}≪HC Weapon≫{/c}"
3576,天高く聳えたつ塔の番人、{j}その魂が宿る重弩。最強{j}最悪の力を誇る。,"The guardian of the tower soaring into the heavens,{j}a Heavy Bowgun that houses its soul. It boasts the{j}strongest and most dreadful power."
3577,天高く聳えたつ塔の番人、{j}その魂が宿る重弩。最強{j}最悪の力を誇る。,"The guardian of the tower soaring into the heavens,{j}a Heavy Bowgun that houses its soul. It boasts the{j}strongest and most dreadful power."
3578,不死鳥のごとき爆炎銃。{j}{c03}LV1 貫通弾{/c}と{c03}火炎弾{/c}が{c03}超速射{/c}{j}対応。{c02}≪始種武器：吸血+2≫{/c},A blazing gun like a phoenix.{j}{c03}LV1 Pierce Ammo{/c}and{c03}Flaming Ammo{/c}are{c03}compatible with Ultra Rapid Fire{/c}{j}.{c02}≪Origin Weapon: Vampirism+2≫{/c}
3579,華鳳鳥の素材を用いた軽弩。{j}{c03}火炎弾{/c}、{c03}電撃弾{/c}が{c03}超速射{/c}対応。{j}{c02}≪始種武器：ブチギレ≫{/c},"A Light Bowgun made from Splendid Phoenix Bird materials.{j}{c03}Fire Ammo{/c},{c03}Thunder Ammo{/c}are{c03}Ultra Rapid Fire{/c}compatible.{j}{c02}≪Origin Weapon: Buchigire≫{/c}"
3580,華鳳鳥の素材を用いた重弩。{j}麗しの砲撃を放つ。{j}{c02}≪始種武器：ブチギレ≫{/c},A Heavy Bowgun made from Splendid Phoenix Bird materials.{j}Fires a beautiful bombardment.{j}{c02}≪Origin Weapon: Buchigire≫{/c}
3581,綺麗な装飾から香る花の匂い{j}が一時の安らぎを感じさせる。{j}{c02}≪始種武器：ブチギレ≫{/c},The scent of flowers{j}drifting from the lovely ornament brings a moment of peace.{j}{c02}≪Origin Weapon: Buchigire≫{/c}
3582,山々を炎の海へと変えた{j}とされる炎角竜の重砲。{j}{c02}≪始種武器：吸血+2≫{/c},"A heavy bowgun of the{j}Flame Diablos, said to have turned mountains into a sea of flames.{j}{c02}≪Origin Weapon: Vampirism+2≫{/c}"
3583,熱き闘志を奥底から呼び{j}覚ます炎角竜の弓。{j}{c02}≪始種武器：吸血+2≫{/c},A Flame Horn Wyvern bow that awakens{j}a burning fighting spirit from deep within.{j}{c02}≪Origin Weapon: Vampirism+2≫{/c}
3584,芸術肌の職人が相棒の姿を{j}武器にした渾身の迷作。{j}{c03}火炎弾{/c}が{c03}速射{/c}対応。,A dubious masterpiece turned into a weapon in the image of its partner{j}by a craftsman with an artistic flair.{j}{c03}Fire S{/c}supports{c03}rapid fire{/c}.
3585,芸術肌の職人が相棒の姿を{j}武器にした渾身の迷作。{j}{c03}火炎弾{/c}が{c03}速射{/c}対応。,A dubious masterpiece turned into a weapon in the image of its partner{j}by a craftsman with an artistic flair.{j}{c03}Fire S{/c}supports{c03}rapid fire{/c}.
3586,芸術肌の職人が相棒の姿を{j}武器にした渾身の迷作。{j}{c03}火炎弾{/c}が{c03}速射{/c}対応。,A dubious masterpiece turned into a weapon in the image of its partner{j}by a craftsman with an artistic flair.{j}{c03}Fire S{/c}supports{c03}rapid fire{/c}.
3587,芸術肌の職人が相棒の姿を{j}捉えた軽弩。{c03}火炎弾{/c}が{c03}速射{/c}対{j}応。{c11}≪ＨＣ武器≫{/c},"A Light Bowgun that captured the appearance of its partner{j}, made by a craftsman with an artistic flair.{c03}Fire S{/c}can be{c03}rapid-fired{/c}{j}.{c11}≪HC Weapon≫{/c}"
3588,芸術肌の職人が相棒の姿を{j}武器にした渾身の迷作。{j}{c03}火炎弾{/c}が{c03}速射{/c}対応。,A dubious masterpiece turned into a weapon in the image of its partner{j}by a craftsman with an artistic flair.{j}{c03}Fire S{/c}supports{c03}rapid fire{/c}.
3589,芸術肌の職人が相棒の姿を{j}武器にした渾身の迷作。{j}{c03}火炎弾{/c}が{c03}速射{/c}対応。,A dubious masterpiece turned into a weapon in the image of its partner{j}by a craftsman with an artistic flair.{j}{c03}Fire S{/c}supports{c03}rapid fire{/c}.
3590,芸術肌の職人が相棒の姿を{j}武器にした渾身の迷作。{j}{c03}氷結弾{/c}が{c03}速射{/c}対応。,A dubious masterpiece turned into a weapon in the image of its partner{j}by a craftsman with an artistic flair.{j}{c03}Ice S{/c}supports{c03}rapid fire{/c}.
3591,芸術肌の職人が相棒の姿を{j}武器にした渾身の迷作。{j}{c03}氷結弾{/c}が{c03}速射{/c}対応。,A dubious masterpiece turned into a weapon in the image of its partner{j}by a craftsman with an artistic flair.{j}{c03}Ice S{/c}supports{c03}rapid fire{/c}.
3592,芸術肌の職人が相棒の姿を{j}武器にした渾身の迷作。{j}{c03}氷結弾{/c}が{c03}速射{/c}対応。,A dubious masterpiece turned into a weapon in the image of its partner{j}by a craftsman with an artistic flair.{j}{c03}Ice S{/c}supports{c03}rapid fire{/c}.
3593,芸術肌の職人が相棒の姿を{j}捉えた軽弩。{c03}氷結弾{/c}が{c03}速射{/c}対{j}応。{c11}≪ＨＣ武器≫{/c},"A Light Bowgun that captured the appearance of its partner{j}, made by a craftsman with an artistic flair.{c03}Ice S{/c}can be{c03}rapid-fired{/c}{j}.{c11}≪HC Weapon≫{/c}"
3594,芸術肌の職人が相棒の姿を{j}武器にした渾身の迷作。{j}{c03}氷結弾{/c}が{c03}速射{/c}対応。,A dubious masterpiece turned into a weapon in the image of its partner{j}by a craftsman with an artistic flair.{j}{c03}Ice S{/c}supports{c03}rapid fire{/c}.
3595,芸術肌の職人が相棒の姿を{j}武器にした渾身の迷作。{j}{c03}氷結弾{/c}が{c03}速射{/c}対応。,A dubious masterpiece turned into a weapon in the image of its partner{j}by a craftsman with an artistic flair.{j}{c03}Ice S{/c}supports{c03}rapid fire{/c}.
3596,0,
3597,0,
3598,進化する軽弩。{j}{c06}強酸弾{/c}に対応。{c03}LV2 通常弾{/c}{j}が{c03}速射{/c}対応。{c05}≪進化武器≫{/c},An evolving Light Bowgun. Compatible with{j}{c06}Strong Acid Ammo{/c}.{c03}Lv2 Normal Ammo{/c}{j}is capable of{c03}Rapid Fire{/c}.{c05}≪Evolution Weapon≫{/c}
3599,進化する軽弩。{c06}強酸弾{/c}に{j}対応。{c03}LV2 通常弾{/c}、{c03}LV1 貫通弾{/c}{j}が{c03}速射{/c}対応。{c05}≪進化武器≫{/c},"An evolving light bowgun.{c06}Compatible with{/c}Strong Acid S{j}.{c03}LV2 Normal S{/c},{c03}LV1 Pierce S{/c}{j}are{c03}Rapid Fire{/c}capable.{c05}≪Evolution Weapon≫{/c}"
3600,進化する軽弩。{c06}火酸弾{/c}に{j}対応。{c03}LV2 通常弾{/c}、{c03}火炎弾{/c}{j}が{c03}速射{/c}対応。{c05}≪進化武器≫{/c},An evolving Light Bowgun. Compatible with{c06}Fire Acid Ammo{/c}{j}.{c03}Lv2 Normal Ammo{/c}and{c03}Flame Ammo{/c}{j}are capable of{c03}Rapid Fire{/c}.{c05}≪Evolution Weapon≫{/c}
3601,進化する軽弩。{c06}強酸弾{/c}に{j}対応。{c03}LV2 通常弾{/c}、{c03}LV1 貫通弾{/c}{j}が{c03}速射{/c}対応。{c05}≪進化武器≫{/c},"An evolving light bowgun.{c06}Compatible with{/c}Strong Acid S{j}.{c03}LV2 Normal S{/c},{c03}LV1 Pierce S{/c}{j}are{c03}Rapid Fire{/c}capable.{c05}≪Evolution Weapon≫{/c}"
3602,進化する軽弩。{c06}火酸弾{/c}に{j}対応。{c03}LV2 通常弾{/c}、{c03}火炎弾{/c}{j}が{c03}速射{/c}対応。{c05}≪進化武器≫{/c},An evolving Light Bowgun. Compatible with{c06}Fire Acid Ammo{/c}{j}.{c03}Lv2 Normal Ammo{/c}and{c03}Flame Ammo{/c}{j}are capable of{c03}Rapid Fire{/c}.{c05}≪Evolution Weapon≫{/c}
3603,0,
3604,0,
3605,ダミー,Dummy
3606,ダミー,Dummy
3607,ダミー,Dummy
3608,束ねた雷を番えて放ち、{j}変幻自在に弧を描く、{j}流星の如き弓。,"A bow that looses gathered lightning,{j}tracing freely shifting arcs,{j}like a shooting star."
3609,極龍の力を具現する軽銃。{j}荒れ狂う嵐を招くという。,A Light Bowgun that embodies the power of the Extreme Dragon.{j}It is said to summon raging storms.
3610,放たれる銃撃は竜を堕とす九界{j}の王の咆哮。銃創が獲物を九界{j}に引きこむ。{c04}≪遷悠武器≫{/c},Every shot is the roar of the king of the Nine Realms{j}that fells dragons. Its wounds drag prey{j}into the Nine Realms.{c04}≪Exotic Weapon≫{/c}
3611,放たれる銃撃は竜を堕とす九界{j}の王の咆哮。銃創が獲物を九界{j}に引きこむ。{c04}≪遷悠武器≫{/c},Every shot is the roar of the king of the Nine Realms{j}that fells dragons. Its wounds drag prey{j}into the Nine Realms.{c04}≪Exotic Weapon≫{/c}
3612,獄界の王の深き業を体現する{j}重弩。その重みに耐え得る者は{j}天をも支配する。{c04}≪遷悠武器≫{/c},A heavy bowgun embodying the deep karma{j}of the hell realm's king. One who bears its weight{j}shall rule even the heavens.{c04}≪Exotic Weapon≫{/c}
3613,獄界の王の深き業を体現する{j}重弩。その重みに耐え得る者は{j}天をも支配する。{c04}≪遷悠武器≫{/c},A heavy bowgun embodying the deep karma{j}of the hell realm's king. One who bears its weight{j}shall rule even the heavens.{c04}≪Exotic Weapon≫{/c}
3614,赤い雷を帯びた獄狼竜の強弓。{j}放たれる矢が、豪雷となりて{j}敵を貫く。{c04}≪遷悠武器≫{/c},A mighty bow of a Stygian Zinogre clad in crimson lightning.{j}The arrows it fires become a fierce thunderbolt{j}that pierces the enemy.{c04}≪Exotic Weapon≫{/c}
3615,赤い雷を帯びた獄狼竜の強弓。{j}放たれる矢が、豪雷となりて{j}敵を貫く。{c04}≪遷悠武器≫{/c},A mighty bow of a Stygian Zinogre clad in crimson lightning.{j}The arrows it fires become a fierce thunderbolt{j}that pierces the enemy.{c04}≪Exotic Weapon≫{/c}
3616,仄暗き龍光を湛えし獄帝の{j}豪弓。放たれる矢は獄界の囚{j}人の苦痛を叫ぶ。{c04}≪遷悠武器≫{/c},"A magnificent bow of the nether emperor, steeped in dim dragonlight.{j}Each arrow loosed{j}screams the agony of the netherworld's prisoners.{c04}≪Exotic Weapon≫{/c}"
3617,夢も、儚き幻想も、全ての{j}幻影を破るという軽弩。{j}幻獣も例外ではない。,"A Light Bowgun said to shatter every{j}illusion, be it a dream or a fleeting fantasy.{j}Even Phantom Beasts are no exception."
3618,磁界の王が操る磁力を征する{j}ために、職人たちが技術を{j}持ち寄り作られた弓。,"For the sake of subduing the magnetic power wielded{j}by the King of the Magnetic Field, artisans pooled{j}their skills to craft this Bow."
3619,異国独自の技術を用いて、{j}造られたという乗り物を{j}模した軽弩。,A Light Bowgun{j}modeled after a vehicle said to be{j}built using a foreign land's unique technology.
3620,異国独自の技術を用いて、{j}造られたという乗り物を{j}模した軽弩。{c16}≪親方印≫{/c},A Light Bowgun{j}modeled after a vehicle said to be{j}built using a foreign land's unique technology.{c16}≪Master Mark≫{/c}
3621,異国独自の技術を用いて、{j}造られたという乗り物を{j}模した軽弩。,A Light Bowgun{j}modeled after a vehicle said to be{j}built using a foreign land's unique technology.
3622,闇が色濃い晩には、人知れず、{j}月夜を飛ぶという獣人族の{j}言い伝えを元に作られた。,"Based on a Beastman{j}legend that, on dark nights, it{j}flies across the moon unseen by any."
3623,闇が色濃い晩には、人知れず、{j}月夜を飛ぶという獣人族の{j}重弩。{c16}≪親方印≫{/c},"A Heavy Bowgun{j}of the Beastman, said to fly{j}across the moon unseen on dark nights.{c16}≪Master Mark≫{/c}"
3624,闇が色濃い晩には、人知れず、{j}月夜を飛ぶという獣人族の{j}言い伝えを元に作られた。,"Based on a Beastman{j}legend that, on dark nights, it{j}flies across the moon unseen by any."
3625,上品な色合いがとても美しい{j}重弩。神秘的な光を{j}放っている。{c11}≪Ｇ級技巧≫{/c},Its elegant colors are truly beautiful.{j}A Heavy Bowgun. It emits a mysterious light{j}.{c11}≪G Finesse≫{/c}
3626,精練されたフルフルの素材を{j}使用して作られたライトボウ{j}ガン。{c28}≪辿異武器≫{/c},A Light{j}Bowgun made using{j}refined Khezu materials.{c28}≪Zenith Weapon≫{/c}
3627,精練されたフルフルの素材を{j}使用して作られたライトボウ{j}ガン。{c28}≪辿異武器≫{/c},A Light{j}Bowgun made using{j}refined Khezu materials.{c28}≪Zenith Weapon≫{/c}
3628,精練されたフルフルの素材を{j}使用して作られたライトボウ{j}ガン。{c28}≪辿異武器≫{/c},A Light{j}Bowgun made using{j}refined Khezu materials.{c28}≪Zenith Weapon≫{/c}
3629,精練されたフルフルの素材を{j}使用して作られたライトボウ{j}ガン。{c28}≪辿異武器≫{/c},A Light{j}Bowgun made using{j}refined Khezu materials.{c28}≪Zenith Weapon≫{/c}
3630,不思議な形状を持つフルフルの{j}重砲。砲身をつつむ光が{j}威力の源。{c28}≪辿異武器≫{/c},A Khezu{j}Heavy Bowgun of mysterious shape. The light enveloping the barrel is{j}the source of its power.{c28}≪Zenith Weapon≫{/c}
3631,不思議な形状を持つフルフルの{j}重砲。砲身をつつむ光が{j}威力の源。{c28}≪辿異武器≫{/c},A Khezu{j}Heavy Bowgun of mysterious shape. The light enveloping the barrel is{j}the source of its power.{c28}≪Zenith Weapon≫{/c}
3632,不思議な形状を持つフルフルの{j}重砲。砲身をつつむ光が{j}威力の源。{c28}≪辿異武器≫{/c},A Khezu{j}Heavy Bowgun of mysterious shape. The light enveloping the barrel is{j}the source of its power.{c28}≪Zenith Weapon≫{/c}
3633,不思議な形状を持つフルフルの{j}重砲。砲身をつつむ光が{j}威力の源。{c28}≪辿異武器≫{/c},A Khezu{j}Heavy Bowgun of mysterious shape. The light enveloping the barrel is{j}the source of its power.{c28}≪Zenith Weapon≫{/c}
3634,フルフルを思わせる異形な{j}姿をした弓。一部では熱狂{j}的な人気が。{c28}≪辿異武器≫{/c},A Bow with a{j}grotesque form reminiscent of Khezu. It has a fanatical{j}following in some circles.{c28}≪Zenith Weapon≫{/c}
3635,フルフルを思わせる異形な{j}姿をした弓。一部では熱狂{j}的な人気が。{c28}≪辿異武器≫{/c},A Bow with a{j}grotesque form reminiscent of Khezu. It has a fanatical{j}following in some circles.{c28}≪Zenith Weapon≫{/c}
3636,フルフルを思わせる異形な{j}姿をした弓。一部では熱狂{j}的な人気が。{c28}≪辿異武器≫{/c},A Bow with a{j}grotesque form reminiscent of Khezu. It has a fanatical{j}following in some circles.{c28}≪Zenith Weapon≫{/c}
3637,フルフルを思わせる異形な{j}姿をした弓。一部では熱狂{j}的な人気が。{c28}≪辿異武器≫{/c},A Bow with a{j}grotesque form reminiscent of Khezu. It has a fanatical{j}following in some circles.{c28}≪Zenith Weapon≫{/c}
3638,頑強な盾蟹の素材を砲身とし、{j}強力な砲撃を可能にした軽弩。{j}{c28}≪辿異武器≫{/c},"Using the sturdy shell of a Daimyo Hermitaur as its barrel, this Light Bowgun enables{j}powerful shots.{j}{c28}≪Zenith Weapon≫{/c}"
3639,頑強な盾蟹の素材を砲身とし、{j}強力な砲撃を可能にした軽弩。{j}{c28}≪辿異武器≫{/c},"Using the sturdy shell of a Daimyo Hermitaur as its barrel, this Light Bowgun enables{j}powerful shots.{j}{c28}≪Zenith Weapon≫{/c}"
3640,頑強な盾蟹の素材を砲身とし、{j}強力な砲撃を可能にした軽弩。{j}{c28}≪辿異武器≫{/c},"Using the sturdy shell of a Daimyo Hermitaur as its barrel, this Light Bowgun enables{j}powerful shots.{j}{c28}≪Zenith Weapon≫{/c}"
3641,頑強な盾蟹の素材を砲身とし、{j}強力な砲撃を可能にした軽弩。{j}{c28}≪辿異武器≫{/c},"Using the sturdy shell of a Daimyo Hermitaur as its barrel, this Light Bowgun enables{j}powerful shots.{j}{c28}≪Zenith Weapon≫{/c}"
3642,盾蟹の素材を使用し相手を{j}殲滅できるよう作られた{j}頑丈な重弩。{c28}≪辿異武器≫{/c},"Built to annihilate enemies{j}using Shield Crab materials,{j}a sturdy Heavy Bowgun.{c28}≪Zenith Weapon≫{/c}"
3643,盾蟹の素材を使用し相手を{j}殲滅できるよう作られた{j}頑丈な重弩。{c28}≪辿異武器≫{/c},"Built to annihilate enemies{j}using Shield Crab materials,{j}a sturdy Heavy Bowgun.{c28}≪Zenith Weapon≫{/c}"
3644,盾蟹の素材を使用し相手を{j}殲滅できるよう作られた{j}頑丈な重弩。{c28}≪辿異武器≫{/c},"Built to annihilate enemies{j}using Shield Crab materials,{j}a sturdy Heavy Bowgun.{c28}≪Zenith Weapon≫{/c}"
3645,盾蟹の素材を使用し相手を{j}殲滅できるよう作られた{j}頑丈な重弩。{c28}≪辿異武器≫{/c},"Built to annihilate enemies{j}using Shield Crab materials,{j}a sturdy Heavy Bowgun.{c28}≪Zenith Weapon≫{/c}"
3646,盾蟹の爪を軽量化し、持ち{j}運びに便利なよう改良した{j}弓。{c28}≪辿異武器≫{/c},"Improved for easy{j}carrying by lightening Shield Crab claws,{j}a bow.{c28}≪Zenith Weapon≫{/c}"
3647,盾蟹の爪を軽量化し、持ち{j}運びに便利なよう改良した{j}弓。{c28}≪辿異武器≫{/c},"Improved for easy{j}carrying by lightening Shield Crab claws,{j}a bow.{c28}≪Zenith Weapon≫{/c}"
3648,盾蟹の爪を軽量化し、持ち{j}運びに便利なよう改良した{j}弓。{c28}≪辿異武器≫{/c},"Improved for easy{j}carrying by lightening Shield Crab claws,{j}a bow.{c28}≪Zenith Weapon≫{/c}"
3649,盾蟹の爪を軽量化し、持ち{j}運びに便利なよう改良した{j}弓。{c28}≪辿異武器≫{/c},"Improved for easy{j}carrying by lightening Shield Crab claws,{j}a bow.{c28}≪Zenith Weapon≫{/c}"
3650,進化する軽弩。{j}{c06}強酸弾{/c}に対応。{c03}LV2 通常弾{/c}{j}が{c03}速射{/c}対応。{c05}≪進化武器≫{/c},An evolving Light Bowgun. Compatible with{j}{c06}Strong Acid Ammo{/c}.{c03}Lv2 Normal Ammo{/c}{j}is capable of{c03}Rapid Fire{/c}.{c05}≪Evolution Weapon≫{/c}
3651,進化する軽弩。{c06}強酸弾{/c}に{j}対応。{c03}LV2 通常弾{/c}、{c03}LV1 貫通弾{/c}{j}が{c03}速射{/c}対応。{c05}≪進化武器≫{/c},"An evolving light bowgun.{c06}Compatible with{/c}Strong Acid S{j}.{c03}LV2 Normal S{/c},{c03}LV1 Pierce S{/c}{j}are{c03}Rapid Fire{/c}capable.{c05}≪Evolution Weapon≫{/c}"
3652,進化する軽弩。{c06}水酸弾{/c}に{j}対応。{c03}LV2 通常弾{/c}、{c03}水冷弾{/c}{j}が{c03}速射{/c}対応。{c05}≪進化武器≫{/c},An evolving Light Bowgun. Compatible with{c06}Aqua Acid Ammo{/c}{j}.{c03}Lv2 Normal Ammo{/c}and{c03}Water Ammo{/c}{j}are capable of{c03}Rapid Fire{/c}.{c05}≪Evolution Weapon≫{/c}
3653,進化する軽弩。{c06}強酸弾{/c}に{j}対応。{c03}LV2 通常弾{/c}、{c03}LV1 貫通弾{/c}{j}が{c03}速射{/c}対応。{c05}≪進化武器≫{/c},"An evolving light bowgun.{c06}Compatible with{/c}Strong Acid S{j}.{c03}LV2 Normal S{/c},{c03}LV1 Pierce S{/c}{j}are{c03}Rapid Fire{/c}capable.{c05}≪Evolution Weapon≫{/c}"
3654,進化する軽弩。{c06}水酸弾{/c}に{j}対応。{c03}LV2 通常弾{/c}、{c03}水冷弾{/c}{j}が{c03}速射{/c}対応。{c05}≪進化武器≫{/c},An evolving Light Bowgun. Compatible with{c06}Aqua Acid Ammo{/c}{j}.{c03}Lv2 Normal Ammo{/c}and{c03}Water Ammo{/c}{j}are capable of{c03}Rapid Fire{/c}.{c05}≪Evolution Weapon≫{/c}
3655,異国の技術を取り入れた最新{j}型の弓。軽量化を図ったため、{j}扱いやすい。,"The latest-type Bow, incorporating foreign{j}technology. Its lightweight design makes it easy to{j}handle."
3656,異国の技術を取り入れた最新{j}型の弓。軽量化を図ったため、{j}扱いやすい。,"The latest-type Bow, incorporating foreign{j}technology. Its lightweight design makes it easy to{j}handle."
3657,異国の技術を取り入れた最新{j}型の弓。軽量化を図ったため、{j}扱いやすい。,"The latest-type Bow, incorporating foreign{j}technology. Its lightweight design makes it easy to{j}handle."
3658,異国の技術を取り入れた最新{j}型の弓。軽量化を図ったため、{j}扱いやすい。,"The latest-type Bow, incorporating foreign{j}technology. Its lightweight design makes it easy to{j}handle."
3659,異国の技術を取り入れた最新{j}型の弓。軽量化を図ったため、{j}扱いやすい。{c11}≪ＨＣ武器≫{/c},"The latest{j}-type Bow, incorporating foreign technology. Its lightweight design makes it{j}easy to handle.{c11}≪HC Weapon≫{/c}"
3660,異国の技術を取り入れた最新{j}型の弓。軽量化を図ったため、{j}扱いやすい。,"The latest-type Bow, incorporating foreign{j}technology. Its lightweight design makes it easy to{j}handle."
3661,異国の技術を取り入れた最新{j}型の弓。軽量化を図ったため、{j}扱いやすい。{c28}≪辿異武器≫{/c},"The latest{j}-type Bow, incorporating foreign technology. Its lightweight design makes it{j}easy to handle.{c28}≪Zenith Weapon≫{/c}"
3662,異国の技術を取り入れた最新{j}型の弓。軽量化を図ったため、{j}扱いやすい。,"The latest-type Bow, incorporating foreign{j}technology. Its lightweight design makes it easy to{j}handle."
3663,異国の技術を取り入れた最新{j}型の弓。軽量化を図ったため、{j}扱いやすい。,"The latest-type Bow, incorporating foreign{j}technology. Its lightweight design makes it easy to{j}handle."
3664,異国の技術を取り入れた最新{j}型の弓。軽量化を図ったため、{j}扱いやすい。,"The latest-type Bow, incorporating foreign{j}technology. Its lightweight design makes it easy to{j}handle."
3665,異国の技術を取り入れた最新{j}型の弓。軽量化を図ったため、{j}扱いやすい。,"The latest-type Bow, incorporating foreign{j}technology. Its lightweight design makes it easy to{j}handle."
3666,異国の技術を取り入れた最新{j}型の弓。軽量化を図ったため、{j}扱いやすい。{c11}≪ＨＣ武器≫{/c},"The latest{j}-type Bow, incorporating foreign technology. Its lightweight design makes it{j}easy to handle.{c11}≪HC Weapon≫{/c}"
3667,異国の技術を取り入れた最新{j}型の弓。軽量化を図ったため、{j}扱いやすい。,"The latest-type Bow, incorporating foreign{j}technology. Its lightweight design makes it easy to{j}handle."
3668,異国の技術を取り入れた最新{j}型の弓。軽量化を図ったため、{j}扱いやすい。{c28}≪辿異武器≫{/c},"The latest{j}-type Bow, incorporating foreign technology. Its lightweight design makes it{j}easy to handle.{c28}≪Zenith Weapon≫{/c}"
3669,歌姫の力に共鳴すると、{j}真の力が目覚める。{j}{c15}≪祈歌武器≫{/c},"When it resonates with the Songstress's power,{j}its true strength awakens.{j}{c15}≪Prayer Song Weapon≫{/c}"
3670,歌姫の力に共鳴すると、{j}真の力が目覚める。{j}{c15}≪祈歌武器≫{/c},"When it resonates with the Songstress's power,{j}its true strength awakens.{j}{c15}≪Prayer Song Weapon≫{/c}"
3671,歌姫の力に共鳴すると、{j}真の力が目覚める。{j}{c15}≪祈歌武器≫{/c},"When it resonates with the Songstress's power,{j}its true strength awakens.{j}{c15}≪Prayer Song Weapon≫{/c}"
3672,歌姫の力に共鳴すると、{j}真の力が目覚める。{j}{c15}≪祈歌武器≫{/c},"When it resonates with the Songstress's power,{j}its true strength awakens.{j}{c15}≪Prayer Song Weapon≫{/c}"
3673,歌姫の力に共鳴すると、{j}真の力が目覚める。{j}{c15}≪祈歌武器≫{/c},"When it resonates with the Songstress's power,{j}its true strength awakens.{j}{c15}≪Prayer Song Weapon≫{/c}"
3674,歌姫の力に共鳴すると、{j}真の力が目覚める。{j}{c15}≪祈歌武器≫{/c},"When it resonates with the Songstress's power,{j}its true strength awakens.{j}{c15}≪Prayer Song Weapon≫{/c}"
3675,歌姫の力に共鳴すると、{j}真の力が目覚める。{j}{c15}≪祈歌武器≫{/c},"When it resonates with the Songstress's power,{j}its true strength awakens.{j}{c15}≪Prayer Song Weapon≫{/c}"
3676,歌姫の力に共鳴すると、{j}真の力が目覚める。{j}{c15}≪祈歌武器≫{/c},"When it resonates with the Songstress's power,{j}its true strength awakens.{j}{c15}≪Prayer Song Weapon≫{/c}"
3677,歌姫の力に共鳴すると、{j}真の力が目覚める。{j}{c15}≪祈歌武器≫{/c},"When it resonates with the Songstress's power,{j}its true strength awakens.{j}{c15}≪Prayer Song Weapon≫{/c}"
3678,0,
3679,0,
3680,0,
3681,0,
3682,0,
3683,0,
3684,0,
3685,黒蝕竜の慟哭を封じ込めたとい{j}う逸品。銃口からは恨みの弾{j}丸が放たれる。{c04}≪遷悠武器≫{/c},A masterpiece said to{j}have sealed away the wailing of the Black Eclipse Dragon. Bullets of{j}malice are loosed from its muzzle.{c04}≪Exotic Weapon≫{/c}
3686,黒蝕竜の慟哭を封じ込めたとい{j}う逸品。銃口からは恨みの弾{j}丸が放たれる。{c04}≪遷悠武器≫{/c},A masterpiece said to{j}have sealed away the wailing of the Black Eclipse Dragon. Bullets of{j}malice are loosed from its muzzle.{c04}≪Exotic Weapon≫{/c}
3687,黒蝕竜の瘴気が凝りし重弩。{j}禍口が吐出す呪詛は、獲物を{j}内から喰らう。{c04}≪遷悠武器≫{/c},A Heavy Bowgun congealed from the miasma of the Black Eclipse Dragon. The{j}curse spat from its baleful maw devours its{j}prey from within.{c04}≪Exotic Weapon≫{/c}
3688,黒蝕竜の瘴気が凝りし重弩。{j}禍口が吐出す呪詛は、獲物を{j}内から喰らう。{c04}≪遷悠武器≫{/c},A Heavy Bowgun congealed from the miasma of the Black Eclipse Dragon. The{j}curse spat from its baleful maw devours its{j}prey from within.{c04}≪Exotic Weapon≫{/c}
3689,黒蝕竜の姿を模した大弓。{j}放たれた矢は絶望を纏い光を{j}も粉々に砕く。{c04}≪遷悠武器≫{/c},A great bow shaped in the image of the Black Eclipse Dragon.{j}Each arrow it looses is wrapped in despair and{j}shatters even light to dust.{c04}≪Exotic Weapon≫{/c}
3690,黒蝕竜の姿を模した大弓。{j}放たれた矢は絶望を纏い光を{j}も粉々に砕く。{c04}≪遷悠武器≫{/c},A great bow shaped in the image of the Black Eclipse Dragon.{j}Each arrow it looses is wrapped in despair and{j}shatters even light to dust.{c04}≪Exotic Weapon≫{/c}
3691,黒蝕竜の姿を模した大弓。{j}放たれた矢は絶望を纏い光を{j}も粉々に砕く。{c04}≪遷悠武器≫{/c},A great bow shaped in the image of the Black Eclipse Dragon.{j}Each arrow it looses is wrapped in despair and{j}shatters even light to dust.{c04}≪Exotic Weapon≫{/c}
3692,裂水竜の素材を使用した{j}ライトボウガン。,A{j}Light Bowgun made from Rending Water Dragon materials.
3693,熱き炎が獲物を焦がし{j}尽くす火竜の軽弩。{j}{c28}≪辿異武器≫{/c},A Fire Wyvern light bowgun whose raging flame scorches{j}and consumes its prey.{j}{c28}≪Zenith Weapon≫{/c}
3694,熱き炎が獲物を焦がし{j}尽くす火竜の軽弩。{j}{c28}≪辿異武器≫{/c},A Fire Wyvern light bowgun whose raging flame scorches{j}and consumes its prey.{j}{c28}≪Zenith Weapon≫{/c}
3695,熱き炎が獲物を焦がし{j}尽くす火竜の軽弩。{j}{c28}≪辿異武器≫{/c},A Fire Wyvern light bowgun whose raging flame scorches{j}and consumes its prey.{j}{c28}≪Zenith Weapon≫{/c}
3696,熱き炎が獲物を焦がし{j}尽くす火竜の軽弩。{j}{c28}≪辿異武器≫{/c},A Fire Wyvern light bowgun whose raging flame scorches{j}and consumes its prey.{j}{c28}≪Zenith Weapon≫{/c}
3697,全てを燃やし尽くさんばか{j}りに煌々と光る炎を内包する、{j}火竜の重弩。{c28}≪辿異武器≫{/c},A Heavy Bowgun of the Fire Wyvern that{j}holds a flame burning bright enough{j}to consume everything.{c28}≪Zenith Weapon≫{/c}
3698,全てを燃やし尽くさんばか{j}りに煌々と光る炎を内包する、{j}火竜の重弩。{c28}≪辿異武器≫{/c},A Heavy Bowgun of the Fire Wyvern that{j}holds a flame burning bright enough{j}to consume everything.{c28}≪Zenith Weapon≫{/c}
3699,全てを燃やし尽くさんばか{j}りに煌々と光る炎を内包する、{j}火竜の重弩。{c28}≪辿異武器≫{/c},A Heavy Bowgun of the Fire Wyvern that{j}holds a flame burning bright enough{j}to consume everything.{c28}≪Zenith Weapon≫{/c}
3700,全てを燃やし尽くさんばか{j}りに煌々と光る炎を内包する、{j}火竜の重弩。{c28}≪辿異武器≫{/c},A Heavy Bowgun of the Fire Wyvern that{j}holds a flame burning bright enough{j}to consume everything.{c28}≪Zenith Weapon≫{/c}
3701,ひとたび射抜かれれば、山を{j}火の海に変えたという逸話も{j}ある火竜の弓。{c28}≪辿異武器≫{/c},"A Fire Wyvern bow, said in legend to have{j}turned a mountain into a sea of fire{j}with a single shot.{c28}≪Zenith Weapon≫{/c}"
3702,ひとたび射抜かれれば、山を{j}火の海に変えたという逸話も{j}ある火竜の弓。{c28}≪辿異武器≫{/c},"A Fire Wyvern bow, said in legend to have{j}turned a mountain into a sea of fire{j}with a single shot.{c28}≪Zenith Weapon≫{/c}"
3703,ひとたび射抜かれれば、山を{j}火の海に変えたという逸話も{j}ある火竜の弓。{c28}≪辿異武器≫{/c},"A Fire Wyvern bow, said in legend to have{j}turned a mountain into a sea of fire{j}with a single shot.{c28}≪Zenith Weapon≫{/c}"
3704,ひとたび射抜かれれば、山を{j}火の海に変えたという逸話も{j}ある火竜の弓。{c28}≪辿異武器≫{/c},"A Fire Wyvern bow, said in legend to have{j}turned a mountain into a sea of fire{j}with a single shot.{c28}≪Zenith Weapon≫{/c}"
3705,東方伝統の楽器をモチーフに、{j}職人が手がけた雪獅子の軽弩。{j}希少価値も高い。{c28}≪辿異武器≫{/c},"A Snow Lion Light Bowgun crafted by artisans,{j}inspired by traditional Eastern instruments.{j}It also has high rarity value.{c28}≪Zenith Weapon≫{/c}"
3706,東方伝統の楽器をモチーフに、{j}職人が手がけた雪獅子の軽弩。{j}希少価値も高い。{c28}≪辿異武器≫{/c},"A Snow Lion Light Bowgun crafted by artisans,{j}inspired by traditional Eastern instruments.{j}It also has high rarity value.{c28}≪Zenith Weapon≫{/c}"
3707,東方伝統の楽器をモチーフに、{j}職人が手がけた雪獅子の軽弩。{j}希少価値も高い。{c28}≪辿異武器≫{/c},"A Snow Lion Light Bowgun crafted by artisans,{j}inspired by traditional Eastern instruments.{j}It also has high rarity value.{c28}≪Zenith Weapon≫{/c}"
3708,東方伝統の楽器をモチーフに、{j}職人が手がけた雪獅子の軽弩。{j}希少価値も高い。{c28}≪辿異武器≫{/c},"A Snow Lion Light Bowgun crafted by artisans,{j}inspired by traditional Eastern instruments.{j}It also has high rarity value.{c28}≪Zenith Weapon≫{/c}"
3709,東方の職人が、自国の誇り高き{j}城をイメージして造ったという{j}雪獅子の重弩。{c28}≪辿異武器≫{/c},"A Blangonga heavy bowgun said to have been crafted by an Eastern artisan,{j}inspired by his homeland's proud castle.{j}{c28}≪Zenith Weapon≫{/c}"
3710,東方の職人が、自国の誇り高き{j}城をイメージして造ったという{j}雪獅子の重弩。{c28}≪辿異武器≫{/c},"A Blangonga heavy bowgun said to have been crafted by an Eastern artisan,{j}inspired by his homeland's proud castle.{j}{c28}≪Zenith Weapon≫{/c}"
3711,東方の職人が、自国の誇り高き{j}城をイメージして造ったという{j}雪獅子の重弩。{c28}≪辿異武器≫{/c},"A Blangonga heavy bowgun said to have been crafted by an Eastern artisan,{j}inspired by his homeland's proud castle.{j}{c28}≪Zenith Weapon≫{/c}"
3712,東方の職人が、自国の誇り高き{j}城をイメージして造ったという{j}雪獅子の重弩。{c28}≪辿異武器≫{/c},"A Blangonga heavy bowgun said to have been crafted by an Eastern artisan,{j}inspired by his homeland's proud castle.{j}{c28}≪Zenith Weapon≫{/c}"
3713,東方の職人が雪獅子の素材を{j}使用した意欲作。美しさから{j}愛用者も多い。{c28}≪辿異武器≫{/c},An ambitious piece in which an Eastern artisan{j}used Blangonga materials. Its beauty{j}has won it many devoted users.{c28}≪Zenith Weapon≫{/c}
3714,東方の職人が雪獅子の素材を{j}使用した意欲作。美しさから{j}愛用者も多い。{c28}≪辿異武器≫{/c},An ambitious piece in which an Eastern artisan{j}used Blangonga materials. Its beauty{j}has won it many devoted users.{c28}≪Zenith Weapon≫{/c}
3715,東方の職人が雪獅子の素材を{j}使用した意欲作。美しさから{j}愛用者も多い。{c28}≪辿異武器≫{/c},An ambitious piece in which an Eastern artisan{j}used Blangonga materials. Its beauty{j}has won it many devoted users.{c28}≪Zenith Weapon≫{/c}
3716,東方の職人が雪獅子の素材を{j}使用した意欲作。美しさから{j}愛用者も多い。{c28}≪辿異武器≫{/c},An ambitious piece in which an Eastern artisan{j}used Blangonga materials. Its beauty{j}has won it many devoted users.{c28}≪Zenith Weapon≫{/c}
3717,上品な色合いがとても美しい{j}特殊な属性を持つ軽弩。{j}{c11}≪Ｇ級技巧≫{/c},Its elegant colors are truly beautiful.{j}A Light Bowgun with a special element.{j}{c11}≪G Finesse≫{/c}
3718,上品な色合いがとても美しい{j}特殊な属性を持つ弓。{j}{c11}≪Ｇ級技巧≫{/c},Its elegant colors are truly beautiful.{j}A bow with a special element.{j}{c11}≪G Finesse≫{/c}
3719,職人たちによる幾度とない{j}試行錯誤の元に造られた重弩。{j}強さと美しさを兼ね備える。,A Heavy Bowgun built through the artisans'{j}countless trial and error. It combines strength and{j}beauty.
3720,職人たちによる幾度とない{j}試行錯誤の元に造られた重弩。{j}強さと美しさを兼ね備える。,A Heavy Bowgun built through the artisans'{j}countless trial and error. It combines strength and{j}beauty.
3721,職人たちによる幾度とない{j}試行錯誤の元に造られた重弩。{j}強さと美しさを兼ね備える。,A Heavy Bowgun built through the artisans'{j}countless trial and error. It combines strength and{j}beauty.
3722,職人たちによる幾度とない{j}試行錯誤の元に造られた重弩。{j}強さと美しさを兼ね備える。,A Heavy Bowgun built through the artisans'{j}countless trial and error. It combines strength and{j}beauty.
3723,職人たちによる幾度とない{j}試行錯誤の元に造られた重弩。{j}{c11}≪ＨＣ武器≫{/c},A Heavy Bowgun built through the artisans' countless{j}trial and error.{j}{c11}≪HC Weapon≫{/c}
3724,職人たちによる幾度とない{j}試行錯誤の元に造られた重弩。{j}強さと美しさを兼ね備える。,A Heavy Bowgun built through the artisans'{j}countless trial and error. It combines strength and{j}beauty.
3725,職人たちによる幾度とない{j}試行錯誤の元に造られた重弩。{j}{c28}≪辿異武器≫{/c},A Heavy Bowgun built through the artisans' countless{j}trial and error.{j}{c28}≪Zenith Weapon≫{/c}
3726,職人たちによる幾度とない{j}試行錯誤の元に造られた重弩。{j}強さと美しさを兼ね備える。,A Heavy Bowgun built through the artisans'{j}countless trial and error. It combines strength and{j}beauty.
3727,職人たちによる幾度とない{j}試行錯誤の元に造られた重弩。{j}強さと美しさを兼ね備える。,A Heavy Bowgun built through the artisans'{j}countless trial and error. It combines strength and{j}beauty.
3728,職人たちによる幾度とない{j}試行錯誤の元に造られた重弩。{j}強さと美しさを兼ね備える。,A Heavy Bowgun built through the artisans'{j}countless trial and error. It combines strength and{j}beauty.
3729,職人たちによる幾度とない{j}試行錯誤の元に造られた重弩。{j}強さと美しさを兼ね備える。,A Heavy Bowgun built through the artisans'{j}countless trial and error. It combines strength and{j}beauty.
3730,職人たちによる幾度とない{j}試行錯誤の元に造られた重弩。{j}{c11}≪ＨＣ武器≫{/c},A Heavy Bowgun built through the artisans' countless{j}trial and error.{j}{c11}≪HC Weapon≫{/c}
3731,職人たちによる幾度とない{j}試行錯誤の元に造られた重弩。{j}強さと美しさを兼ね備える。,A Heavy Bowgun built through the artisans'{j}countless trial and error. It combines strength and{j}beauty.
3732,職人たちによる幾度とない{j}試行錯誤の元に造られた重弩。{j}{c28}≪辿異武器≫{/c},A Heavy Bowgun built through the artisans' countless{j}trial and error.{j}{c28}≪Zenith Weapon≫{/c}
3733,天高く聳えたつ塔の番人、{j}その魂が宿る重弩。{j}{c28}≪辿異武器≫{/c},"The guardian of the tower soaring into the heavens,{j}a Heavy Bowgun that houses its soul.{j}{c28}≪Zenith Weapon≫{/c}"
3734,天高く聳えたつ塔の番人、{j}その魂が宿る重弩。{j}{c28}≪辿異武器≫{/c},"The guardian of the tower soaring into the heavens,{j}a Heavy Bowgun that houses its soul.{j}{c28}≪Zenith Weapon≫{/c}"
3735,装飾が施された白い軽弩。{j}改良されより実用的に。{j}{c28}≪辿異武器≫{/c},A decorated white Light Bowgun.{j}Improved for greater practicality.{j}{c28}≪Zenith Weapon≫{/c}
3736,装飾が施された白い軽弩。{j}改良されより実用的に。{j}{c28}≪辿異武器≫{/c},A decorated white Light Bowgun.{j}Improved for greater practicality.{j}{c28}≪Zenith Weapon≫{/c}
3737,装飾が施された白い軽弩。{j}改良されより実用的に。{j}{c28}≪辿異武器≫{/c},A decorated white Light Bowgun.{j}Improved for greater practicality.{j}{c28}≪Zenith Weapon≫{/c}
3738,装飾が施された白い軽弩。{j}改良されより実用的に。{j}{c28}≪辿異武器≫{/c},A decorated white Light Bowgun.{j}Improved for greater practicality.{j}{c28}≪Zenith Weapon≫{/c}
3739,装飾が施された白い重弩。{j}改良されより実用的に。{j}{c28}≪辿異武器≫{/c},A decorated white Heavy Bowgun.{j}Improved for greater practicality.{j}{c28}≪Zenith Weapon≫{/c}
3740,装飾が施された白い重弩。{j}改良されより実用的に。{j}{c28}≪辿異武器≫{/c},A decorated white Heavy Bowgun.{j}Improved for greater practicality.{j}{c28}≪Zenith Weapon≫{/c}
3741,装飾が施された白い重弩。{j}改良されより実用的に。{j}{c28}≪辿異武器≫{/c},A decorated white Heavy Bowgun.{j}Improved for greater practicality.{j}{c28}≪Zenith Weapon≫{/c}
3742,装飾が施された白い重弩。{j}改良されより実用的に。{j}{c28}≪辿異武器≫{/c},A decorated white Heavy Bowgun.{j}Improved for greater practicality.{j}{c28}≪Zenith Weapon≫{/c}
3743,装飾が施された白い弓。{j}改良されより実用的に。{j}{c28}≪辿異武器≫{/c},A white Bow adorned with ornamentation.{j}Improved for greater practicality.{j}{c28}≪Zenith Weapon≫{/c}
3744,装飾が施された白い弓。{j}改良されより実用的に。{j}{c28}≪辿異武器≫{/c},A white Bow adorned with ornamentation.{j}Improved for greater practicality.{j}{c28}≪Zenith Weapon≫{/c}
3745,装飾が施された白い弓。{j}改良されより実用的に。{j}{c28}≪辿異武器≫{/c},A white Bow adorned with ornamentation.{j}Improved for greater practicality.{j}{c28}≪Zenith Weapon≫{/c}
3746,装飾が施された白い弓。{j}改良されより実用的に。{j}{c28}≪辿異武器≫{/c},A white Bow adorned with ornamentation.{j}Improved for greater practicality.{j}{c28}≪Zenith Weapon≫{/c}
3747,甘い誘惑はいかが？{c03}LV2 通常{j}弾{/c}、{c03}LV1 貫通弾{/c}、{c03}火炎弾{/c}が{j}{c03}速射{/c}対応。{c28}≪辿異武器≫{/c},"How about a sweet temptation?{c03}LV2 Normal{j}Ammo{/c},{c03}LV1 Pierce Ammo{/c},{c03}Flame Ammo{/c}support{j}{c03}Rapid Fire{/c}.{c28}≪Zenith Weapon≫{/c}"
3748,異世界の「雪の歌姫」の髪飾{j}りをモチーフに作られた弓。{j}星の五線譜が美しい。,"A Bow crafted with the hair ornament of another{j}world's ""Snow Songstress"" as a motif. Its starry{j}musical staff is beautiful."
3749,異世界の「雪の歌姫」の髪飾{j}りをモチーフに作られた弓。{j}星の五線譜が美しい。,"A Bow crafted with the hair ornament of another{j}world's ""Snow Songstress"" as a motif. Its starry{j}musical staff is beautiful."
3750,異世界の「雪の歌姫」の髪飾{j}りをモチーフに作られた弓。{j}星の五線譜が美しい。,"A Bow crafted with the hair ornament of another{j}world's ""Snow Songstress"" as a motif. Its starry{j}musical staff is beautiful."
3751,異世界の「雪の歌姫」の髪飾{j}りをモチーフに作られた弓。{j}{c11}≪ＨＣ武器≫{/c},"A Bow crafted with the{j}hair ornament of another world's ""Snow Songstress"" as a motif.{j}{c11}≪HC Weapon≫{/c}"
3752,異世界の「雪の歌姫」の髪飾{j}りをモチーフに作られたとい{j}う弓。星の五線譜が美しい。,"A Bow crafted with the hair ornament of another{j}world's ""Snow Songstress"" as a motif, they say. Its{j}starry musical staff is beautiful."
3753,異世界の「雪の歌姫」の髪飾{j}りをモチーフに作られた弓。{j}{c28}≪辿異武器≫{/c},"A Bow crafted with the{j}hair ornament of another world's ""Snow Songstress"" as a motif.{j}{c28}≪Zenith Weapon≫{/c}"
3754,異世界の「雪の歌姫」の髪飾{j}りをモチーフに作られた弓。{j}星空の瞬きを凝縮したよう。,"A Bow crafted with the hair ornament of another{j}world's ""Snow Songstress"" as a motif. As though the{j}twinkling of the starry sky were condensed within."
3755,異世界の「雪の歌姫」の髪飾{j}りをモチーフに作られた弓。{j}星空の瞬きを凝縮したよう。,"A Bow crafted with the hair ornament of another{j}world's ""Snow Songstress"" as a motif. As though the{j}twinkling of the starry sky were condensed within."
3756,異世界の「雪の歌姫」の髪飾{j}りをモチーフに作られた弓。{j}星空の瞬きを凝縮したよう。,"A Bow crafted with the hair ornament of another{j}world's ""Snow Songstress"" as a motif. As though the{j}twinkling of the starry sky were condensed within."
3757,異世界の「雪の歌姫」の髪飾{j}りをモチーフに作られた弓。{j}{c11}≪ＨＣ武器≫{/c},"A Bow crafted with the{j}hair ornament of another world's ""Snow Songstress"" as a motif.{j}{c11}≪HC Weapon≫{/c}"
3758,異世界の「雪の歌姫」の髪飾{j}りをモチーフに作られた弓。{j}星空の瞬きを凝縮したよう。,"A Bow crafted with the hair ornament of another{j}world's ""Snow Songstress"" as a motif. As though the{j}twinkling of the starry sky were condensed within."
3759,異世界の「雪の歌姫」の髪飾{j}りをモチーフに作られた弓。{j}{c28}≪辿異武器≫{/c},"A Bow crafted with the{j}hair ornament of another world's ""Snow Songstress"" as a motif.{j}{c28}≪Zenith Weapon≫{/c}"
3760,禍々しい骨を繋ぎ合せた弓。{j}放った矢は敵の急所に{j}的確に刺さる。{c28}≪辿異武器≫{/c},A Bow made of joined ominous bones.{j}The arrows it looses pierce the enemy's vitals{j}with precision.{c28}≪Zenith Weapon≫{/c}
3761,禍々しい骨を繋ぎ合せた弓。{j}放った矢は敵の急所に{j}的確に刺さる。{c28}≪辿異武器≫{/c},A Bow made of joined ominous bones.{j}The arrows it looses pierce the enemy's vitals{j}with precision.{c28}≪Zenith Weapon≫{/c}
3762,禍々しい骨を繋ぎ合せた弓。{j}放った矢は敵の急所に{j}的確に刺さる。{c28}≪辿異武器≫{/c},A Bow made of joined ominous bones.{j}The arrows it looses pierce the enemy's vitals{j}with precision.{c28}≪Zenith Weapon≫{/c}
3763,禍々しい骨を繋ぎ合せた弓。{j}放った矢は敵の急所に{j}的確に刺さる。{c28}≪辿異武器≫{/c},A Bow made of joined ominous bones.{j}The arrows it looses pierce the enemy's vitals{j}with precision.{c28}≪Zenith Weapon≫{/c}
3764,0,
3765,0,
3766,夫婦の安寧を祈って作られた、{j}祭事の時などに使用する弓。{j}{c28}≪辿異武器≫{/c},"A bow made in prayer for a couple's peace,{j}used for festivals and other rites.{j}{c28}≪Zenith Weapon≫{/c}"
3767,とある遺跡にて発見された、{j}不気味などくろが特徴的な弓。{j}どこか不吉な印象を抱かせる。,"A bow discovered in certain ruins,{j}noted for its eerie black color.{j}It gives off a somewhat ominous impression."
3768,不気味などくろが特徴的な弓。{j}その矢はあらゆるものに死を{j}もたらすと言われている。,A bow characterized by an eerie skull.{j}Its arrows are said to bring{j}death to all things.
3769,不気味などくろが特徴的な弓。{j}その矢はあらゆるものに死を{j}運ぶという。,A bow characterized by an eerie skull.{j}Its arrows are said to deliver{j}death to all things.
3770,とある遺跡にて発見された、{j}不気味などくろが特徴的な弓。{j}{c11}≪ＨＣ武器≫{/c},"A bow discovered in certain ruins,{j}noted for its eerie black color.{j}{c11}≪HC Weapon≫{/c}"
3771,不気味などくろが特徴的な弓。{j}その矢はあらゆるものに死を{j}もたらすと言われている。,A bow characterized by an eerie skull.{j}Its arrows are said to bring{j}death to all things.
3772,不気味などくろが特徴的な弓。{j}その矢はあらゆるものに死を{j}運ぶという。{c28}≪辿異武器≫{/c},A bow characterized by an eerie skull.{j}Its arrows are said to deliver{j}death to all things.{c28}≪Zenith Weapon≫{/c}
3773,かつて国中を騒がせた暴君を{j}鎮圧させたという弓。{j}雷極の力を宿す。{c28}≪辿異武器≫{/c},The tyrant who once threw the whole nation into turmoil{j}A bow said to have quelled a rebellion.{j}Harbors the power of the Thunderclap.{c28}≪Zenith Weapon≫{/c}
3774,天廻龍の歓喜を封じ込めたとい{j}う逸品。祝祭の弾丸が勝利を{j}約束する。{c04}≪遷悠武器≫{/c},A masterpiece said to{j}hold the joy of Shagaru Magala. The bullets of celebration promise{j}victory.{c04}≪Exotic Weapon≫{/c}
3775,天廻龍の歓喜を封じ込めたとい{j}う逸品。祝祭の弾丸が勝利を{j}約束する。{c04}≪遷悠武器≫{/c},A masterpiece said to{j}hold the joy of Shagaru Magala. The bullets of celebration promise{j}victory.{c04}≪Exotic Weapon≫{/c}
3776,七色の光射す天廻龍の重弩。{j}福音の調べは翼を得て地の果{j}てを照らす。{c04}≪遷悠武器≫{/c},A Heavy Bowgun of the Shagaru Magala that shines with seven-colored light.{j}The melody of the gospel gains wings and illuminates the ends{j}of the earth.{c04}≪Exotic Weapon≫{/c}
3777,七色の光射す天廻龍の重弩。{j}福音の調べは翼を得て地の果{j}てを照らす。{c04}≪遷悠武器≫{/c},A Heavy Bowgun of the Shagaru Magala that shines with seven-colored light.{j}The melody of the gospel gains wings and illuminates the ends{j}of the earth.{c04}≪Exotic Weapon≫{/c}
3778,天廻龍の頭部を模した美しき大{j}弓。放たれた矢は光輝く希望を{j}纏う。{c04}≪遷悠武器≫{/c},A beautiful Great{j}Bow modeled on the head of a Shagaru Magala. The arrows it looses{j}are wrapped in shining hope.{c04}≪Exotic Weapon≫{/c}
3779,天廻龍の頭部を模した美しき大{j}弓。放たれた矢は光輝く希望を{j}纏う。{c04}≪遷悠武器≫{/c},A beautiful Great{j}Bow modeled on the head of a Shagaru Magala. The arrows it looses{j}are wrapped in shining hope.{c04}≪Exotic Weapon≫{/c}
3780,天廻龍の頭部を模した美しき大{j}弓。放たれた矢は光輝く希望を{j}纏う。{c04}≪遷悠武器≫{/c},A beautiful Great{j}Bow modeled on the head of a Shagaru Magala. The arrows it looses{j}are wrapped in shining hope.{c04}≪Exotic Weapon≫{/c}
3781,針纏竜の素材を使用した重弩。{j}相手を圧倒する火力で鎮圧す{j}るという。{c28}≪辿異武器≫{/c},A Heavy Bowgun made from Needle-Clad Wyvern materials.{j}It is said to subdue foes{j}with overwhelming firepower.{c28}≪Zenith Weapon≫{/c}
3782,針纏竜の素材を使用した重弩。{j}相手を圧倒する火力で鎮圧す{j}るという。{c28}≪辿異武器≫{/c},A Heavy Bowgun made from Needle-Clad Wyvern materials.{j}It is said to subdue foes{j}with overwhelming firepower.{c28}≪Zenith Weapon≫{/c}
3783,針纏竜の素材を使用した重弩。{j}相手を圧倒する火力で鎮圧す{j}るという。{c28}≪辿異武器≫{/c},A Heavy Bowgun made from Needle-Clad Wyvern materials.{j}It is said to subdue foes{j}with overwhelming firepower.{c28}≪Zenith Weapon≫{/c}
3784,針纏竜の素材を使用した重弩。{j}相手を圧倒する火力で鎮圧す{j}るという。{c28}≪辿異武器≫{/c},A Heavy Bowgun made from Needle-Clad Wyvern materials.{j}It is said to subdue foes{j}with overwhelming firepower.{c28}≪Zenith Weapon≫{/c}
3785,針纏竜の素材を使用した弓。{j}息つく間もなく、獲物は射と{j}められる。{c28}≪辿異武器≫{/c},A Bow made from Needleclad Dragon materials.{j}Prey is pierced{j}before it can draw breath.{c28}≪Zenith Weapon≫{/c}
3786,針纏竜の素材を使用した弓。{j}息つく間もなく、獲物は射と{j}められる。{c28}≪辿異武器≫{/c},A Bow made from Needleclad Dragon materials.{j}Prey is pierced{j}before it can draw breath.{c28}≪Zenith Weapon≫{/c}
3787,針纏竜の素材を使用した弓。{j}息つく間もなく、獲物は射と{j}められる。{c28}≪辿異武器≫{/c},A Bow made from Needleclad Dragon materials.{j}Prey is pierced{j}before it can draw breath.{c28}≪Zenith Weapon≫{/c}
3788,針纏竜の素材を使用した弓。{j}息つく間もなく、獲物は射と{j}められる。{c28}≪辿異武器≫{/c},A Bow made from Needleclad Dragon materials.{j}Prey is pierced{j}before it can draw breath.{c28}≪Zenith Weapon≫{/c}
3789,光の力をその身に宿す弓。{j}栄光ある騎士団に伝わるもの。{j}{c28}≪辿異武器≫{/c},A Bow that embodies the power of light.{j}Passed down by a glorious knightly order.{j}{c28}≪Zenith Weapon≫{/c}
3790,火の力をその身に宿す軽銃。{j}{c03}火炎弾{/c}、{c03}LV1 徹甲榴弾{/c}の{j}{c03}速射{/c}可能。{c28}≪辿異武器≫{/c},"A Light Bowgun that houses the power of fire.{j}{c03}Flaming Ammo{/c},{c03}LV1 Crag Shot{/c}{j}{c03}Rapid Fire{/c}possible.{c28}≪Zenith Weapon≫{/c}"
3791,歌姫の力に共鳴すると、{j}真の力が目覚める。{j}{c15}≪祈歌武器≫{/c},"When it resonates with the Songstress's power,{j}its true strength awakens.{j}{c15}≪Prayer Song Weapon≫{/c}"
3792,歌姫の力に共鳴すると、{j}真の力が目覚める。{j}{c15}≪祈歌武器≫{/c},"When it resonates with the Songstress's power,{j}its true strength awakens.{j}{c15}≪Prayer Song Weapon≫{/c}"
3793,歌姫の力に共鳴すると、{j}真の力が目覚める。{j}{c15}≪祈歌武器≫{/c},"When it resonates with the Songstress's power,{j}its true strength awakens.{j}{c15}≪Prayer Song Weapon≫{/c}"
3794,歌姫の力に共鳴すると、{j}真の力が目覚める。{j}{c15}≪祈歌武器≫{/c},"When it resonates with the Songstress's power,{j}its true strength awakens.{j}{c15}≪Prayer Song Weapon≫{/c}"
3795,歌姫の力に共鳴すると、{j}真の力が目覚める。{j}{c15}≪祈歌武器≫{/c},"When it resonates with the Songstress's power,{j}its true strength awakens.{j}{c15}≪Prayer Song Weapon≫{/c}"
3796,歌姫の力に共鳴すると、{j}真の力が目覚める。{j}{c15}≪祈歌武器≫{/c},"When it resonates with the Songstress's power,{j}its true strength awakens.{j}{c15}≪Prayer Song Weapon≫{/c}"
3797,歌姫の力に共鳴すると、{j}真の力が目覚める。{j}{c15}≪祈歌武器≫{/c},"When it resonates with the Songstress's power,{j}its true strength awakens.{j}{c15}≪Prayer Song Weapon≫{/c}"
3798,歌姫の力に共鳴すると、{j}真の力が目覚める。{j}{c15}≪祈歌武器≫{/c},"When it resonates with the Songstress's power,{j}its true strength awakens.{j}{c15}≪Prayer Song Weapon≫{/c}"
3799,歌姫の力に共鳴すると、{j}真の力が目覚める。{j}{c15}≪祈歌武器≫{/c},"When it resonates with the Songstress's power,{j}its true strength awakens.{j}{c15}≪Prayer Song Weapon≫{/c}"
3800,青い装飾が印象的な軽弩。{j}改良された逸品。{j}{c28}≪辿異武器≫{/c},A Light Bowgun with striking blue ornamentation.{j}An improved masterpiece.{j}{c28}≪Zenith Weapon≫{/c}
3801,青い装飾が印象的な軽弩。{j}改良された逸品。{j}{c28}≪辿異武器≫{/c},A Light Bowgun with striking blue ornamentation.{j}An improved masterpiece.{j}{c28}≪Zenith Weapon≫{/c}
3802,青い装飾が印象的な軽弩。{j}改良された逸品。{j}{c28}≪辿異武器≫{/c},A Light Bowgun with striking blue ornamentation.{j}An improved masterpiece.{j}{c28}≪Zenith Weapon≫{/c}
3803,青い装飾が印象的な軽弩。{j}改良された逸品。{j}{c28}≪辿異武器≫{/c},A Light Bowgun with striking blue ornamentation.{j}An improved masterpiece.{j}{c28}≪Zenith Weapon≫{/c}
3804,鍛錬を重ねることで、進化し{j}続けるといわれる重弩。{j}{c06}爆撃弾{/c}に対応。{c05}≪進化武器≫{/c},"Through repeated training, a Heavy Bowgun said to evolve{j}continuously.{j}Supports{c06}Explosive Ammo{/c}.{c05}≪Evolution Weapon≫{/c}"
3805,鍛錬を重ねることで、進化し{j}続けるといわれる重弩。{j}{c06}爆撃弾{/c}に対応。{c05}≪進化武器≫{/c},"Through repeated training, a Heavy Bowgun said to evolve{j}continuously.{j}Supports{c06}Explosive Ammo{/c}.{c05}≪Evolution Weapon≫{/c}"
3806,鍛錬を重ねることで、進化し{j}続けるといわれる重弩。{j}{c06}氷爆撃弾{/c}に対応。{c05}≪進化武器≫{/c},"Through relentless training, it is said to keep{j}evolving--a Heavy Bowgun.{j}Supports{c06}Ice Explosive Ammo{/c}.{c05}≪Evolution Weapon≫{/c}"
3807,鍛錬を重ねることで、進化し{j}続けるといわれる重弩。{j}{c06}爆撃弾{/c}に対応。{c05}≪進化武器≫{/c},"Through repeated training, a Heavy Bowgun said to evolve{j}continuously.{j}Supports{c06}Explosive Ammo{/c}.{c05}≪Evolution Weapon≫{/c}"
3808,鍛錬を重ねることで、進化し{j}続けるといわれる重弩。{j}{c06}氷爆撃弾{/c}に対応。{c05}≪進化武器≫{/c},"Through relentless training, it is said to keep{j}evolving--a Heavy Bowgun.{j}Supports{c06}Ice Explosive Ammo{/c}.{c05}≪Evolution Weapon≫{/c}"
3809,鍛錬を重ねることで、進化し{j}続けるといわれる重弩。{j}{c06}爆撃弾{/c}に対応。{c05}≪進化武器≫{/c},"Through repeated training, a Heavy Bowgun said to evolve{j}continuously.{j}Supports{c06}Explosive Ammo{/c}.{c05}≪Evolution Weapon≫{/c}"
3810,鍛錬を重ねることで、進化し{j}続けるといわれる重弩。{j}{c06}爆撃弾{/c}に対応。{c05}≪進化武器≫{/c},"Through repeated training, a Heavy Bowgun said to evolve{j}continuously.{j}Supports{c06}Explosive Ammo{/c}.{c05}≪Evolution Weapon≫{/c}"
3811,鍛錬を重ねることで、進化し{j}続けるといわれる重弩。{j}{c06}雷爆撃弾{/c}に対応。{c05}≪進化武器≫{/c},A Heavy Bowgun said to continue evolving through repeated training.{j}Supports{c06}Thunder Blast Ammo{/c}.{j}{c05}≪Evolution Weapon≫{/c}
3812,鍛錬を重ねることで、進化し{j}続けるといわれる重弩。{j}{c06}爆撃弾{/c}に対応。{c05}≪進化武器≫{/c},"Through repeated training, a Heavy Bowgun said to evolve{j}continuously.{j}Supports{c06}Explosive Ammo{/c}.{c05}≪Evolution Weapon≫{/c}"
3813,鍛錬を重ねることで、進化し{j}続けるといわれる重弩。{j}{c06}雷爆撃弾{/c}に対応。{c05}≪進化武器≫{/c},A Heavy Bowgun said to continue evolving through repeated training.{j}Supports{c06}Thunder Blast Ammo{/c}.{j}{c05}≪Evolution Weapon≫{/c}
3814,心の闇を喰らい進化をすると{j}いう混沌と絶望に満ちた重弩。{j}{c06}爆撃弾{/c}に対応。{c05}≪進化武器≫{/c},"A Heavy Bowgun called{j}that devours the darkness of the heart and evolves, filled with chaos and despair.{j}Compatible with{c06}Blast Ammo{/c}.{c05}≪Evolution Weapon≫{/c}"
3815,心の闇を喰らい進化をすると{j}いう混沌と絶望に満ちた重弩。{j}{c06}爆撃弾{/c}に対応。{c05}≪進化武器≫{/c},"A Heavy Bowgun called{j}that devours the darkness of the heart and evolves, filled with chaos and despair.{j}Compatible with{c06}Blast Ammo{/c}.{c05}≪Evolution Weapon≫{/c}"
3816,心の闇を喰らい進化をすると{j}いう混沌と絶望に満ちた重弩。{j}{c06}火爆撃弾{/c}に対応。{c05}≪進化武器≫{/c},"A Heavy Bowgun called{j}that devours the darkness of the heart and evolves, filled with chaos and despair.{j}Compatible with{c06}Fire Blast Ammo{/c}.{c05}≪Evolution Weapon≫{/c}"
3817,心の闇を喰らい進化をすると{j}いう混沌と絶望に満ちた重弩。{j}{c06}爆撃弾{/c}に対応。{c05}≪進化武器≫{/c},"A Heavy Bowgun called{j}that devours the darkness of the heart and evolves, filled with chaos and despair.{j}Compatible with{c06}Blast Ammo{/c}.{c05}≪Evolution Weapon≫{/c}"
3818,心の闇を喰らい進化をすると{j}いう混沌と絶望に満ちた重弩。{j}{c06}火爆撃弾{/c}に対応。{c05}≪進化武器≫{/c},"A Heavy Bowgun called{j}that devours the darkness of the heart and evolves, filled with chaos and despair.{j}Compatible with{c06}Fire Blast Ammo{/c}.{c05}≪Evolution Weapon≫{/c}"
3819,心の闇を喰らい進化をすると{j}いう混沌と絶望に満ちた重弩。{j}{c06}爆撃弾{/c}に対応。{c05}≪進化武器≫{/c},"A Heavy Bowgun called{j}that devours the darkness of the heart and evolves, filled with chaos and despair.{j}Compatible with{c06}Blast Ammo{/c}.{c05}≪Evolution Weapon≫{/c}"
3820,心の闇を喰らい進化をすると{j}いう混沌と絶望に満ちた重弩。{j}{c06}爆撃弾{/c}に対応。{c05}≪進化武器≫{/c},"A Heavy Bowgun called{j}that devours the darkness of the heart and evolves, filled with chaos and despair.{j}Compatible with{c06}Blast Ammo{/c}.{c05}≪Evolution Weapon≫{/c}"
3821,心の闇を喰らい進化をすると{j}いう混沌と絶望に満ちた重弩。{j}{c06}水爆撃弾{/c}に対応。{c05}≪進化武器≫{/c},"A Heavy Bowgun called{j}that devours the darkness of the heart and evolves, filled with chaos and despair.{j}Compatible with{c06}Water Blast Ammo{/c}.{c05}≪Evolution Weapon≫{/c}"
3822,心の闇を喰らい進化をすると{j}いう混沌と絶望に満ちた重弩。{j}{c06}爆撃弾{/c}に対応。{c05}≪進化武器≫{/c},"A Heavy Bowgun called{j}that devours the darkness of the heart and evolves, filled with chaos and despair.{j}Compatible with{c06}Blast Ammo{/c}.{c05}≪Evolution Weapon≫{/c}"
3823,心の闇を喰らい進化をすると{j}いう混沌と絶望に満ちた重弩。{j}{c06}水爆撃弾{/c}に対応。{c05}≪進化武器≫{/c},"A Heavy Bowgun called{j}that devours the darkness of the heart and evolves, filled with chaos and despair.{j}Compatible with{c06}Water Blast Ammo{/c}.{c05}≪Evolution Weapon≫{/c}"
3824,星々の流した涙から作られた{j}といわれるヘビィボウガン。{j}{c28}≪辿異武器≫{/c},Made from the tears the stars shed{j}A Heavy Bowgun said to be such.{j}{c28}≪Zenith Weapon≫{/c}
3825,更に脅威を増した爆狼の{j}軽弩。山を砕き天を別つ力を{j}秘めるという。{c28}≪辿異武器≫{/c},A Light{j}Bowgun of the ever more threatening Blast Wolf. It is said to hide{j}the power to crush mountains and part the heavens.{c28}≪Zenith Weapon≫{/c}
3826,更に脅威を増した爆狼の{j}軽弩。山を砕き天を別つ力を{j}秘めるという。{c28}≪辿異武器≫{/c},A Light{j}Bowgun of the ever more threatening Blast Wolf. It is said to hide{j}the power to crush mountains and part the heavens.{c28}≪Zenith Weapon≫{/c}
3827,更に脅威を増した爆狼の{j}軽弩。山を砕き天を別つ力を{j}秘めるという。{c28}≪辿異武器≫{/c},A Light{j}Bowgun of the ever more threatening Blast Wolf. It is said to hide{j}the power to crush mountains and part the heavens.{c28}≪Zenith Weapon≫{/c}
3828,更に脅威を増した爆狼の{j}軽弩。山を砕き天を別つ力を{j}秘めるという。{c28}≪辿異武器≫{/c},A Light{j}Bowgun of the ever more threatening Blast Wolf. It is said to hide{j}the power to crush mountains and part the heavens.{c28}≪Zenith Weapon≫{/c}
3829,あらゆる武器を使いこなした、{j}英雄と謳われた狩人の軽弩。,A Light Bowgun of a hunter hailed as{j}hero who mastered all weapons.
3830,あらゆる武器を使いこなした、{j}英雄と謳われた狩人の軽弩。,A Light Bowgun of a hunter hailed as{j}hero who mastered all weapons.
3831,あらゆる武器を使いこなした、{j}英雄と謳われた狩人の軽弩。,A Light Bowgun of a hunter hailed as{j}hero who mastered all weapons.
3832,あらゆる武器を使いこなした、{j}英雄と謳われた狩人の軽弩。,A Light Bowgun of a hunter hailed as{j}hero who mastered all weapons.
3833,あらゆる武器を使いこなした、{j}英雄と謳われた狩人の軽弩。{j}{c11}≪ＨＣ武器≫{/c},A Light Bowgun of a hunter hailed as{j}hero who mastered all weapons.{j}{c11}≪HC Weapon≫{/c}
3834,あらゆる武器を使いこなした、{j}英雄と謳われた狩人の軽弩。,A Light Bowgun of a hunter hailed as{j}hero who mastered all weapons.
3835,あらゆる武器を使いこなした、{j}英雄と謳われた狩人の軽弩。{j}{c28}≪辿異武器≫{/c},A Light Bowgun of a hunter hailed as{j}hero who mastered all weapons.{j}{c28}≪Zenith Weapon≫{/c}
3836,あらゆる武器を使いこなした、{j}英雄と謳われた狩人の重弩。,A Heavy Bowgun of a hunter hailed as{j}hero who mastered all weapons.
3837,あらゆる武器を使いこなした、{j}英雄と謳われた狩人の重弩。,A Heavy Bowgun of a hunter hailed as{j}hero who mastered all weapons.
3838,あらゆる武器を使いこなした、{j}英雄と謳われた狩人の重弩。,A Heavy Bowgun of a hunter hailed as{j}hero who mastered all weapons.
3839,あらゆる武器を使いこなした、{j}英雄と謳われた狩人の重弩。,A Heavy Bowgun of a hunter hailed as{j}hero who mastered all weapons.
3840,あらゆる武器を使いこなした、{j}英雄と謳われた狩人の重弩。{j}{c11}≪ＨＣ武器≫{/c},A Heavy Bowgun of a hunter hailed as{j}hero who mastered all weapons.{j}{c11}≪HC Weapon≫{/c}
3841,あらゆる武器を使いこなした、{j}英雄と謳われた狩人の重弩。,A Heavy Bowgun of a hunter hailed as{j}hero who mastered all weapons.
3842,あらゆる武器を使いこなした、{j}英雄と謳われた狩人の重弩。{j}{c28}≪辿異武器≫{/c},A Heavy Bowgun of a hunter hailed as{j}hero who mastered all weapons.{j}{c28}≪Zenith Weapon≫{/c}
3843,あらゆる武器を使いこなした、{j}英雄と謳われた狩人の弓。{j}風属性。,"The Bow of a Hunter hailed as the{j}hero, master of all weapons.{j}Wind element."
3844,あらゆる武器を使いこなした、{j}英雄と謳われた狩人の弓。{j}風属性。,"The Bow of a Hunter hailed as the{j}hero, master of all weapons.{j}Wind element."
3845,あらゆる武器を使いこなした、{j}英雄と謳われた狩人の弓。{j}風属性。,"The Bow of a Hunter hailed as the{j}hero, master of all weapons.{j}Wind element."
3846,あらゆる武器を使いこなした、{j}英雄と謳われた狩人の弓。{j}風属性。,"The Bow of a Hunter hailed as the{j}hero, master of all weapons.{j}Wind element."
3847,あらゆる武器を使いこなした、{j}英雄と謳われた狩人の弓。{j}風属性。{c11}≪ＨＣ武器≫{/c},"The Bow of a Hunter hailed as the{j}hero, master of all weapons.{j}Wind element.{c11}≪HC Weapon≫{/c}"
3848,あらゆる武器を使いこなした、{j}英雄と謳われた狩人の弓。{j}風属性。,"The Bow of a Hunter hailed as the{j}hero, master of all weapons.{j}Wind element."
3849,あらゆる武器を使いこなした、{j}英雄と謳われた狩人の弓。{j}風属性。{c28}≪辿異武器≫{/c},"The Bow of a Hunter hailed as the{j}hero, master of all weapons.{j}Wind element.{c28}≪Zenith Weapon≫{/c}"
3850,その重砲の前では、如何な{j}る獰猛なモンスターも静まり返{j}るという。{c28}≪辿異武器≫{/c},"Before its heavy cannon, even the{j}fiercest Monster falls silent,{j}it is said.{c28}≪Zenith Weapon≫{/c}"
3851,青く装飾された重弩。強化が{j}図られ、より究極の逸品に近{j}づいた。{c28}≪辿異武器≫{/c},"A blue-decorated Heavy Bowgun. Strengthening has{j}been pursued, bringing it{j}ever closer to the ultimate masterpiece.{c28}≪Zenith Weapon≫{/c}"
3852,青く装飾された重弩。強化が{j}図られ、より究極の逸品に近{j}づいた。{c28}≪辿異武器≫{/c},"A blue-decorated Heavy Bowgun. Strengthening has{j}been pursued, bringing it{j}ever closer to the ultimate masterpiece.{c28}≪Zenith Weapon≫{/c}"
3853,青く装飾された重弩。強化が{j}図られ、より究極の逸品に近{j}づいた。{c28}≪辿異武器≫{/c},"A blue-decorated Heavy Bowgun. Strengthening has{j}been pursued, bringing it{j}ever closer to the ultimate masterpiece.{c28}≪Zenith Weapon≫{/c}"
3854,青く装飾された重弩。強化が{j}図られ、より究極の逸品に近{j}づいた。{c28}≪辿異武器≫{/c},"A blue-decorated Heavy Bowgun. Strengthening has{j}been pursued, bringing it{j}ever closer to the ultimate masterpiece.{c28}≪Zenith Weapon≫{/c}"
3855,東の国の職人の手により、煌び{j}やかな装飾の施された弓。{j}{c28}≪辿異武器≫{/c},A bow adorned with{j}gorgeous decorations by the hands of Eastern craftsmen.{j}{c28}≪Zenith Weapon≫{/c}
3856,東の国の職人の手により、煌び{j}やかな装飾の施された弓。{j}{c28}≪辿異武器≫{/c},A bow adorned with{j}gorgeous decorations by the hands of Eastern craftsmen.{j}{c28}≪Zenith Weapon≫{/c}
3857,東の国の職人の手により、煌び{j}やかな装飾の施された弓。{j}{c28}≪辿異武器≫{/c},A bow adorned with{j}gorgeous decorations by the hands of Eastern craftsmen.{j}{c28}≪Zenith Weapon≫{/c}
3858,東の国の職人の手により、煌び{j}やかな装飾の施された弓。{j}{c28}≪辿異武器≫{/c},A bow adorned with{j}gorgeous decorations by the hands of Eastern craftsmen.{j}{c28}≪Zenith Weapon≫{/c}
3859,灼零龍の魂が宿る弓。{j}より質の良い素材を使用し、{j}強さと美しさを兼ね備える。,"A Bow housing the soul of the Blazing Zero Dragon.{j}Made from higher-quality materials,{j}it combines strength and beauty."
3860,グーク愛好家が作ったグーク{j}の弓。灼零龍を思わせるパワ{j}フルボディ。,A Gook bow made by a Gook enthusiast. Reminiscent{j}of the Scorching Zero Dragon: power full body.{j}
3861,グーク愛好家が作ったグーク{j}の弓。灼零龍を思わせるグワッ{j}グワワ！{c28}≪辿異武器≫{/c},A Gook{j}bow made by a Gook enthusiast. Reminiscent of the Scorching Zero Dragon: Guwa!{j}guwawa!{c28}≪Zenith Weapon≫{/c}
3862,グーク愛好家が作ったグーク{j}の弓。グワワーグワー！グワッ{j}グワワ！{c28}≪辿異武器≫{/c},A Gook{j}bow made by a Gook enthusiast. Guwawa-guwa-! Guwa!{j}guwawa!{c28}≪Zenith Weapon≫{/c}
3863,グーク愛好家が作っグワッ！{j}グァー！グゥワワワ！グワッ{j}グワワ！{c28}≪辿異武器≫{/c},A Gook enthusiast made Guwa!{j}Gyaa-! Guuwawawa! Guwa!{j}guwawa!{c28}≪Zenith Weapon≫{/c}
3864,グァーグワ！グワワーグワッ！{j}グァー！グゥワワワ！グワッ{j}グワワ！{c28}≪辿異武器≫{/c},Gwaagwa! Gwawaagwa!{j}Gwaa! Guuwawawa!Gwa{j}Gwawa!{c28}≪Zenith Weapon≫{/c}
3865,アイルーをモチーフにした弓。{j}しなやかな弾性を活かした射撃{j}は強力無比。{c28}≪辿異武器≫{/c},A bow featuring an Airou motif.{j}Its supple elasticity makes its shots{j}supremely powerful.{c28}≪Zenith Weapon≫{/c}
3866,メラルーをモチーフにした弓。{j}しなやかな弾性を活かした射撃{j}は強力無比。{c28}≪辿異武器≫{/c},"Bow with a Melynx motif.{j}Its shooting{j}is supremely powerful, making use of flexible elasticity.{c28}≪Zenith Weapon≫{/c}"
3867,0,
3868,磁界の王を滅ぼさんと結成さ{j}れた狩人達により、作りださ{j}れた弓。{c28}≪辿異武器≫{/c},A Bow{j}forged by Hunters who banded together{j}to destroy the King of the Magnetic Field.{c28}≪Zenith Weapon≫{/c}
3869,極龍の素材を使用して作られ{j}た重弩。磁気の力で破壊力が{j}極められた。{c28}≪辿異武器≫{/c},A Heavy Bowgun made from Extreme Dragon materials.{j}Magnetic power perfects{j}its destructive force.{c28}≪Zenith Weapon≫{/c}
3870,極龍の素材を使用して作られ{j}た重弩。磁気の力で破壊力が{j}極められた。{c28}≪辿異武器≫{/c},A Heavy Bowgun made from Extreme Dragon materials.{j}Magnetic power perfects{j}its destructive force.{c28}≪Zenith Weapon≫{/c}
3871,極龍の素材を使用して作られ{j}た重弩。磁気の力で破壊力が{j}極められた。{c28}≪辿異武器≫{/c},A Heavy Bowgun made from Extreme Dragon materials.{j}Magnetic power perfects{j}its destructive force.{c28}≪Zenith Weapon≫{/c}
3872,極龍の素材を使用して作られ{j}た重弩。磁気の力で破壊力が{j}極められた。{c28}≪辿異武器≫{/c},A Heavy Bowgun made from Extreme Dragon materials.{j}Magnetic power perfects{j}its destructive force.{c28}≪Zenith Weapon≫{/c}
3873,極龍の素材を使用して作られ{j}た弓。美しい軌跡を描き、{j}相対者を貫く。{c28}≪辿異武器≫{/c},A Bow made from Extreme Dragon materials.{j}It draws a beautiful arc and{j}pierces the foe.{c28}≪Zenith Weapon≫{/c}
3874,極龍の素材を使用して作られ{j}た弓。美しい軌跡を描き、{j}相対者を貫く。{c28}≪辿異武器≫{/c},A Bow made from Extreme Dragon materials.{j}It draws a beautiful arc and{j}pierces the foe.{c28}≪Zenith Weapon≫{/c}
3875,極龍の素材を使用して作られ{j}た弓。美しい軌跡を描き、{j}相対者を貫く。{c28}≪辿異武器≫{/c},A Bow made from Extreme Dragon materials.{j}It draws a beautiful arc and{j}pierces the foe.{c28}≪Zenith Weapon≫{/c}
3876,極龍の素材を使用して作られ{j}た弓。美しい軌跡を描き、{j}相対者を貫く。{c28}≪辿異武器≫{/c},A Bow made from Extreme Dragon materials.{j}It draws a beautiful arc and{j}pierces the foe.{c28}≪Zenith Weapon≫{/c}
3877,装飾が施された黒き軽弩。{j}改良されより実用的に。{j}{c28}≪辿異武器≫{/c},A decorated black Light Bowgun.{j}Improved for greater practicality.{j}{c28}≪Zenith Weapon≫{/c}
3878,装飾が施された黒き軽弩。{j}改良されより実用的に。{j}{c28}≪辿異武器≫{/c},A decorated black Light Bowgun.{j}Improved for greater practicality.{j}{c28}≪Zenith Weapon≫{/c}
3879,装飾が施された黒き軽弩。{j}改良されより実用的に。{j}{c28}≪辿異武器≫{/c},A decorated black Light Bowgun.{j}Improved for greater practicality.{j}{c28}≪Zenith Weapon≫{/c}
3880,装飾が施された黒き軽弩。{j}改良されより実用的に。{j}{c28}≪辿異武器≫{/c},A decorated black Light Bowgun.{j}Improved for greater practicality.{j}{c28}≪Zenith Weapon≫{/c}
3881,装飾が施された赤き重弩。{j}改良されより実用的に。{j}{c28}≪辿異武器≫{/c},Decorated crimson Heavy Bowgun.{j}Improved to be more practical.{j}{c28}≪Zenith Weapon≫{/c}
3882,装飾が施された赤き重弩。{j}改良されより実用的に。{j}{c28}≪辿異武器≫{/c},Decorated crimson Heavy Bowgun.{j}Improved to be more practical.{j}{c28}≪Zenith Weapon≫{/c}
3883,装飾が施された赤き重弩。{j}改良されより実用的に。{j}{c28}≪辿異武器≫{/c},Decorated crimson Heavy Bowgun.{j}Improved to be more practical.{j}{c28}≪Zenith Weapon≫{/c}
3884,装飾が施された赤き重弩。{j}改良されより実用的に。{j}{c28}≪辿異武器≫{/c},Decorated crimson Heavy Bowgun.{j}Improved to be more practical.{j}{c28}≪Zenith Weapon≫{/c}
3885,装飾が施された赤き弓。{j}改良されより実用的に。{j}{c28}≪辿異武器≫{/c},A red Bow adorned with decorations.{j}Improved to be more practical.{j}{c28}≪Zenith Weapon≫{/c}
3886,装飾が施された赤き弓。{j}改良されより実用的に。{j}{c28}≪辿異武器≫{/c},A red Bow adorned with decorations.{j}Improved to be more practical.{j}{c28}≪Zenith Weapon≫{/c}
3887,装飾が施された赤き弓。{j}改良されより実用的に。{j}{c28}≪辿異武器≫{/c},A red Bow adorned with decorations.{j}Improved to be more practical.{j}{c28}≪Zenith Weapon≫{/c}
3888,装飾が施された赤き弓。{j}改良されより実用的に。{j}{c28}≪辿異武器≫{/c},A red Bow adorned with decorations.{j}Improved to be more practical.{j}{c28}≪Zenith Weapon≫{/c}
3889,名匠の手によって補強された{j}火属性の弓。狙い撃った獲物{j}を燃やし尽くす。,A Fire-element Bow reinforced by a master{j}craftsman. It burns to ash any prey felled by a{j}well-aimed shot.
3890,名匠の手によって補強された{j}火属性の弓。狙った獲物を{j}燃やし尽くす。{c28}≪辿異武器≫{/c},A{j}Fire-element Bow reinforced by a master craftsman. It{j}burns to ash any prey it draws a bead on.{c28}≪Zenith Weapon≫{/c}
3891,名匠の手によって補強された{j}弓。水に弱いモンスターに無類{j}の強さを誇る。,A Bow reinforced by a master craftsman. It boasts{j}matchless strength against monsters weak to water.{j}
3892,名匠の手によって補強された{j}弓。水に弱いモンスターに無類{j}の強さを誇る。{c28}≪辿異武器≫{/c},A{j}Bow reinforced by a master craftsman. It boasts matchless{j}strength against monsters weak to water.{c28}≪Zenith Weapon≫{/c}
3893,子供の思いつきから作られた{j}武器。{c03}LV1 散弾{/c}と{c03}水冷弾{/c}の{c03}{j}速射{/c}が可能。{c11}≪ＨＣ武器≫{/c},A{j}weapon made from a child's idea.{c03}{c03}{j}Rapid Fire{/c}of LV1 Spread{/c}and{c03}Water S{/c}is possible.{c11}≪HC Weapon≫{/c}
3894,子供の思いつきをヒントに{j}設計された武器。{c03}LV1 散弾{/c}と{j}{c03}水冷弾{/c}の{c03}速射{/c}が可能。,A{j}weapon designed with a child's idea as inspiration.{c03}{c03}Rapid Fire{/c}of LV1 Spread{/c}and{j}{c03}Water S{/c}is possible.
3895,子供の思いつきから作られた{j}武器。{c03}LV1 散弾{/c}と{c03}水冷弾{/c}の{c03}{j}速射{/c}が可能。{c28}≪辿異武器≫{/c},A{j}weapon made from a child's idea.{c03}{c03}{j}Rapid Fire{/c}of LV1 Spread{/c}and{c03}Water S{/c}is possible.{c28}≪Zenith Weapon≫{/c}
3896,子供の思いつきから作られた{j}武器。{c03}火炎弾{/c}、{c03}電撃弾{/c}、{c03}氷結{j}弾{/c}の{c03}速射{/c}が可能。{c11}≪ＨＣ武器≫{/c},"A{j}weapon made from a child's idea.{c03}{c03}Rapid Fire{/c}of Flame S{/c},{c03}Thunder S{/c}, and{c03}Freeze{j}S{/c}is possible.{c11}≪HC Weapon≫{/c}"
3897,子供の思いつきをヒントに{j}設計された武器。{c03}火炎弾{/c}、{j}{c03}電撃弾{/c}、{c03}氷結弾{/c}の{c03}速射{/c}が可能。,"A{j}weapon designed with a child's idea as inspiration.{c03}{c03}Rapid Fire{/c}of Flame S{/c},{j}{c03}Thunder S{/c}, and{c03}Freeze S{/c}is possible."
3898,子供の思いつきから作られた{j}武器。{c03}火炎弾{/c}、{c03}電撃弾{/c}、{c03}氷結{j}弾{/c}の{c03}速射{/c}が可能。{c28}≪辿異武器≫{/c},"A{j}weapon made from a child's idea.{c03}{c03}Rapid Fire{/c}of Flame S{/c},{c03}Thunder S{/c}, and{c03}Freeze{j}S{/c}is possible.{c28}≪Zenith Weapon≫{/c}"
3899,「偽・螺旋剣」カラドボルク賖{j}という武器を物質化し、撃ち{j}出す弓。{c28}≪辿異武器≫{/c},"A bow that materializes the weapon known as the 'False Spiral Sword', Caladbolg{j}, and shoots it{j}out.{c28}≪Zenith Weapon≫{/c}"
3900,遠国の少女が使用した銃を{j}模した重弩。{j}{c28}≪辿異武器≫{/c},A Heavy Bowgun{j}modeled after the gun used by a girl from a distant land.{j}{c28}≪Zenith Weapon≫{/c}
3901,遠国の少女が使用した弓を{j}模した弓。{j}{c28}≪辿異武器≫{/c},Bow modeled after{j}the bow used by a girl from a faraway land.{j}{c28}≪Zenith Weapon≫{/c}
3902,巨大なモンスター素材で作っ{j}た軽弩。{c03}LV2 通常弾{/c}、{c03}LV1 貫{j}通弾{/c}が{c03}速射{/c}対応{c28}≪辿異武器≫{/c},"A Light Bowgun made from giant monster materials.{j}{c03}LV2 Normal Shot{/c},{c03}LV1 Pierce{j}Shot{/c}is{c03}Rapid Fire{/c}compatible{c28}≪Zenith Weapon≫{/c}"
3903,巨大なモンスター素材で作っ{j}た軽弩。{c03}LV1 徹甲榴弾{/c}、{c03}火{j}炎弾{/c}が{c03}速射{/c}対応{c28}≪辿異武器≫{/c},"A Light Bowgun made from giant monster materials.{j}{c03}LV1 Crag Shot{/c},{c03}Flame{j}Shot{/c}is{c03}Rapid Fire{/c}compatible{c28}≪Zenith Weapon≫{/c}"
3904,天空を翔る龍の素材を元に{j}作成されたヘビィボウガン。{j}{c28}≪辿異武器≫{/c},A Heavy Bowgun created{j}from the materials of a sky-soaring dragon.{j}{c28}≪Zenith Weapon≫{/c}
3905,天空を翔る龍の素材を元に{j}作成されたヘビィボウガン。{j}{c28}≪辿異武器≫{/c},A Heavy Bowgun created{j}from the materials of a sky-soaring dragon.{j}{c28}≪Zenith Weapon≫{/c}
3906,天の峰に舞う神の軽弩。その{j}一射は神の一息。大水の針は{j}一切衆生を穿つ。{c04}≪遷悠武器≫{/c},A divine light bowgun dancing on the heavenly peaks. Its{j}single shot is the breath of a god. Its great water needle{j}pierces all living beings.{c04}≪Exotic Weapon≫{/c}
3907,狩人の魂が呼び覚ました、{j}凶針【水禍】の極致。{j}{c04}≪遷悠武器≫{/c},"Awakened by a Hunter's soul,{j}the ultimate Ominous Needle [Water Calamity].{j}{c04}≪Exotic Weapon≫{/c}"
3908,天地を刻む神の歯車。過ぎ去り{j}し時が戻らぬように、運命は{j}決して覆らない。{c04}≪遷悠武器≫{/c},"A divine gear that carves heaven and earth. So that{j}time gone by never returns, fate{j}can never be reversed.{c04}≪Exotic Weapon≫{/c}"
3909,狩人の魂が呼び覚ました、{j}凶刻【時雨】の極致。{j}{c04}≪遷悠武器≫{/c},"Awakened by the Hunter's soul,{j}the ultimate form of Ominous Moment [Drizzle].{j}{c04}≪Exotic Weapon≫{/c}"
3910,太陽を覆い隠す嵐の神の具現。{j}弦を引けば吹き荒れる旋風に{j}衆生はひれ伏す。{c04}≪遷悠武器≫{/c},"The embodiment of a storm god that shrouds the sun.{j}Draw the string, and{j}all living things prostrate themselves before the raging gale.{c04}≪Exotic Weapon≫{/c}"
3911,神の狂風が止み、慈愛の風が再{j}生を告げる。凶弓【小夜嵐】{j}進化版。{c04}≪遷悠武器≫{/c},"The god's raging wind stops, and a wind of{j}mercy heralds rebirth. Cursed Bow [Night Storm]{j}Evolution.{c04}≪Exotic Weapon≫{/c}"
3912,狩人の魂が呼び覚ました、{j}凶弓【小夜嵐】の極致。{j}{c04}≪遷悠武器≫{/c},"Awakened by a Hunter's soul,{j}the ultimate Ominous Bow [Night Storm].{j}{c04}≪Exotic Weapon≫{/c}"
3913,雅翁龍の力が宿る軽弩。持ち{j}主は素早い動きで敵の急所を{j}撃ち抜く。{c28}≪辿異武器≫{/c},A Light Bowgun imbued with Inagami's power. Its{j}wielder{j}shoots foes' vital points with nimble movement.{c28}≪Zenith Weapon≫{/c}
3914,雅翁龍の力が宿る軽弩。持ち{j}主は素早い動きで敵の急所を{j}撃ち抜く。{c28}≪辿異武器≫{/c},A Light Bowgun imbued with Inagami's power. Its{j}wielder{j}shoots foes' vital points with nimble movement.{c28}≪Zenith Weapon≫{/c}
3915,雅翁龍の力が宿る軽弩。持ち{j}主は素早い動きで敵の急所を{j}撃ち抜く。{c28}≪辿異武器≫{/c},A Light Bowgun imbued with Inagami's power. Its{j}wielder{j}shoots foes' vital points with nimble movement.{c28}≪Zenith Weapon≫{/c}
3916,雅翁龍の力が宿る軽弩。持ち{j}主は素早い動きで敵の急所を{j}撃ち抜く。{c28}≪辿異武器≫{/c},A Light Bowgun imbued with Inagami's power. Its{j}wielder{j}shoots foes' vital points with nimble movement.{c28}≪Zenith Weapon≫{/c}
3917,雅翁龍の力が宿る重弩。持ち{j}主は必中の狙いで敵の急所を{j}撃ち貫く。{c28}≪辿異武器≫{/c},A Heavy Bowgun imbued with Inagami's power. Its{j}wielder{j}pierces foes' vital points with unerring aim.{c28}≪Zenith Weapon≫{/c}
3918,雅翁龍の力が宿る重弩。持ち{j}主は必中の狙いで敵の急所を{j}撃ち貫く。{c28}≪辿異武器≫{/c},A Heavy Bowgun imbued with Inagami's power. Its{j}wielder{j}pierces foes' vital points with unerring aim.{c28}≪Zenith Weapon≫{/c}
3919,雅翁龍の力が宿る重弩。持ち{j}主は必中の狙いで敵の急所を{j}撃ち貫く。{c28}≪辿異武器≫{/c},A Heavy Bowgun imbued with Inagami's power. Its{j}wielder{j}pierces foes' vital points with unerring aim.{c28}≪Zenith Weapon≫{/c}
3920,雅翁龍の力が宿る重弩。持ち{j}主は必中の狙いで敵の急所を{j}撃ち貫く。{c28}≪辿異武器≫{/c},A Heavy Bowgun imbued with Inagami's power. Its{j}wielder{j}pierces foes' vital points with unerring aim.{c28}≪Zenith Weapon≫{/c}
3921,東洋の奥地に住まう部族の{j}杵弩。握り手に工夫がこなさ{j}れた跡が見える。{c28}≪辿異武器≫{/c},A Pestle Bowgun of a tribe{j}living in the remote East. One can see traces of ingenuity{j}in the grip.{c28}≪Zenith Weapon≫{/c}
3922,東洋の奥地に住まう部族の{j}杵弩。握り手に工夫がこなさ{j}れた跡が見える。{c28}≪辿異武器≫{/c},A Pestle Bowgun of a tribe{j}living in the remote East. One can see traces of ingenuity{j}in the grip.{c28}≪Zenith Weapon≫{/c}
3923,東洋の奥地に住まう部族の{j}杵弩。握り手に工夫がこなさ{j}れた跡が見える。{c28}≪辿異武器≫{/c},A Pestle Bowgun of a tribe{j}living in the remote East. One can see traces of ingenuity{j}in the grip.{c28}≪Zenith Weapon≫{/c}
3924,東洋の奥地に住まう部族の{j}杵弩。握り手に工夫がこなさ{j}れた跡が見える。{c28}≪辿異武器≫{/c},A Pestle Bowgun of a tribe{j}living in the remote East. One can see traces of ingenuity{j}in the grip.{c28}≪Zenith Weapon≫{/c}
3925,東洋の奥地に住まう部族の{j}風弓。東洋の狩人が改良に{j}改良を重ねた。{c28}≪辿異武器≫{/c},A wind bow{j}of a tribe living in the remote East. Eastern hunters made improvement{j}after improvement.{c28}≪Zenith Weapon≫{/c}
3926,東洋の奥地に住まう部族の{j}風弓。東洋の狩人が改良に{j}改良を重ねた。{c28}≪辿異武器≫{/c},A wind bow{j}of a tribe living in the remote East. Eastern hunters made improvement{j}after improvement.{c28}≪Zenith Weapon≫{/c}
3927,東洋の奥地に住まう部族の{j}風弓。東洋の狩人が改良に{j}改良を重ねた。{c28}≪辿異武器≫{/c},A wind bow{j}of a tribe living in the remote East. Eastern hunters made improvement{j}after improvement.{c28}≪Zenith Weapon≫{/c}
3928,東洋の奥地に住まう部族の{j}風弓。東洋の狩人が改良に{j}改良を重ねた。{c28}≪辿異武器≫{/c},A wind bow{j}of a tribe living in the remote East. Eastern hunters made improvement{j}after improvement.{c28}≪Zenith Weapon≫{/c}
3929,0,
3930,0,
3931,装飾が施された白い軽弩。{j}希少な属性の再現に成功した{j}最新作。{c28}≪辿異武器≫{/c},"A decorated white Light Bowgun.{j}The latest model,{j}successfully reproducing a rare element.{c28}≪Zenith Weapon≫{/c}"
3932,装飾が施された白い軽弩。{j}希少な属性の再現に成功した{j}最新作。{c28}≪辿異武器≫{/c},"A decorated white Light Bowgun.{j}The latest model,{j}successfully reproducing a rare element.{c28}≪Zenith Weapon≫{/c}"
3933,装飾が施された白い軽弩。{j}希少な属性の再現に成功した{j}最新作。{c28}≪辿異武器≫{/c},"A decorated white Light Bowgun.{j}The latest model,{j}successfully reproducing a rare element.{c28}≪Zenith Weapon≫{/c}"
3934,装飾が施された白い軽弩。{j}希少な属性の再現に成功した{j}最新作。{c28}≪辿異武器≫{/c},"A decorated white Light Bowgun.{j}The latest model,{j}successfully reproducing a rare element.{c28}≪Zenith Weapon≫{/c}"
3935,装飾が施された白い重弩。{j}希少な属性の再現に成功した{j}最新作。{c28}≪辿異武器≫{/c},"A decorated white Heavy Bowgun.{j}The latest model,{j}successfully reproducing a rare element.{c28}≪Zenith Weapon≫{/c}"
3936,装飾が施された白い重弩。{j}希少な属性の再現に成功した{j}最新作。{c28}≪辿異武器≫{/c},"A decorated white Heavy Bowgun.{j}The latest model,{j}successfully reproducing a rare element.{c28}≪Zenith Weapon≫{/c}"
3937,装飾が施された白い重弩。{j}希少な属性の再現に成功した{j}最新作。{c28}≪辿異武器≫{/c},"A decorated white Heavy Bowgun.{j}The latest model,{j}successfully reproducing a rare element.{c28}≪Zenith Weapon≫{/c}"
3938,装飾が施された白い重弩。{j}希少な属性の再現に成功した{j}最新作。{c28}≪辿異武器≫{/c},"A decorated white Heavy Bowgun.{j}The latest model,{j}successfully reproducing a rare element.{c28}≪Zenith Weapon≫{/c}"
3939,西方より伝来した特殊な素材{j}を用いて開発された。華やか{j}な大弓。{c28}≪辿異武器≫{/c},Developed using the special material{j}brought over from the West. A splendid{j}greatbow.{c28}≪Zenith Weapon≫{/c}
3940,最果テノ地ニ住マウ龍ヨリ{j}造ラレシ終焉ノ弓。{j}{c28}≪辿異武器≫{/c},A Bow of Demise forged{j}from the dragon that dwells in the farthest land.{j}{c28}≪Zenith Weapon≫{/c}
3941,最果テノ地ニ住マウ龍ヨリ{j}造ラレシ終焉ノ弓。{j}{c28}≪辿異武器≫{/c},A Bow of Demise forged{j}from the dragon that dwells in the farthest land.{j}{c28}≪Zenith Weapon≫{/c}
3942,照雷鳥の麗しさが宿る弓。{j}武器でありながらカリスマを{j}放つ完成度。{c28}≪辿異武器≫{/c},"A Bow imbued with Toridcless's beauty. Despite being a{j}weapon, its perfection exudes{j}charisma.{c28}≪Zenith Weapon≫{/c}"
3943,照雷鳥の麗しさが宿る弓。{j}武器でありながらカリスマを{j}放つ完成度。{c28}≪辿異武器≫{/c},"A Bow imbued with Toridcless's beauty. Despite being a{j}weapon, its perfection exudes{j}charisma.{c28}≪Zenith Weapon≫{/c}"
3944,照雷鳥の麗しさが宿る弓。{j}武器でありながらカリスマを{j}放つ完成度。{c28}≪辿異武器≫{/c},"A Bow imbued with Toridcless's beauty. Despite being a{j}weapon, its perfection exudes{j}charisma.{c28}≪Zenith Weapon≫{/c}"
3945,照雷鳥の麗しさが宿る弓。{j}武器でありながらカリスマを{j}放つ完成度。{c28}≪辿異武器≫{/c},"A Bow imbued with Toridcless's beauty. Despite being a{j}weapon, its perfection exudes{j}charisma.{c28}≪Zenith Weapon≫{/c}"
3946,冥雷竜の力が宿りし軽銃。{j}改良を重ねた結果、秘めし{j}力が解放された。{c28}≪辿異武器≫{/c},"A Light Bowgun imbued with the power of Stygian Zinogre.{j}As a result of repeated improvements, its hidden{j}power has been released.{c28}≪Zenith Weapon≫{/c}"
3947,冥雷竜の力が宿りし軽銃。{j}改良を重ねた結果、秘めし{j}力が解放された。{c28}≪辿異武器≫{/c},"A Light Bowgun imbued with the power of Stygian Zinogre.{j}As a result of repeated improvements, its hidden{j}power has been released.{c28}≪Zenith Weapon≫{/c}"
3948,冥雷竜の力が宿りし軽銃。{j}改良を重ねた結果、秘めし{j}力が解放された。{c28}≪辿異武器≫{/c},"A Light Bowgun imbued with the power of Stygian Zinogre.{j}As a result of repeated improvements, its hidden{j}power has been released.{c28}≪Zenith Weapon≫{/c}"
3949,冥雷竜の力が宿りし軽銃。{j}改良を重ねた結果、秘めし{j}力が解放された。{c28}≪辿異武器≫{/c},"A Light Bowgun imbued with the power of Stygian Zinogre.{j}As a result of repeated improvements, its hidden{j}power has been released.{c28}≪Zenith Weapon≫{/c}"
3950,装飾が施された白い弓。{j}希少な属性の再現に成功した{j}最新作。{c28}≪辿異武器≫{/c},"A white Bow adorned with ornamentation.{j}Succeeding in reproducing a rare element,{j}the latest model.{c28}≪Zenith Weapon≫{/c}"
3951,装飾が施された白い弓。{j}希少な属性の再現に成功した{j}最新作。{c28}≪辿異武器≫{/c},"A white Bow adorned with ornamentation.{j}Succeeding in reproducing a rare element,{j}the latest model.{c28}≪Zenith Weapon≫{/c}"
3952,装飾が施された白い弓。{j}希少な属性の再現に成功した{j}最新作。{c28}≪辿異武器≫{/c},"A white Bow adorned with ornamentation.{j}Succeeding in reproducing a rare element,{j}the latest model.{c28}≪Zenith Weapon≫{/c}"
3953,装飾が施された白い弓。{j}希少な属性の再現に成功した{j}最新作。{c28}≪辿異武器≫{/c},"A white Bow adorned with ornamentation.{j}Succeeding in reproducing a rare element,{j}the latest model.{c28}≪Zenith Weapon≫{/c}"
3954,東洋の奥地に住まう奇怪な{j}部族の軽弩。東洋の伝統が{j}込められている。{c28}≪辿異武器≫{/c},A Light Bowgun of a strange{j}tribe living in the remote East. It embodies{j}Eastern tradition.{c28}≪Zenith Weapon≫{/c}
3955,東洋の奥地に住まう奇怪な{j}部族の軽弩。東洋の伝統が{j}込められている。{c28}≪辿異武器≫{/c},A Light Bowgun of a strange{j}tribe living in the remote East. It embodies{j}Eastern tradition.{c28}≪Zenith Weapon≫{/c}
3956,東洋の奥地に住まう奇怪な{j}部族の軽弩。東洋の伝統が{j}込められている。{c28}≪辿異武器≫{/c},A Light Bowgun of a strange{j}tribe living in the remote East. It embodies{j}Eastern tradition.{c28}≪Zenith Weapon≫{/c}
3957,東洋の奥地に住まう奇怪な{j}部族の軽弩。東洋の伝統が{j}込められている。{c28}≪辿異武器≫{/c},A Light Bowgun of a strange{j}tribe living in the remote East. It embodies{j}Eastern tradition.{c28}≪Zenith Weapon≫{/c}
3958,歌姫の力に共鳴すると、{j}真の力が目覚める。{j}{c15}≪祈歌武器≫{/c},"When it resonates with the Songstress's power,{j}its true strength awakens.{j}{c15}≪Prayer Song Weapon≫{/c}"
3959,歌姫の力に共鳴すると、{j}真の力が目覚める。{j}{c15}≪祈歌武器≫{/c},"When it resonates with the Songstress's power,{j}its true strength awakens.{j}{c15}≪Prayer Song Weapon≫{/c}"
3960,歌姫の力に共鳴すると、{j}真の力が目覚める。{j}{c15}≪祈歌武器≫{/c},"When it resonates with the Songstress's power,{j}its true strength awakens.{j}{c15}≪Prayer Song Weapon≫{/c}"
3961,歌姫の力に共鳴すると、{j}真の力が目覚める。{j}{c15}≪祈歌武器≫{/c},"When it resonates with the Songstress's power,{j}its true strength awakens.{j}{c15}≪Prayer Song Weapon≫{/c}"
3962,歌姫の力に共鳴すると、{j}真の力が目覚める。{j}{c15}≪祈歌武器≫{/c},"When it resonates with the Songstress's power,{j}its true strength awakens.{j}{c15}≪Prayer Song Weapon≫{/c}"
3963,歌姫の力に共鳴すると、{j}真の力が目覚める。{j}{c15}≪祈歌武器≫{/c},"When it resonates with the Songstress's power,{j}its true strength awakens.{j}{c15}≪Prayer Song Weapon≫{/c}"
3964,乙女からの想いを誠意をこめ{j}て打ち返す軽弩。{c03}LV1 散弾{/c}が{j}{c03}速射{/c}対応。{c28}≪辿異武器≫{/c},A Light Bowgun that returns a maiden's feelings{j}with utmost sincerity.{c03}LV1 Pellet Shot{/c}supports{j}{c03}Rapid Fire{/c}.{c28}≪Zenith Weapon≫{/c}
3965,歌姫の力に共鳴すると、{j}真の力が目覚める。{j}{c15}≪祈歌武器≫{/c},"When it resonates with the Songstress's power,{j}its true strength awakens.{j}{c15}≪Prayer Song Weapon≫{/c}"
3966,歌姫の力に共鳴すると、{j}真の力が目覚める。{j}{c15}≪祈歌武器≫{/c},"When it resonates with the Songstress's power,{j}its true strength awakens.{j}{c15}≪Prayer Song Weapon≫{/c}"
3967,歌姫の力に共鳴すると、{j}真の力が目覚める。{j}{c15}≪祈歌武器≫{/c},"When it resonates with the Songstress's power,{j}its true strength awakens.{j}{c15}≪Prayer Song Weapon≫{/c}"
3968,怒貌竜の涸鱗を巧みに用いて{j}造られた弩。重みのある銃撃{j}を放つ。{c28}≪辿異武器≫{/c},A bowgun skillfully{j}crafted from the dried scales of the Raging Visage Dragon. It fires{j}weighty shots.{c28}≪Zenith Weapon≫{/c}
3969,怒貌竜の涸鱗を巧みに用いて{j}造られた弩。重みのある銃撃{j}を放つ。{c28}≪辿異武器≫{/c},A bowgun skillfully{j}crafted from the dried scales of the Raging Visage Dragon. It fires{j}weighty shots.{c28}≪Zenith Weapon≫{/c}
3970,怒貌竜の涸鱗を巧みに用いて{j}造られた弩。重みのある銃撃{j}を放つ。{c28}≪辿異武器≫{/c},A bowgun skillfully{j}crafted from the dried scales of the Raging Visage Dragon. It fires{j}weighty shots.{c28}≪Zenith Weapon≫{/c}
3971,怒貌竜の涸鱗を巧みに用いて{j}造られた弩。重みのある銃撃{j}を放つ。{c28}≪辿異武器≫{/c},A bowgun skillfully{j}crafted from the dried scales of the Raging Visage Dragon. It fires{j}weighty shots.{c28}≪Zenith Weapon≫{/c}
3972,激憤した怒貌竜の素材を{j}用いて造られた凄惨な弓。{j}{c28}≪辿異武器≫{/c},A gruesome Bow made{j}from the materials of a furious Giaorugu.{j}{c28}≪Zenith Weapon≫{/c}
3973,激憤した怒貌竜の素材を{j}用いて造られた凄惨な弓。{j}{c28}≪辿異武器≫{/c},A gruesome Bow made{j}from the materials of a furious Giaorugu.{j}{c28}≪Zenith Weapon≫{/c}
3974,激憤した怒貌竜の素材を{j}用いて造られた凄惨な弓。{j}{c28}≪辿異武器≫{/c},A gruesome Bow made{j}from the materials of a furious Giaorugu.{j}{c28}≪Zenith Weapon≫{/c}
3975,激憤した怒貌竜の素材を{j}用いて造られた凄惨な弓。{j}{c28}≪辿異武器≫{/c},A gruesome Bow made{j}from the materials of a furious Giaorugu.{j}{c28}≪Zenith Weapon≫{/c}
3976,破壊の旋風を生み出す千刃竜{j}の軽弩。{c04}≪遷悠武器≫{/c},A Light Bowgun of the Seregios{j}that creates a whirlwind of destruction.{c04}≪Exotic Weapon≫{/c}
3977,0,
3978,狩人の魂が呼び覚ました、{j}ラサーサアルシアラの極致。{j}{c04}≪遷悠武器≫{/c},"Awakened by the Hunter's soul,{j}the ultimate form of Rasasa Alsiara.{j}{c04}≪Exotic Weapon≫{/c}"
3979,大軍隊を壊滅させる千刃竜の{j}重弩。{c04}≪遷悠武器≫{/c},A Heavy Bowgun of the Seregios that annihilates vast armies.{j}{c04}≪Exotic Weapon≫{/c}
3980,0,
3981,狩人の魂が呼び覚ました、{j}サイドアルシャマリの極致。{j}{c04}≪遷悠武器≫{/c},"Awakened by the Hunter's soul,{j}the ultimate form of Said Alshamari.{j}{c04}≪Exotic Weapon≫{/c}"
3982,千刃竜の鋭くしなやかな{j}運動性を取り入れた弓。{j}{c04}≪遷悠武器≫{/c},"A Bow that takes in the sharp, supple{j}agility of the Thousand Blade Dragon.{j}{c04}≪Exotic Weapon≫{/c}"
3983,変革の日、大国の暴君を討ち{j}取ったとされる反逆の大弓。{j}{c04}≪遷悠武器≫{/c},A great bow of rebellion said to have struck down{j}a great nation's tyrant on the day of revolution.{j}{c04}≪Exotic Weapon≫{/c}
3984,狩人の魂が呼び覚ました、{j}シャルラアルナスルの極致。{j}{c04}≪遷悠武器≫{/c},"Awakened by the Hunter's soul,{j}the ultimate form of Sharla Alnasr.{j}{c04}≪Exotic Weapon≫{/c}"
3985,0,
3986,0,
3987,0,
3988,0,
3989,特徴的な色合いをした儀式用{j}の弓。実用性を重視した{j}作り。{c28}≪辿異武器≫{/c},A ceremonial Bow{j}with a distinctive hue.{j}Built for practicality.{c28}≪Zenith Weapon≫{/c}
3990,特徴的な色合いをした儀式用{j}の弓。実用性を重視した{j}作り。{c28}≪辿異武器≫{/c},A ceremonial Bow{j}with a distinctive hue.{j}Built for practicality.{c28}≪Zenith Weapon≫{/c}
3991,特徴的な色合いをした儀式用{j}の弓。実用性を重視した{j}作り。{c28}≪辿異武器≫{/c},A ceremonial Bow{j}with a distinctive hue.{j}Built for practicality.{c28}≪Zenith Weapon≫{/c}
3992,特徴的な色合いをした儀式用{j}の弓。実用性を重視した{j}作り。{c28}≪辿異武器≫{/c},A ceremonial Bow{j}with a distinctive hue.{j}Built for practicality.{c28}≪Zenith Weapon≫{/c}
3993,これから新たに旅立つ{j}ハンターのための軽弩。{j}決意がこもっている。,A Light Bowgun for the{j}Hunter about to set out anew.{j}Filled with determination.
3994,進み続ける意志を貫く{j}ハンターのための軽弩。{j}決意が伺える。,A light bowgun for the Hunter{j}who upholds an ever-advancing will.{j}Their resolve is evident.
3995,仲間と、そして自分を信じる{j}ハンターのための軽弩。{j}{c11}≪ＨＣ武器≫{/c},A Light Bowgun for Hunters who believe in their comrades and themselves.{j}{j}{c11}≪HC Weapon≫{/c}
3996,決して折れない心を持つ{j}ハンターのための軽弩。{j}決意が露わになっている。,A Light Bowgun for a{j}Hunter with an unbreakable spirit.{j}Their determination is laid bare.
3997,真なるハンターのための{j}軽弩。決意に満ちている。{j}{c28}≪辿異武器≫{/c},For True Hunters{j}A light bowgun. Filled with determination.{j}{c28}<<Zenith Weapon>>{/c}
3998,神業に達したハンターの{j}ための軽弩。決意に溢れて{j}いる。{c28}≪辿異武器≫{/c},A Light Bowgun{j}for a Hunter of godlike skill. Overflowing with{j}determination.{c28}≪Zenith Weapon≫{/c}
3999,これから新たに旅立つ{j}ハンターのための重弩。{j}決意がこもっている。,A Heavy Bowgun for the{j}Hunter about to set out anew.{j}Filled with determination.
4000,進み続ける意志を貫く{j}ハンターのための重弩。{j}決意が伺える。,A heavy bowgun for the Hunter{j}who upholds an ever-advancing will.{j}Their resolve is evident.
4001,仲間と、そして自分を信じる{j}ハンターのための重弩。{j}{c11}≪ＨＣ武器≫{/c},A Heavy Bowgun for Hunters who believe in their comrades and themselves.{j}{j}{c11}≪HC Weapon≫{/c}
4002,決して折れない心を持つ{j}ハンターのための重弩。{j}決意が露わになっている。,A Heavy Bowgun for a{j}Hunter with a heart that never breaks.{j}Their resolve is plain to see.
4003,真なるハンターのための{j}重弩。決意に満ちている。{j}{c28}≪辿異武器≫{/c},For the True Hunter{j}Heavy Bowgun. Filled with determination.{j}{c28}≪Zenith Weapon≫{/c}
4004,神業に達したハンターの{j}ための重弩。決意に溢れて{j}いる。{c28}≪辿異武器≫{/c},A Heavy Bowgun{j}for a Hunter of godlike skill. Overflowing with{j}determination.{c28}≪Zenith Weapon≫{/c}
4005,これから新たに旅立つ{j}ハンターのための弓。{j}決意がこもっている。,A Bow for the{j}Hunter about to set out anew.{j}Filled with determination.
4006,進み続ける意志を貫く{j}ハンターのための弓。{j}決意が伺える。,A Bow for the Hunter{j}who upholds an ever-advancing will.{j}Their resolve is evident.
4007,仲間と、そして自分を信じる{j}ハンターのための弓。{j}{c11}≪ＨＣ武器≫{/c},A Bow for{j}Hunters who believe in their comrades and in themselves.{j}{c11}≪HC Weapon≫{/c}
4008,決して折れない心を持つ{j}ハンターのための弓。{j}決意が露わになっている。,A Bow for a{j}Hunter with an unbreakable spirit.{j}Their determination is laid bare.
4009,真なるハンターのための{j}弓。決意に満ちている。{j}{c28}≪辿異武器≫{/c},For the True Hunter{j}Bow. Filled with determination.{j}{c28}≪Zenith Weapon≫{/c}
4010,神業に達したハンターの{j}ための弓。決意に溢れている。{j}{c28}≪辿異武器≫{/c},A Bow for{j}Hunters who have reached true mastery. Filled with resolve.{j}{c28}≪Zenith Weapon≫{/c}
4011,東方に住まう由緒正しき{j}貴族の弩。その重撃は{j}城をも貫く。{c28}≪辿異武器≫{/c},The Heavy Bowgun of a noble{j}of distinguished lineage living in the East. Its heavy shot can{j}even pierce a castle.{c28}≪Zenith Weapon≫{/c}
4012,東方に住まう由緒正しき{j}貴族の弩。その重撃は{j}城をも貫く。{c28}≪辿異武器≫{/c},The Heavy Bowgun of a noble{j}of distinguished lineage living in the East. Its heavy shot can{j}even pierce a castle.{c28}≪Zenith Weapon≫{/c}
4013,東方に住まう由緒正しき{j}貴族の弩。その重撃は{j}城をも貫く。{c28}≪辿異武器≫{/c},The Heavy Bowgun of a noble{j}of distinguished lineage living in the East. Its heavy shot can{j}even pierce a castle.{c28}≪Zenith Weapon≫{/c}
4014,東方に住まう由緒正しき{j}貴族の弩。その重撃は{j}城をも貫く。{c28}≪辿異武器≫{/c},The Heavy Bowgun of a noble{j}of distinguished lineage living in the East. Its heavy shot can{j}even pierce a castle.{c28}≪Zenith Weapon≫{/c}
4015,蘇った大巌竜の軽弩。{c06}強酸弾{/c}に{j}対応。{c03}LV2 通常弾{/c}、{c03}LV1 貫通弾{/c}{j}が{c03}速射{/c}対応。{c05}≪進化武器≫{/c},"A Light Bowgun of the revived Great Rock Dragon.{c06}Supports Strong Acid Ammo{/c}.{j}Supports{c03}LV2 Normal Ammo{/c},{c03}LV1 Pierce Ammo{/c}{j}and{c03}Rapid Fire{/c}.{c05}≪Evolution Weapon≫{/c}"
4016,幻の大巌竜の軽弩。{c06}龍酸弾{/c}に{j}対応。{c03}LV2 通常弾{/c}、{c03}LV1 貫通弾{/c}{j}が{c03}速射{/c}対応。{c05}≪進化武器≫{/c},Light Bowgun of a legendary Gurenzeburu. Supports{c06}Dragon Acid Ammo{/c}{j}.{c03}LV2 Normal Ammo{/c}and{c03}LV1 Pierce Ammo{/c}{j}are{c03}Rapid Fire{/c}compatible.{c05}≪Evolution Weapon≫{/c}
4017,稀少な大巌竜の軽弩。{c06}強酸弾{/c}、{j}{c06}龍酸弾{/c}に対応。{c03}LV2 通常弾{/c}が{j}{c03}速射{/c}対応。{c05}≪進化武器≫{/c},A Light Bowgun of the rare Great Rock Dragon.{c06}Strong Acid Ammo{/c}and{j}{c06}Dragon Acid Ammo{/c}are supported.{c03}LV2 Normal Ammo{/c}can use{j}{c03}Rapid Fire{/c}.{c05}≪Evolution Weapon≫{/c}
4018,狩人と共に進化し続けた、{j}伝説の大巌竜の軽弩。{j}{c05}≪進化武器≫{/c},"A Light Bowgun of the legendary Lao-Shan Lung,{j}which continued to evolve alongside Hunters.{j}{c05}≪Evolution Weapon≫{/c}"
4019,破壊の末星を作ったとの{j}伝説を持つ大巌竜の重弩。{j}{c06}爆撃弾{/c}に対応。{c05}≪進化武器≫{/c},"A Heavy Bowgun of Akantor, which has the legend of{j}creating the final star of destruction.{j}{c06}Supports Explosive Ammo{/c}.{c05}≪Evolution Weapon≫{/c}"
4020,狙われた獲物は逃げられないと{j}いう伝説を残す大巌竜の重弩。{j}{c06}龍爆撃弾{/c}に対応。{c05}≪進化武器≫{/c},"A Heavy Bowgun of Laviente, who left behind{j}a legend that no hunted prey escapes.{j}Compatible with{c06}Dragon Blast S{/c}.{c05}≪Evolution Weapon≫{/c}"
4021,月に風穴を開けたと伝わる大{j}巌竜の重弩。{c06}爆撃弾{/c}、{c06}龍爆撃{j}弾{/c}に対応。{c05}≪進化武器≫{/c},"A Heavy Bowgun of the great{j}Rock Dragon, said to have blown a hole in the moon.{c06}Compatible with{/c}Explosive Shells,{c06}Dragon Blast{j}Shells{/c}.{c05}≪Evolution Weapon≫{/c}"
4022,海を抉り、山を粉々にした{j}という破壊できぬもの無き{j}大巌竜の重弩。{c05}≪進化武器≫{/c},"A Heavy Bowgun{j}said to have gouged the sea and pulverized mountains,{j}the Dara Amadyura Heavy Bowgun with nothing it cannot destroy.{c05}≪Evolution Weapon≫{/c}"
4023,放たれる矢は雲を貫き天を割る{j}と伝えられる大巌竜の戦弓。{j}{c05}≪進化武器≫{/c},"The war bow of the Great Rock Dragon, said{j}to pierce the clouds and split the heavens.{j}{c05}≪Evolution Weapon≫{/c}"
4024,放った矢は千里先まで届くと{j}言われる大巌竜の戦弓。{j}{c05}≪進化武器≫{/c},"The war bow of the Great Rock Dragon, said to{j}send its arrows a thousand leagues.{j}{c05}≪Evolution Weapon≫{/c}"
4025,神々の大戦の際に用いられた{j}大巌竜の戦弓。{j}{c05}≪進化武器≫{/c},From the time of the great war of the gods comes this{j}war bow of the Great Boulder Dragon.{j}{c05}≪Evolution Weapon≫{/c}
4026,矢が解き放たれしとき、大{j}地に混乱をもたらすとされる{j}大巌竜の戦弓。{c05}≪進化武器≫{/c},A war bow of the Great Boulder Wyvern{j}said to bring chaos to the land{j}when its arrow is loosed.{c05}≪Evolution Weapon≫{/c}
4027,天より与えられし弓。{j}未知なる力を吸収し成長する。{j}氷属性。{c05}≪進化武器≫{/c},A Bow bestowed by the heavens.{j}Absorbs unknown power and grows.{j}Ice element.{c05}≪Evolution Weapon≫{/c}
4028,天より与えられし弓。{j}未知なる力を吸収し成長する。{j}氷属性。{c05}≪進化武器≫{/c},A Bow bestowed by the heavens.{j}Absorbs unknown power and grows.{j}Ice element.{c05}≪Evolution Weapon≫{/c}
4029,天より与えられし弓。{j}未知なる力を吸収し成長する。{j}雷属性。{c05}≪進化武器≫{/c},A Bow bestowed by the heavens.{j}Absorbs unknown power and grows.{j}Thunder element.{c05}≪Evolution Weapon≫{/c}
4030,天より与えられし弓。{j}未知なる力を吸収し成長する。{j}雷属性。{c05}≪進化武器≫{/c},A Bow bestowed by the heavens.{j}Absorbs unknown power and grows.{j}Thunder element.{c05}≪Evolution Weapon≫{/c}
4031,天より与えられし弓。{j}未知なる力を吸収し成長する。{j}水属性。{c05}≪進化武器≫{/c},A Bow bestowed by the heavens.{j}Absorbs unknown power and grows.{j}Water element.{c05}≪Evolution Weapon≫{/c}
4032,天より与えられし弓。{j}未知なる力を吸収し成長する。{j}水属性。{c05}≪進化武器≫{/c},A Bow bestowed by the heavens.{j}Absorbs unknown power and grows.{j}Water element.{c05}≪Evolution Weapon≫{/c}
4033,天より与えられし弓。{j}未知なる力を吸収し成長する。{j}火属性。{c05}≪進化武器≫{/c},A Bow bestowed by the heavens.{j}Absorbs unknown power and grows.{j}Fire element.{c05}≪Evolution Weapon≫{/c}
4034,天より与えられし弓。{j}未知なる力を吸収し成長する。{j}火属性。{c05}≪進化武器≫{/c},A Bow bestowed by the heavens.{j}Absorbs unknown power and grows.{j}Fire element.{c05}≪Evolution Weapon≫{/c}
4035,進化する軽弩。{c06}強酸弾{/c}に{j}対応。{c03}LV2 通常弾{/c}、{c03}LV1 貫通弾{/c}{j}が{c03}速射{/c}対応。{c05}≪進化武器≫{/c},"An evolving light bowgun.{c06}Compatible with{/c}Strong Acid S{j}.{c03}LV2 Normal S{/c},{c03}LV1 Pierce S{/c}{j}are{c03}Rapid Fire{/c}capable.{c05}≪Evolution Weapon≫{/c}"
4036,進化する軽弩。{c06}氷酸弾{/c}に{j}対応。{c03}LV2 通常弾{/c}、{c03}氷結弾{/c}{j}が{c03}速射{/c}対応。{c05}≪進化武器≫{/c},An evolving Light Bowgun. Compatible with{c06}Ice Acid Ammo{/c}{j}.{c03}Lv2 Normal Ammo{/c}and{c03}Freeze Ammo{/c}{j}are capable of{c03}Rapid Fire{/c}.{c05}≪Evolution Weapon≫{/c}
4037,進化する軽弩。{c06}強酸弾{/c}に{j}対応。{c03}LV2 通常弾{/c}、{c03}LV1 貫通弾{/c}{j}が{c03}速射{/c}対応。{c05}≪進化武器≫{/c},"An evolving light bowgun.{c06}Compatible with{/c}Strong Acid S{j}.{c03}LV2 Normal S{/c},{c03}LV1 Pierce S{/c}{j}are{c03}Rapid Fire{/c}capable.{c05}≪Evolution Weapon≫{/c}"
4038,進化する軽弩。{c06}雷酸弾{/c}に{j}対応。{c03}LV2 通常弾{/c}、{c03}電撃弾{/c}{j}が{c03}速射{/c}対応。{c05}≪進化武器≫{/c},An evolving Light Bowgun. Compatible with{c06}Lightning Acid Ammo{/c}{j}.{c03}Lv2 Normal Ammo{/c}and{c03}Thunder Ammo{/c}{j}are capable of{c03}Rapid Fire{/c}.{c05}≪Evolution Weapon≫{/c}
4039,特徴的な色合いをした儀式用{j}の軽弩。実用性を重視した{j}作り。{c28}≪辿異武器≫{/c},A ceremonial Light Bowgun{j}with a distinctive hue.{j}Built for practicality.{c28}≪Zenith Weapon≫{/c}
4040,特徴的な色合いをした儀式用{j}の軽弩。実用性を重視した{j}作り。{c28}≪辿異武器≫{/c},A ceremonial Light Bowgun{j}with a distinctive hue.{j}Built for practicality.{c28}≪Zenith Weapon≫{/c}
4041,特徴的な色合いをした儀式用{j}の軽弩。実用性を重視した{j}作り。{c28}≪辿異武器≫{/c},A ceremonial Light Bowgun{j}with a distinctive hue.{j}Built for practicality.{c28}≪Zenith Weapon≫{/c}
4042,特徴的な色合いをした儀式用{j}の軽弩。実用性を重視した{j}作り。{c28}≪辿異武器≫{/c},A ceremonial Light Bowgun{j}with a distinctive hue.{j}Built for practicality.{c28}≪Zenith Weapon≫{/c}
4043,特徴的な色合いをした儀式用{j}の重弩。実用性を重視した{j}作り。{c28}≪辿異武器≫{/c},A ceremonial Heavy Bowgun{j}with a distinctive hue.{j}Built for practicality.{c28}≪Zenith Weapon≫{/c}
4044,特徴的な色合いをした儀式用{j}の重弩。実用性を重視した{j}作り。{c28}≪辿異武器≫{/c},A ceremonial Heavy Bowgun{j}with a distinctive hue.{j}Built for practicality.{c28}≪Zenith Weapon≫{/c}
4045,特徴的な色合いをした儀式用{j}の重弩。実用性を重視した{j}作り。{c28}≪辿異武器≫{/c},A ceremonial Heavy Bowgun{j}with a distinctive hue.{j}Built for practicality.{c28}≪Zenith Weapon≫{/c}
4046,特徴的な色合いをした儀式用{j}の重弩。実用性を重視した{j}作り。{c28}≪辿異武器≫{/c},A ceremonial Heavy Bowgun{j}with a distinctive hue.{j}Built for practicality.{c28}≪Zenith Weapon≫{/c}
4047,歌姫の力に共鳴すると、{j}真の力が目覚める。{j}{c15}≪祈歌武器≫{/c},"When it resonates with the Songstress's power,{j}its true strength awakens.{j}{c15}≪Prayer Song Weapon≫{/c}"
4048,歌姫の力に共鳴すると、{j}真の力が目覚める。{j}{c15}≪祈歌武器≫{/c},"When it resonates with the Songstress's power,{j}its true strength awakens.{j}{c15}≪Prayer Song Weapon≫{/c}"
4049,歌姫の力に共鳴すると、{j}真の力が目覚める。{j}{c15}≪祈歌武器≫{/c},"When it resonates with the Songstress's power,{j}its true strength awakens.{j}{c15}≪Prayer Song Weapon≫{/c}"
4050,伝承の中で言い伝えられて{j}いた弓。月の光を矢に変え{j}放つと云う。{c28}≪辿異武器≫{/c},A Bow passed down{j}in legend. It is said to turn moonlight into arrows{j}and fire them.{c28}≪Zenith Weapon≫{/c}
4051,伝承の中で言い伝えられて{j}いた弓。月の光を矢に変え{j}放つと云う。{c28}≪辿異武器≫{/c},A Bow passed down{j}in legend. It is said to turn moonlight into arrows{j}and fire them.{c28}≪Zenith Weapon≫{/c}
4052,伝承の中で言い伝えられて{j}いた弓。月の光を矢に変え{j}放つと云う。{c28}≪辿異武器≫{/c},A Bow passed down{j}in legend. It is said to turn moonlight into arrows{j}and fire them.{c28}≪Zenith Weapon≫{/c}
4053,伝承の中で言い伝えられて{j}いた弓。月の光を矢に変え{j}放つと云う。{c28}≪辿異武器≫{/c},A Bow passed down{j}in legend. It is said to turn moonlight into arrows{j}and fire them.{c28}≪Zenith Weapon≫{/c}
4054,東方に住まう由緒正しき{j}貴族の軽弩。その閃撃は{j}城をも撃つ。{c28}≪辿異武器≫{/c},The{j}light bowgun of a noble of ancient lineage dwelling in the East. Its flashing shots can even strike a{j}castle.{c28}≪Zenith Weapon≫{/c}
4055,東方に住まう由緒正しき{j}貴族の軽弩。その閃撃は{j}城をも撃つ。{c28}≪辿異武器≫{/c},The{j}light bowgun of a noble of ancient lineage dwelling in the East. Its flashing shots can even strike a{j}castle.{c28}≪Zenith Weapon≫{/c}
4056,東方に住まう由緒正しき{j}貴族の軽弩。その閃撃は{j}城をも撃つ。{c28}≪辿異武器≫{/c},The{j}light bowgun of a noble of ancient lineage dwelling in the East. Its flashing shots can even strike a{j}castle.{c28}≪Zenith Weapon≫{/c}
4057,東方に住まう由緒正しき{j}貴族の軽弩。その閃撃は{j}城をも撃つ。{c28}≪辿異武器≫{/c},The{j}light bowgun of a noble of ancient lineage dwelling in the East. Its flashing shots can even strike a{j}castle.{c28}≪Zenith Weapon≫{/c}
4058,東方に住まう由緒正しき{j}貴族の弓。その跳撃は{j}城をも射る。{c28}≪辿異武器≫{/c},The Bow of a noble{j}of distinguished lineage living in the East. Its leaping shot can{j}even shoot through a castle.{c28}≪Zenith Weapon≫{/c}
4059,東方に住まう由緒正しき{j}貴族の弓。その跳撃は{j}城をも射る。{c28}≪辿異武器≫{/c},The Bow of a noble{j}of distinguished lineage living in the East. Its leaping shot can{j}even shoot through a castle.{c28}≪Zenith Weapon≫{/c}
4060,東方に住まう由緒正しき{j}貴族の弓。その跳撃は{j}城をも射る。{c28}≪辿異武器≫{/c},The Bow of a noble{j}of distinguished lineage living in the East. Its leaping shot can{j}even shoot through a castle.{c28}≪Zenith Weapon≫{/c}
4061,東方に住まう由緒正しき{j}貴族の弓。その跳撃は{j}城をも射る。{c28}≪辿異武器≫{/c},The Bow of a noble{j}of distinguished lineage living in the East. Its leaping shot can{j}even shoot through a castle.{c28}≪Zenith Weapon≫{/c}
4062,鍛錬を重ねることで、進化し{j}続けるといわれる弓。{j}氷属性。{c05}≪進化武器≫{/c},A Bow said to continue{j}evolving through repeated forging.{j}Ice Element.{c05}≪Evolution Weapon≫{/c}
4063,鍛錬を重ねることで、進化し{j}続けるといわれる弓。{j}氷属性。{c05}≪進化武器≫{/c},A Bow said to continue{j}evolving through repeated forging.{j}Ice Element.{c05}≪Evolution Weapon≫{/c}
4064,鍛錬を重ねることで、進化し{j}続けるといわれる弓。{j}雷属性。{c05}≪進化武器≫{/c},A Bow said to continue{j}evolving through repeated forging.{j}Thunder Element.{c05}≪Evolution Weapon≫{/c}
4065,鍛錬を重ねることで、進化し{j}続けるといわれる弓。{j}雷属性。{c05}≪進化武器≫{/c},A Bow said to continue{j}evolving through repeated forging.{j}Thunder Element.{c05}≪Evolution Weapon≫{/c}
4066,進化する軽弩。{c06}強酸弾{/c}に{j}対応。{c03}LV2 通常弾{/c}、{c03}LV1 貫通弾{/c}{j}が{c03}速射{/c}対応。{c05}≪進化武器≫{/c},"An evolving light bowgun.{c06}Compatible with{/c}Strong Acid S{j}.{c03}LV2 Normal S{/c},{c03}LV1 Pierce S{/c}{j}are{c03}Rapid Fire{/c}capable.{c05}≪Evolution Weapon≫{/c}"
4067,進化する軽弩。{c06}火酸弾{/c}に{j}対応。{c03}LV2 通常弾{/c}、{c03}火炎弾{/c}{j}が{c03}速射{/c}対応。{c05}≪進化武器≫{/c},An evolving Light Bowgun. Compatible with{c06}Fire Acid Ammo{/c}{j}.{c03}Lv2 Normal Ammo{/c}and{c03}Flame Ammo{/c}{j}are capable of{c03}Rapid Fire{/c}.{c05}≪Evolution Weapon≫{/c}
4068,進化する軽弩。{c06}強酸弾{/c}に{j}対応。{c03}LV2 通常弾{/c}、{c03}LV1 貫通弾{/c}{j}が{c03}速射{/c}対応。{c05}≪進化武器≫{/c},"An evolving light bowgun.{c06}Compatible with{/c}Strong Acid S{j}.{c03}LV2 Normal S{/c},{c03}LV1 Pierce S{/c}{j}are{c03}Rapid Fire{/c}capable.{c05}≪Evolution Weapon≫{/c}"
4069,進化する軽弩。{c06}水酸弾{/c}に{j}対応。{c03}LV2 通常弾{/c}、{c03}水冷弾{/c}{j}が{c03}速射{/c}対応。{c05}≪進化武器≫{/c},An evolving Light Bowgun. Compatible with{c06}Aqua Acid Ammo{/c}{j}.{c03}Lv2 Normal Ammo{/c}and{c03}Water Ammo{/c}{j}are capable of{c03}Rapid Fire{/c}.{c05}≪Evolution Weapon≫{/c}
4070,鍛錬を重ねることで、進化し{j}続けるといわれる重弩。{j}{c06}爆撃弾{/c}に対応。{c05}≪進化武器≫{/c},"Through repeated training, a Heavy Bowgun said to evolve{j}continuously.{j}Supports{c06}Explosive Ammo{/c}.{c05}≪Evolution Weapon≫{/c}"
4071,鍛錬を重ねることで、進化し{j}続けるといわれる重弩。{j}{c06}氷爆撃弾{/c}に対応。{c05}≪進化武器≫{/c},"Through relentless training, it is said to keep{j}evolving--a Heavy Bowgun.{j}Supports{c06}Ice Explosive Ammo{/c}.{c05}≪Evolution Weapon≫{/c}"
4072,鍛錬を重ねることで、進化し{j}続けるといわれる重弩。{j}{c06}爆撃弾{/c}に対応。{c05}≪進化武器≫{/c},"Through repeated training, a Heavy Bowgun said to evolve{j}continuously.{j}Supports{c06}Explosive Ammo{/c}.{c05}≪Evolution Weapon≫{/c}"
4073,鍛錬を重ねることで、進化し{j}続けるといわれる重弩。{j}{c06}雷爆撃弾{/c}に対応。{c05}≪進化武器≫{/c},A Heavy Bowgun said to continue evolving through repeated training.{j}Supports{c06}Thunder Blast Ammo{/c}.{j}{c05}≪Evolution Weapon≫{/c}
4074,心の闇を喰らい進化をすると{j}いう混沌と絶望に満ちた重弩。{j}{c06}爆撃弾{/c}に対応。{c05}≪進化武器≫{/c},"A Heavy Bowgun called{j}that devours the darkness of the heart and evolves, filled with chaos and despair.{j}Compatible with{c06}Blast Ammo{/c}.{c05}≪Evolution Weapon≫{/c}"
4075,心の闇を喰らい進化をすると{j}いう混沌と絶望に満ちた重弩。{j}{c06}火爆撃弾{/c}に対応。{c05}≪進化武器≫{/c},"A Heavy Bowgun called{j}that devours the darkness of the heart and evolves, filled with chaos and despair.{j}Compatible with{c06}Fire Blast Ammo{/c}.{c05}≪Evolution Weapon≫{/c}"
4076,心の闇を喰らい進化をすると{j}いう混沌と絶望に満ちた重弩。{j}{c06}爆撃弾{/c}に対応。{c05}≪進化武器≫{/c},"A Heavy Bowgun called{j}that devours the darkness of the heart and evolves, filled with chaos and despair.{j}Compatible with{c06}Blast Ammo{/c}.{c05}≪Evolution Weapon≫{/c}"
4077,心の闇を喰らい進化をすると{j}いう混沌と絶望に満ちた重弩。{j}{c06}水爆撃弾{/c}に対応。{c05}≪進化武器≫{/c},"A Heavy Bowgun called{j}that devours the darkness of the heart and evolves, filled with chaos and despair.{j}Compatible with{c06}Water Blast Ammo{/c}.{c05}≪Evolution Weapon≫{/c}"
4078,斑点模様の一つもない、宝石{j}のように美しく凛々しい果実{j}を模した軽銃。,"A Light Bowgun modeled after a fruit{j}that is as beautiful and gallant as a jewel{j}, with not a single spot."
4079,斑点模様の一つもない、宝石{j}のように美しく凛々しい果実{j}を模した軽銃。{c28}≪辿異武器≫{/c},"A Light Bowgun modeled after a fruit{j}that is as beautiful and gallant as a jewel{j}, with not a single spot.{c28}≪Zenith Weapon≫{/c}"
4080,斑点模様の一つもない、宝石{j}のように美しく凛々しい果実{j}を模した軽銃。{c28}≪辿異武器≫{/c},"A Light Bowgun modeled after a fruit{j}that is as beautiful and gallant as a jewel{j}, with not a single spot.{c28}≪Zenith Weapon≫{/c}"
4081,斑点模様の一つもない、宝石{j}のように美しく凛々しい果実{j}を模した軽銃。{c28}≪辿異武器≫{/c},"A Light Bowgun modeled after a fruit{j}that is as beautiful and gallant as a jewel{j}, with not a single spot.{c28}≪Zenith Weapon≫{/c}"
4082,斑点模様の一つもない、宝石{j}のように美しく凛々しい果実{j}を模した軽銃。{c28}≪辿異武器≫{/c},"A Light Bowgun modeled after a fruit{j}that is as beautiful and gallant as a jewel{j}, with not a single spot.{c28}≪Zenith Weapon≫{/c}"
4083,爆霧竜の素材を使用した弓。{j}当たると爆ぜるので的中が{j}視認しやすい。{c28}≪辿異武器≫{/c},"A Bow made from Blast Mist Wyvern materials.{j}Its arrows burst on impact, making{j}hits easy to spot.{c28}≪Zenith Weapon≫{/c}"
4084,爆霧竜の素材を使用した弓。{j}当たると爆ぜるので的中が{j}視認しやすい。{c28}≪辿異武器≫{/c},"A Bow made from Blast Mist Wyvern materials.{j}Its arrows burst on impact, making{j}hits easy to spot.{c28}≪Zenith Weapon≫{/c}"
4085,爆霧竜の素材を使用した弓。{j}当たると爆ぜるので的中が{j}視認しやすい。{c28}≪辿異武器≫{/c},"A Bow made from Blast Mist Wyvern materials.{j}Its arrows burst on impact, making{j}hits easy to spot.{c28}≪Zenith Weapon≫{/c}"
4086,爆霧竜の素材を使用した弓。{j}当たると爆ぜるので的中が{j}視認しやすい。{c28}≪辿異武器≫{/c},"A Bow made from Blast Mist Wyvern materials.{j}Its arrows burst on impact, making{j}hits easy to spot.{c28}≪Zenith Weapon≫{/c}"
4087,天廊にて発見された未知の{j}技術を駆使して造られた武器。{j}拡張性に優れる。{c19}≪天廊武器≫{/c},A weapon forged by applying unknown{j}technology discovered in the Sky Corridor.{j}It has outstanding expandability.{c19}≪Sky Corridor Weapon≫{/c}
4088,天廊にて発見された未知の{j}技術を駆使して造られた武器。{j}拡張性に優れる。{c19}≪天廊武器≫{/c},A weapon forged by applying unknown{j}technology discovered in the Sky Corridor.{j}It has outstanding expandability.{c19}≪Sky Corridor Weapon≫{/c}
4089,天廊にて発見された未知の{j}技術を駆使して造られた武器。{j}拡張性に優れる。{c19}≪天廊武器≫{/c},A weapon forged by applying unknown{j}technology discovered in the Sky Corridor.{j}It has outstanding expandability.{c19}≪Sky Corridor Weapon≫{/c}
4090,秘められた力を、見るだけで{j}感じ取れる、不思議な模様の{j}弓。,The hidden power it holds can be{j}sensed with a single glance--a Bow{j}of mysterious pattern.
4091,秘められた力を、見るだけで{j}感じ取れる、不思議な模様の{j}弓。,The hidden power it holds can be{j}sensed with a single glance--a Bow{j}of mysterious pattern.
4092,秘められた力を、見るだけで{j}感じ取れる、不思議な模様の{j}弓。,The hidden power it holds can be{j}sensed with a single glance--a Bow{j}of mysterious pattern.
4093,秘められた力を、見るだけで{j}感じ取れる、不思議な模様の{j}弓。{c11}≪ＨＣ武器≫{/c},"Just by looking at it,{j}you can sense the hidden power within this{j}Bow of mysterious pattern.{c11}«HC Weapon»{/c}"
4094,秘められた力を、見るだけで{j}感じ取れる、不思議な模様の{j}弓。,The hidden power it holds can be{j}sensed with a single glance--a Bow{j}of mysterious pattern.
4095,秘められた力を、見るだけで{j}感じ取れる、不思議な模様の{j}弓。{c28}≪辿異武器≫{/c},"Just by looking at it,{j}you can sense the hidden power within this{j}Bow of mysterious pattern.{c28}«Zenith Weapon»{/c}"
4096,用いた時の自らの勇姿が、{j}見るだけでイメージできる{j}弓。,"A Bow. Just by{j}looking at it, you can picture{j}your own gallant figure wielding it."
4097,用いた時の自らの勇姿が、{j}見るだけでイメージできる{j}弓。,"A Bow. Just by{j}looking at it, you can picture{j}your own gallant figure wielding it."
4098,用いた時の自らの勇姿が、{j}見るだけでイメージできる{j}弓。,"A Bow. Just by{j}looking at it, you can picture{j}your own gallant figure wielding it."
4099,用いた時の自らの勇姿が、{j}見るだけでイメージできる{j}弓。{c11}≪ＨＣ武器≫{/c},"A Bow. Just by{j}looking at it, you can picture{j}your own gallant figure wielding it.{c11}≪HC Weapon≫{/c}"
4100,用いた時の自らの勇姿が、{j}見るだけでイメージできる{j}弓。,"A Bow. Just by{j}looking at it, you can picture{j}your own gallant figure wielding it."
4101,用いた時の自らの勇姿が、{j}見るだけでイメージできる{j}弓。{c28}≪辿異武器≫{/c},"A Bow. Just by{j}looking at it, you can picture{j}your own gallant figure wielding it.{c28}≪Zenith Weapon≫{/c}"
4102,遠方で千の軍勢に匹敵する{j}と言われている兵器を模し{j}た軽弩。{c28}≪辿異武器≫{/c},"A Light Bowgun modeled{j}after a weapon said to be{j}, matching a thousand troops in distant lands.{c28}≪Zenith Weapon≫{/c}"
4103,この武器が可愛く思えてくる{j}と免許皆伝だと言われている。{j}{c28}≪辿異武器≫{/c},"It is said that when this weapon starts to look cute to you,{j}you have achieved full mastery.{j}{c28}≪Zenith Weapon≫{/c}"
4104,元の兵器は文字通り一騎当千、{j}単騎で千の敵を打ち破ると{j}言われている。{c28}≪辿異武器≫{/c},"The original weapon was literally a match for a thousand,{j}said to strike down a thousand foes{j}single-handedly.{c28}≪Zenith Weapon≫{/c}"
4105,現役を退いた後も多くの者{j}から愛されている、稀有な{j}武器という。{c28}≪辿異武器≫{/c},"An exceedingly rare{j}weapon, said to be loved by many{j}even after it steps down from the front lines.{c28}≪Zenith Weapon≫{/c}"
4106,遠方で千の軍勢に匹敵する{j}と言われている兵器を模し{j}た軽弩。,"A Light Bowgun modeled{j}after a weapon said to be{j}, matching a thousand troops in distant lands."
4107,ゴルガノスがモチーフの{j}ヘビィボウガン。鱗まで再現{j}されている。{c28}≪辿異武器≫{/c},A{j}Heavy Bowgun themed after Gorgonoth. Even the scales are{j}reproduced.{c28}≪Zenith Weapon≫{/c}
4108,ゴルガノスがモチーフの{j}ヘビィボウガン。こいつは{j}すごい！{c28}≪辿異武器≫{/c},A{j}Heavy Bowgun themed after Gorgonoth. This one is{j}amazing!{c28}≪Zenith Weapon≫{/c}
4109,ゴルガノスがモチーフの{j}ヘビィボウガン。小粋な{j}出来栄え。{c28}≪辿異武器≫{/c},A{j}Heavy Bowgun themed after Gorgonoth. A stylish{j}finish.{c28}≪Zenith Weapon≫{/c}
4110,過剰性能で誰も扱えなかった{j}本来の性能を取り戻した真の{j}ゴルカノン。{c28}≪辿異武器≫{/c},"Having regained{j}its original performance that no one could handle due to its excessive power, the true{j}Gorcanon.{c28}≪Zenith Weapon≫{/c}"
4111,アルガノスがモチーフの{j}ヘビィボウガン。鱗まで再現{j}されている。{c28}≪辿異武器≫{/c},A{j}Heavy Bowgun with an Arganos motif. Even the scales are reproduced{j}.{c28}≪Zenith Weapon≫{/c}
4112,アルガノスがモチーフの{j}ヘビィボウガン。こいつは{j}すごい！{c28}≪辿異武器≫{/c},A{j}Heavy Bowgun modeled after Alganos. This one is{j}amazing!{c28}≪Zenith Weapon≫{/c}
4113,アルガノスがモチーフの{j}ヘビィボウガン。小粋な{j}出来栄え。{c28}≪辿異武器≫{/c},A{j}Heavy Bowgun modeled after Alganos. A stylish{j}finish.{c28}≪Zenith Weapon≫{/c}
4114,過剰性能で誰も扱えなかった{j}本来の性能を取り戻した真の{j}アルカノン。{c28}≪辿異武器≫{/c},"Having regained{j}its original performance that no one could handle due to its excessive power, the true{j}Arcanon.{c28}≪Zenith Weapon≫{/c}"
4115,小鳥の姿を模した銃身が{j}可愛い樽型の重弩。女性{j}を中心に人気だ。,A cute barrel-shaped Heavy Bowgun whose barrel{j}mimics a small bird. Popular mainly{j}among women.
4116,小鳥の姿を模した銃身が{j}可愛い樽型の重弩。女性{j}を中心に人気だ。,A cute barrel-shaped Heavy Bowgun whose barrel{j}mimics a small bird. Popular mainly{j}among women.
4117,小鳥の姿を模した銃身が{j}可愛い樽型の重弩。女性{j}を中心に人気だ。,A cute barrel-shaped Heavy Bowgun whose barrel{j}mimics a small bird. Popular mainly{j}among women.
4118,小鳥の姿を模した銃身が{j}可愛い樽型の重弩。女性{j}を中心に人気だ。{c11}≪ＨＣ武器≫{/c},A cute barrel-shaped Heavy Bowgun whose barrel{j}mimics a small bird. Popular mainly{j}among women.{c11}≪HC Weapon≫{/c}
4119,小鳥の姿を模した銃身が{j}可愛い樽型の重弩。女性{j}を中心に人気だ。,A cute barrel-shaped Heavy Bowgun whose barrel{j}mimics a small bird. Popular mainly{j}among women.
4120,小鳥の姿を模した銃身が{j}可愛い樽型の重弩。女性{j}を中心に人気だ。{c28}≪辿異武器≫{/c},A cute barrel-shaped Heavy Bowgun whose barrel{j}mimics a small bird. Popular mainly{j}among women.{c28}≪Zenith Weapon≫{/c}
4121,喰血竜の素材を用いた軽弩。{j}喰血竜を究めた者のみが{j}扱える代物。{c28}≪辿異武器≫{/c},A Light Bowgun made from the materials of a Bloodthirst Dragon.{j}Only one who has mastered the Bloodthirst Dragon{j}can wield this piece.{c28}≪Zenith Weapon≫{/c}
4122,喰血竜の素材を用いた軽弩。{j}喰血竜を究めた者のみが{j}扱える代物。{c28}≪辿異武器≫{/c},A Light Bowgun made from the materials of a Bloodthirst Dragon.{j}Only one who has mastered the Bloodthirst Dragon{j}can wield this piece.{c28}≪Zenith Weapon≫{/c}
4123,喰血竜の素材を用いた軽弩。{j}喰血竜を究めた者のみが{j}扱える代物。{c28}≪辿異武器≫{/c},A Light Bowgun made from the materials of a Bloodthirst Dragon.{j}Only one who has mastered the Bloodthirst Dragon{j}can wield this piece.{c28}≪Zenith Weapon≫{/c}
4124,喰血竜の素材を用いた軽弩。{j}喰血竜を究めた者のみが{j}扱える代物。{c28}≪辿異武器≫{/c},A Light Bowgun made from the materials of a Bloodthirst Dragon.{j}Only one who has mastered the Bloodthirst Dragon{j}can wield this piece.{c28}≪Zenith Weapon≫{/c}
4125,喰血竜の素材を用いた重弩。{j}貪欲な心が開放されてとても{j}危険度が増す。{c28}≪辿異武器≫{/c},"A Heavy Bowgun made from the materials of a Bloodthirst Dragon.{j}With its greedy heart unleashed, it grows{j}far more dangerous.{c28}≪Zenith Weapon≫{/c}"
4126,喰血竜の素材を用いた重弩。{j}貪欲な心が開放されてとても{j}危険度が増す。{c28}≪辿異武器≫{/c},"A Heavy Bowgun made from the materials of a Bloodthirst Dragon.{j}With its greedy heart unleashed, it grows{j}far more dangerous.{c28}≪Zenith Weapon≫{/c}"
4127,喰血竜の素材を用いた重弩。{j}貪欲な心が開放されてとても{j}危険度が増す。{c28}≪辿異武器≫{/c},"A Heavy Bowgun made from the materials of a Bloodthirst Dragon.{j}With its greedy heart unleashed, it grows{j}far more dangerous.{c28}≪Zenith Weapon≫{/c}"
4128,喰血竜の素材を用いた重弩。{j}貪欲な心が開放されてとても{j}危険度が増す。{c28}≪辿異武器≫{/c},"A Heavy Bowgun made from the materials of a Bloodthirst Dragon.{j}With its greedy heart unleashed, it grows{j}far more dangerous.{c28}≪Zenith Weapon≫{/c}"
4129,龍を司る装飾が施された軽弩。{j}儀礼用だが実用性も兼ね備え{j}た逸品。{c28}≪辿異武器≫{/c},A Light Bowgun decorated with ornaments that rule over dragons.{j}A masterpiece that is ceremonial but also practical.{j}{c28}≪Zenith Weapon≫{/c}
4130,龍を司る装飾が施された軽弩。{j}儀礼用だが実用性も兼ね備え{j}た逸品。{c28}≪辿異武器≫{/c},A Light Bowgun decorated with ornaments that rule over dragons.{j}A masterpiece that is ceremonial but also practical.{j}{c28}≪Zenith Weapon≫{/c}
4131,龍を司る装飾が施された軽弩。{j}儀礼用だが実用性も兼ね備え{j}た逸品。{c28}≪辿異武器≫{/c},A Light Bowgun decorated with ornaments that rule over dragons.{j}A masterpiece that is ceremonial but also practical.{j}{c28}≪Zenith Weapon≫{/c}
4132,龍を司る装飾が施された軽弩。{j}儀礼用だが実用性も兼ね備え{j}た逸品。{c28}≪辿異武器≫{/c},A Light Bowgun decorated with ornaments that rule over dragons.{j}A masterpiece that is ceremonial but also practical.{j}{c28}≪Zenith Weapon≫{/c}
4133,龍を司る装飾が施された重弩。{j}儀礼用だが実用性も兼ね備え{j}た逸品。{c28}≪辿異武器≫{/c},"A Heavy Bowgun adorned with dragon-ruling ornamentation.{j}Though ceremonial, it is{j}a masterpiece that boasts true practicality.{c28}≪Zenith Weapon≫{/c}"
4134,龍を司る装飾が施された重弩。{j}儀礼用だが実用性も兼ね備え{j}た逸品。{c28}≪辿異武器≫{/c},"A Heavy Bowgun adorned with dragon-ruling ornamentation.{j}Though ceremonial, it is{j}a masterpiece that boasts true practicality.{c28}≪Zenith Weapon≫{/c}"
4135,龍を司る装飾が施された重弩。{j}儀礼用だが実用性も兼ね備え{j}た逸品。{c28}≪辿異武器≫{/c},"A Heavy Bowgun adorned with dragon-ruling ornamentation.{j}Though ceremonial, it is{j}a masterpiece that boasts true practicality.{c28}≪Zenith Weapon≫{/c}"
4136,龍を司る装飾が施された重弩。{j}儀礼用だが実用性も兼ね備え{j}た逸品。{c28}≪辿異武器≫{/c},"A Heavy Bowgun adorned with dragon-ruling ornamentation.{j}Though ceremonial, it is{j}a masterpiece that boasts true practicality.{c28}≪Zenith Weapon≫{/c}"
4137,龍を司る装飾が施された弓。{j}儀礼用だが実用性も兼ね備え{j}た逸品。{c28}≪辿異武器≫{/c},A Bow decorated with ornaments that rule over dragons.{j}A masterpiece that is ceremonial but also practical.{j}{c28}≪Zenith Weapon≫{/c}
4138,龍を司る装飾が施された弓。{j}儀礼用だが実用性も兼ね備え{j}た逸品。{c28}≪辿異武器≫{/c},A Bow decorated with ornaments that rule over dragons.{j}A masterpiece that is ceremonial but also practical.{j}{c28}≪Zenith Weapon≫{/c}
4139,龍を司る装飾が施された弓。{j}儀礼用だが実用性も兼ね備え{j}た逸品。{c28}≪辿異武器≫{/c},A Bow decorated with ornaments that rule over dragons.{j}A masterpiece that is ceremonial but also practical.{j}{c28}≪Zenith Weapon≫{/c}
4140,龍を司る装飾が施された弓。{j}儀礼用だが実用性も兼ね備え{j}た逸品。{c28}≪辿異武器≫{/c},A Bow decorated with ornaments that rule over dragons.{j}A masterpiece that is ceremonial but also practical.{j}{c28}≪Zenith Weapon≫{/c}
4141,大きな翼は地へ堕ち、{j}天へと這い上がるため進化を{j}繰り返した。,"Its great wings fell to the earth, and{j}to crawl back up to the heavens it repeated{j}its evolution."
4142,大きな翼は地へ堕ち、{j}天へと這い上がるため進化を{j}繰り返した。{c28}≪辿異武器≫{/c},"Its great wings fell to the earth, and{j}to crawl back up to the heavens it repeated{j}its evolution.{c28}≪Zenith Weapon≫{/c}"
4143,大きな翼は地へ堕ち、{j}天へと這い上がるため進化を{j}繰り返した。{c28}≪辿異武器≫{/c},"Its great wings fell to the earth, and{j}to crawl back up to the heavens it repeated{j}its evolution.{c28}≪Zenith Weapon≫{/c}"
4144,大きな翼は地へ堕ち、{j}天へと這い上がるため進化を{j}繰り返した。{c28}≪辿異武器≫{/c},"Its great wings fell to the earth, and{j}to crawl back up to the heavens it repeated{j}its evolution.{c28}≪Zenith Weapon≫{/c}"
4145,大きな翼は地へ堕ち、{j}天へと這い上がるため進化を{j}繰り返した。{c28}≪辿異武器≫{/c},"Its great wings fell to the earth, and{j}to crawl back up to the heavens it repeated{j}its evolution.{c28}≪Zenith Weapon≫{/c}"
4146,東洋ニ存在シタ最古ノ軽弩。{j}最古ノ部族ガ神ト共生シテ{j}イタ。{c28}≪辿異武器≫{/c},The oldest Light Bowgun that existed in the East.{j}The oldest tribe lived in symbiosis{j}with a god.{c28}≪Zenith Weapon≫{/c}
4147,東洋ニ存在シタ最古ノ軽弩。{j}神ワ人ヲ食ベル事ヲ覚エ、部{j}族ハ神ニ抗ッタ。{c28}≪辿異武器≫{/c},"The oldest Light Bowgun that existed in the East.{j}The god learned to devour humans, and the{j}tribe defied the god.{c28}≪Zenith Weapon≫{/c}"
4148,東洋ニ存在シタ最古ノ軽弩。{j}最古ノ部族ハ存亡ヲカケテ命{j}ヲ賭シ、願ッタ。{c28}≪辿異武器≫{/c},The oldest Light Bowgun that existed in the East.{j}The oldest tribe staked its fate and{j}its life upon a wish.{c28}≪Zenith Weapon≫{/c}
4149,東洋ニ存在シタ最古ノ軽弩。{j}部族ノ願イハ叶イ、神ヲ倒シ{j}神ガ生マレタ。{c28}≪辿異武器≫{/c},"The oldest Light Bowgun that existed in the East.{j}The tribe's wish was granted, the god was slain,{j}and a god was born.{c28}≪Zenith Weapon≫{/c}"
4150,東洋ニ存在シタ最古ノ弩。{j}最古ノ部族ガ神ト共生シテ{j}イタ。{c28}≪辿異武器≫{/c},The oldest Bowgun that existed in the East.{j}The oldest tribe coexisted{j}with the god.{c28}≪Zenith Weapon≫{/c}
4151,東洋ニ存在シタ最古ノ弩。{j}神ワ人ヲ食ベル事ヲ覚エ、部{j}族ハ神ニ抗ッタ。{c28}≪辿異武器≫{/c},"The oldest Bowgun that existed in the East.{j}The god learned to eat people, and the tribe{j}resisted the god.{c28}≪Zenith Weapon≫{/c}"
4152,東洋ニ存在シタ最古ノ弩。{j}最古ノ部族ハ存亡ヲカケテ命{j}ヲ賭シ、願ッタ。{c28}≪辿異武器≫{/c},"The oldest Bowgun that existed in the East.{j}The oldest tribe, risking their survival, staked their lives{j}and prayed.{c28}≪Zenith Weapon≫{/c}"
4153,東洋ニ存在シタ最古ノ弩。{j}部族ノ願イハ叶イ、神ヲ倒シ{j}神ガ生マレタ。{c28}≪辿異武器≫{/c},"The oldest Bowgun that existed in the East.{j}The tribe's wish was granted, they defeated the god{j}and a god was born.{c28}≪Zenith Weapon≫{/c}"
4154,東洋ニ存在シタ最古ノ弓。{j}最古ノ部族ガ神ト共生シテ{j}イタ。{c28}≪辿異武器≫{/c},The oldest Bow that existed in the East.{j}The oldest tribe coexisted{j}with the god.{c28}≪Zenith Weapon≫{/c}
4155,東洋ニ存在シタ最古ノ弓。{j}神ワ人ヲ食ベル事ヲ覚エ、部{j}族ハ神ニ抗ッタ。{c28}≪辿異武器≫{/c},"The oldest Bow that existed in the East.{j}The god learned to eat people, and the tribe{j}resisted the god.{c28}≪Zenith Weapon≫{/c}"
4156,東洋ニ存在シタ最古ノ弓。{j}最古ノ部族ハ存亡ヲカケテ命{j}ヲ賭シ、願ッタ。{c28}≪辿異武器≫{/c},"The oldest Bow that existed in the East.{j}The oldest tribe, risking their survival, staked their lives{j}and prayed.{c28}≪Zenith Weapon≫{/c}"
4157,東洋ニ存在シタ最古ノ弓。{j}部族ノ願イハ叶イ、神ヲ倒シ{j}神ガ生マレタ。{c28}≪辿異武器≫{/c},"The oldest Bow that existed in the East.{j}The tribe's wish was granted, they defeated the god{j}and a god was born.{c28}≪Zenith Weapon≫{/c}"
4158,歌姫の力に共鳴すると、{j}真の力が目覚める。{j}{c15}≪祈歌武器≫{/c},"When it resonates with the Songstress's power,{j}its true strength awakens.{j}{c15}≪Prayer Song Weapon≫{/c}"
4159,歌姫の力に共鳴すると、{j}真の力が目覚める。{j}{c15}≪祈歌武器≫{/c},"When it resonates with the Songstress's power,{j}its true strength awakens.{j}{c15}≪Prayer Song Weapon≫{/c}"
4160,歌姫の力に共鳴すると、{j}真の力が目覚める。{j}{c15}≪祈歌武器≫{/c},"When it resonates with the Songstress's power,{j}its true strength awakens.{j}{c15}≪Prayer Song Weapon≫{/c}"
4161,歌姫の力に共鳴すると、{j}真の力が目覚める。{j}{c15}≪祈歌武器≫{/c},"When it resonates with the Songstress's power,{j}its true strength awakens.{j}{c15}≪Prayer Song Weapon≫{/c}"
4162,歌姫の力に共鳴すると、{j}真の力が目覚める。{j}{c15}≪祈歌武器≫{/c},"When it resonates with the Songstress's power,{j}its true strength awakens.{j}{c15}≪Prayer Song Weapon≫{/c}"
4163,歌姫の力に共鳴すると、{j}真の力が目覚める。{j}{c15}≪祈歌武器≫{/c},"When it resonates with the Songstress's power,{j}its true strength awakens.{j}{c15}≪Prayer Song Weapon≫{/c}"
4164,歌姫の力に共鳴すると、{j}真の力が目覚める。{j}{c15}≪祈歌武器≫{/c},"When it resonates with the Songstress's power,{j}its true strength awakens.{j}{c15}≪Prayer Song Weapon≫{/c}"
4165,歌姫の力に共鳴すると、{j}真の力が目覚める。{j}{c15}≪祈歌武器≫{/c},"When it resonates with the Songstress's power,{j}its true strength awakens.{j}{c15}≪Prayer Song Weapon≫{/c}"
4166,歌姫の力に共鳴すると、{j}真の力が目覚める。{j}{c15}≪祈歌武器≫{/c},"When it resonates with the Songstress's power,{j}its true strength awakens.{j}{c15}≪Prayer Song Weapon≫{/c}"
4167,神聖な装飾が施された軽弩。{j}儀礼用だが実用性も兼ね備え{j}た逸品。{c28}≪辿異武器≫{/c},A Light Bowgun adorned with sacred decorations.{j}A ceremonial piece that also{j}boasts practicality--a rare gem.{c28}≪Zenith Weapon≫{/c}
4168,神聖な装飾が施された軽弩。{j}儀礼用だが実用性も兼ね備え{j}た逸品。{c28}≪辿異武器≫{/c},A Light Bowgun adorned with sacred decorations.{j}A ceremonial piece that also{j}boasts practicality--a rare gem.{c28}≪Zenith Weapon≫{/c}
4169,神聖な装飾が施された軽弩。{j}儀礼用だが実用性も兼ね備え{j}た逸品。{c28}≪辿異武器≫{/c},A Light Bowgun adorned with sacred decorations.{j}A ceremonial piece that also{j}boasts practicality--a rare gem.{c28}≪Zenith Weapon≫{/c}
4170,神聖な装飾が施された軽弩。{j}儀礼用だが実用性も兼ね備え{j}た逸品。{c28}≪辿異武器≫{/c},A Light Bowgun adorned with sacred decorations.{j}A ceremonial piece that also{j}boasts practicality--a rare gem.{c28}≪Zenith Weapon≫{/c}
4171,神聖な装飾が施された重弩。{j}儀礼用だが実用性も兼ね備え{j}た逸品。{c28}≪辿異武器≫{/c},A Heavy Bowgun adorned with sacred decorations.{j}A ceremonial piece that also{j}boasts practicality--a rare gem.{c28}≪Zenith Weapon≫{/c}
4172,神聖な装飾が施された重弩。{j}儀礼用だが実用性も兼ね備え{j}た逸品。{c28}≪辿異武器≫{/c},A Heavy Bowgun adorned with sacred decorations.{j}A ceremonial piece that also{j}boasts practicality--a rare gem.{c28}≪Zenith Weapon≫{/c}
4173,神聖な装飾が施された重弩。{j}儀礼用だが実用性も兼ね備え{j}た逸品。{c28}≪辿異武器≫{/c},A Heavy Bowgun adorned with sacred decorations.{j}A ceremonial piece that also{j}boasts practicality--a rare gem.{c28}≪Zenith Weapon≫{/c}
4174,神聖な装飾が施された重弩。{j}儀礼用だが実用性も兼ね備え{j}た逸品。{c28}≪辿異武器≫{/c},A Heavy Bowgun adorned with sacred decorations.{j}A ceremonial piece that also{j}boasts practicality--a rare gem.{c28}≪Zenith Weapon≫{/c}
4175,神聖な装飾が施された弓。{j}儀礼用だが実用性も兼ね備え{j}た逸品。{c28}≪辿異武器≫{/c},A Bow adorned with sacred ornamentation.{j}A ceremonial piece that also{j}combines practicality. A true masterpiece.{c28}≪Zenith Weapon≫{/c}
4176,神聖な装飾が施された弓。{j}儀礼用だが実用性も兼ね備え{j}た逸品。{c28}≪辿異武器≫{/c},A Bow adorned with sacred ornamentation.{j}A ceremonial piece that also{j}combines practicality. A true masterpiece.{c28}≪Zenith Weapon≫{/c}
4177,神聖な装飾が施された弓。{j}儀礼用だが実用性も兼ね備え{j}た逸品。{c28}≪辿異武器≫{/c},A Bow adorned with sacred ornamentation.{j}A ceremonial piece that also{j}combines practicality. A true masterpiece.{c28}≪Zenith Weapon≫{/c}
4178,神聖な装飾が施された弓。{j}儀礼用だが実用性も兼ね備え{j}た逸品。{c28}≪辿異武器≫{/c},A Bow adorned with sacred ornamentation.{j}A ceremonial piece that also{j}combines practicality. A true masterpiece.{c28}≪Zenith Weapon≫{/c}
4179,太古より伝わる、遠国の王の{j}伝承を元に作成された軽弩。{j}かつて世界を救ったという。,"A Light Bowgun created based on the legend of a{j}king from a distant land, passed down since ancient{j}times. It is said to have once saved the world."
4180,太古より伝わる、遠国の王の{j}伝承を元に作成された軽弩。{j}かつて世界を救ったという。,"A Light Bowgun created based on the legend of a{j}king from a distant land, passed down since ancient{j}times. It is said to have once saved the world."
4181,太古より伝わる、遠国の王の{j}伝承を元に作成された軽弩。{j}かつて世界を救ったという。,"A Light Bowgun created based on the legend of a{j}king from a distant land, passed down since ancient{j}times. It is said to have once saved the world."
4182,太古より伝わる、遠国の王の{j}伝承を元に作成された軽弩。{j}{c11}≪ＨＣ武器≫{/c},"A Light Bowgun created based on the{j}legend of a king from a distant land, passed down since ancient times.{j}{c11}≪HC Weapon≫{/c}"
4183,太古より伝わる、遠国の王の{j}伝承を元に作成された軽弩。{j}かつて世界を救ったという。,"A Light Bowgun created based on the legend of a{j}king from a distant land, passed down since ancient{j}times. It is said to have once saved the world."
4184,太古より伝わる、遠国の王の{j}伝承を元に作成された軽弩。{j}{c28}≪辿異武器≫{/c},"A Light Bowgun created based on the{j}legend of a king from a distant land, passed down since ancient times.{j}{c28}≪Zenith Weapon≫{/c}"
4185,太古より伝わる、遠国の王の{j}伝承を元に作成された重弩。{j}かつて世界を救ったという。,"A Heavy Bowgun created based on the legend of a{j}king from a distant land, passed down since ancient{j}times. It is said to have once saved the world."
4186,太古より伝わる、遠国の王の{j}伝承を元に作成された重弩。{j}かつて世界を救ったという。,"A Heavy Bowgun created based on the legend of a{j}king from a distant land, passed down since ancient{j}times. It is said to have once saved the world."
4187,太古より伝わる、遠国の王の{j}伝承を元に作成された重弩。{j}かつて世界を救ったという。,"A Heavy Bowgun created based on the legend of a{j}king from a distant land, passed down since ancient{j}times. It is said to have once saved the world."
4188,太古より伝わる、遠国の王の{j}伝承を元に作成された重弩。{j}{c11}≪ＨＣ武器≫{/c},"A Heavy Bowgun created based on the{j}legend of a king from a distant land, passed down since ancient times.{j}{c11}≪HC Weapon≫{/c}"
4189,太古より伝わる、遠国の王の{j}伝承を元に作成された重弩。{j}かつて世界を救ったという。,"A Heavy Bowgun created based on the legend of a{j}king from a distant land, passed down since ancient{j}times. It is said to have once saved the world."
4190,太古より伝わる、遠国の王の{j}伝承を元に作成された重弩。{j}{c28}≪辿異武器≫{/c},"A Heavy Bowgun created based on the{j}legend of a king from a distant land, passed down since ancient times.{j}{c28}≪Zenith Weapon≫{/c}"
4191,太古より伝わる、遠国の王の{j}伝承を元に作成された弓。{j}かつて世界を救ったという。,"A Bow forged from the legend of a distant land's{j}king, passed down since ancient times. It is said{j}to have once saved the world."
4192,太古より伝わる、遠国の王の{j}伝承を元に作成された弓。{j}かつて世界を救ったという。,"A Bow forged from the legend of a distant land's{j}king, passed down since ancient times. It is said{j}to have once saved the world."
4193,太古より伝わる、遠国の王の{j}伝承を元に作成された弓。{j}かつて世界を救ったという。,"A Bow forged from the legend of a distant land's{j}king, passed down since ancient times. It is said{j}to have once saved the world."
4194,太古より伝わる、遠国の王の{j}伝承を元に作成された弓。{j}{c11}≪ＨＣ武器≫{/c},"A Bow forged from the{j}legend of a distant land's king, passed down since ancient times.{j}{c11}≪HC Weapon≫{/c}"
4195,太古より伝わる、遠国の王の{j}伝承を元に作成された弓。{j}かつて世界を救ったという。,"A Bow forged from the legend of a distant land's{j}king, passed down since ancient times. It is said{j}to have once saved the world."
4196,太古より伝わる、遠国の王の{j}伝承を元に作成された弓。{j}{c28}≪辿異武器≫{/c},"A Bow forged from the{j}legend of a distant land's king, passed down since ancient times.{j}{c28}≪Zenith Weapon≫{/c}"
4197,旧来より伝わる、遠国の王の{j}伝説を元に作成された軽弩。{j}かつて世界を統べたという。,"A Light Bowgun forged from the ancient legend of{j}, king of a distant land.{j}It is said to have once ruled the world."
4198,旧来より伝わる、遠国の王の{j}伝説を元に作成された軽弩。{j}かつて世界を統べたという。,"A Light Bowgun forged from the ancient legend of{j}, king of a distant land.{j}It is said to have once ruled the world."
4199,旧来より伝わる、遠国の王の{j}伝説を元に作成された軽弩。{j}かつて世界を統べたという。,"A Light Bowgun forged from the ancient legend of{j}, king of a distant land.{j}It is said to have once ruled the world."
4200,旧来より伝わる、遠国の王の{j}伝説を元に作成された軽弩。{j}{c11}≪ＨＣ武器≫{/c},"A Light Bowgun forged from the ancient legend of{j}, king of a distant land.{j}{c11}≪HC Weapon≫{/c}"
4201,旧来より伝わる、遠国の王の{j}伝説を元に作成された軽弩。{j}かつて世界を統べたという。,"A Light Bowgun forged from the ancient legend of{j}, king of a distant land.{j}It is said to have once ruled the world."
4202,旧来より伝わる、遠国の王の{j}伝説を元に作成された軽弩。{j}{c28}≪辿異武器≫{/c},"A Light Bowgun forged from the ancient legend of{j}, king of a distant land.{j}{c28}≪Zenith Weapon≫{/c}"
4203,旧来より伝わる、遠国の王の{j}伝説を元に作成された重弩。{j}かつて世界を統べたという。,"A Heavy Bowgun forged from the ancient legend of{j}, king of a distant land.{j}It is said to have once ruled the world."
4204,旧来より伝わる、遠国の王の{j}伝説を元に作成された重弩。{j}かつて世界を統べたという。,"A Heavy Bowgun forged from the ancient legend of{j}, king of a distant land.{j}It is said to have once ruled the world."
4205,旧来より伝わる、遠国の王の{j}伝説を元に作成された重弩。{j}かつて世界を統べたという。,"A Heavy Bowgun forged from the ancient legend of{j}, king of a distant land.{j}It is said to have once ruled the world."
4206,旧来より伝わる、遠国の王の{j}伝説を元に作成された重弩。{j}{c11}≪ＨＣ武器≫{/c},"A Heavy Bowgun forged from the ancient legend of{j}, king of a distant land.{j}{c11}≪HC Weapon≫{/c}"
4207,旧来より伝わる、遠国の王の{j}伝説を元に作成された重弩。{j}かつて世界を統べたという。,"A Heavy Bowgun forged from the ancient legend of{j}, king of a distant land.{j}It is said to have once ruled the world."
4208,旧来より伝わる、遠国の王の{j}伝説を元に作成された重弩。{j}{c28}≪辿異武器≫{/c},"A Heavy Bowgun forged from the ancient legend of{j}, king of a distant land.{j}{c28}≪Zenith Weapon≫{/c}"
4209,旧来より伝わる、遠国の王の{j}伝説を元に作成された弓。{j}かつて世界を統べたという。,"A Bow created based on the legend of a king of a{j}distant land, passed down from ancient times. It is{j}said to have once ruled the world."
4210,旧来より伝わる、遠国の王の{j}伝説を元に作成された弓。{j}かつて世界を統べたという。,"A Bow created based on the legend of a king of a{j}distant land, passed down from ancient times. It is{j}said to have once ruled the world."
4211,旧来より伝わる、遠国の王の{j}伝説を元に作成された弓。{j}かつて世界を統べたという。,"A Bow created based on the legend of a king of a{j}distant land, passed down from ancient times. It is{j}said to have once ruled the world."
4212,旧来より伝わる、遠国の王の{j}伝説を元に作成された弓。{j}{c11}≪ＨＣ武器≫{/c},"A Bow created based on the{j}legend of a king of a distant land, passed down from ancient times.{j}{c11}≪HC Weapon≫{/c}"
4213,旧来より伝わる、遠国の王の{j}伝説を元に作成された弓。{j}かつて世界を統べたという。,"A Bow created based on the legend of a king of a{j}distant land, passed down from ancient times. It is{j}said to have once ruled the world."
4214,旧来より伝わる、遠国の王の{j}伝説を元に作成された弓。{j}{c28}≪辿異武器≫{/c},"A Bow created based on the{j}legend of a king of a distant land, passed down from ancient times.{j}{c28}≪Zenith Weapon≫{/c}"
4215,職人が時間をかけて研磨を{j}重ねた結果、臨界点を突破{j}した重銃。{c28}≪辿異武器≫{/c},A Heavy Bowgun that broke through{j}its critical point after the artisan spent time polishing it{j}repeatedly.{c28}≪Zenith Weapon≫{/c}
4216,職人が時間をかけて研磨を{j}重ねた結果、臨界点を突破{j}した重銃。{c28}≪辿異武器≫{/c},A Heavy Bowgun that broke through{j}its critical point after the artisan spent time polishing it{j}repeatedly.{c28}≪Zenith Weapon≫{/c}
4217,職人が時間をかけて研磨を{j}重ねた結果、臨界点を突破{j}した重銃。{c28}≪辿異武器≫{/c},A Heavy Bowgun that broke through{j}its critical point after the artisan spent time polishing it{j}repeatedly.{c28}≪Zenith Weapon≫{/c}
4218,職人が時間をかけて研磨を{j}重ねた結果、臨界点を突破{j}した重銃。{c28}≪辿異武器≫{/c},A Heavy Bowgun that broke through{j}its critical point after the artisan spent time polishing it{j}repeatedly.{c28}≪Zenith Weapon≫{/c}
4219,重いが強靭な、多殻蟹素材{j}をふんだんに使用した弓。{j}使い勝手がいい。{c28}≪辿異武器≫{/c},A bow that makes generous use of heavy yet tough{j}Carapaceon material.{j}It is easy to handle.{c28}≪Zenith Weapon≫{/c}
4220,重いが強靭な、多殻蟹素材{j}をふんだんに使用した弓。{j}使い勝手がいい。{c28}≪辿異武器≫{/c},A bow that makes generous use of heavy yet tough{j}Carapaceon material.{j}It is easy to handle.{c28}≪Zenith Weapon≫{/c}
4221,重いが強靭な、多殻蟹素材{j}をふんだんに使用した弓。{j}使い勝手がいい。{c28}≪辿異武器≫{/c},A bow that makes generous use of heavy yet tough{j}Carapaceon material.{j}It is easy to handle.{c28}≪Zenith Weapon≫{/c}
4222,重いが強靭な、多殻蟹素材{j}をふんだんに使用した弓。{j}使い勝手がいい。{c28}≪辿異武器≫{/c},A bow that makes generous use of heavy yet tough{j}Carapaceon material.{j}It is easy to handle.{c28}≪Zenith Weapon≫{/c}
